치킨	BBQ치킨	https://bbq.co.kr/	https://bbq.co.kr/images/common/logo.png
치킨	교촌치킨	https://www.kyochon.com/	https://www.kyochon.com/images/common/logo.png
치킨	bhc치킨	https://bhcchicken.global/	https://bhcchicken.global/assets/images/logo.png
치킨	굽네치킨	https://www.goobne.co.kr/	https://www.goobne.co.kr/resources/pc/images/common/logo.png
치킨	또래오래	https://www.toreore.com/	https://www.toreore.com/images/common/logo.png
치킨	가마로강정	http://www.gamaro.co.kr/	http://www.gamaro.co.kr/images/common/logo.png
치킨	자담치킨	https://ejadam.co.kr/	https://ejadam.co.kr/img/common/logo.png
치킨	60계치킨	https://www.60gye.co.kr/	https://www.60gye.co.kr/images/common/logo.png
치킨	푸라닭치킨	https://puradakchicken.com/	https://puradakchicken.com/images/common/logo.png
치킨	처갓집양념치킨	http://www.cheogajip.co.kr/	http://www.cheogajip.co.kr/img/common/logo.png
치킨	네네치킨	https://nenechicken.com/	https://nenechicken.com/images/common/logo.png
치킨	노랑통닭	https://www.norangtongdak.co.kr/	https://www.norangtongdak.co.kr/img/common/logo.png
치킨	페리카나	https://pelicana.co.kr/	https://pelicana.co.kr/images/common/logo.png
치킨	호식이지두마리치킨	http://www.9292.co.kr/	http://www.9292.co.kr/img/common/logo.png
치킨	멕시카나치킨	https://www.mexicana.co.kr/	https://www.mexicana.co.kr/images/common/logo.png
치킨	보드람치킨	http://www.bodram.com/	http://www.bodram.com/images/common/logo.png
치킨	지코바치킨	http://www.gcoba.co.kr/	http://www.gcoba.co.kr/images/common/logo.png
치킨	바른치킨	https://barunchicken.com/	https://barunchicken.com/images/common/logo.png
치킨	순수치킨	http://www.soonsoocharcoaldak.co.kr/	http://www.soonsoocharcoaldak.co.kr/images/common/logo.png
치킨	훌랄라참숯바베큐	http://www.hoolala.co.kr/	http://www.hoolala.co.kr/images/common/logo.png
피자	도미노피자	https://web.dominos.co.kr/	https://web.dominos.co.kr/images/common/logo.png
피자	피자헛	https://www.pizzahut.co.kr/	https://www.pizzahut.co.kr/images/common/logo.png
피자	미스터피자	http://www.mrpizza.co.kr/	http://www.mrpizza.co.kr/images/common/logo.png
피자	반올림피자	https://handmadepizza.co.kr/	https://handmadepizza.co.kr/images/common/logo.png
피자	청년피자	http://youngmanpizza.co.kr/	http://youngmanpizza.co.kr/images/common/logo.png
피자	파파존스	https://www.pji.co.kr/	https://www.pji.co.kr/images/common/logo.png
피자	피자나라치킨공주	https://pncg.co.kr/	https://pncg.co.kr/images/common/logo.png
피자	피자스쿨	http://pizzaschool.net/	http://pizzaschool.net/images/common/logo.png
피자	빽보이피자	https://paikboy.com/	https://paikboy.com/images/common/logo.png
피자	피자마루	http://pizzamaru.co.kr/	http://pizzamaru.co.kr/images/common/logo.png
피자	59쌀피자	http://www.59pizza.co.kr/	http://www.59pizza.co.kr/images/common/logo.png
피자	피자에땅	http://www.pizzaetang.com/	http://www.pizzaetang.com/images/common/logo.png
피자	유로코피자	http://europizza.co.kr/	http://europizza.co.kr/images/common/logo.png
피자	노모어피자	http://nomorepizza.co.kr/	http://nomorepizza.co.kr/images/common/logo.png
피자	고피자	https://gopizza.kr/	https://gopizza.kr/images/common/logo.png
버거	맘스터치	https://momstouch.co.kr/	https://momstouch.co.kr/images/common/logo.png
버거	롯데리아	https://www.lotteria.com/	https://www.lotteria.com/images/common/logo.png
버거	맥도날드	https://www.mcdonalds.co.kr/	https://www.mcdonalds.co.kr/images/common/logo.png
버거	버거킹	https://www.burgerking.co.kr/	https://www.burgerking.co.kr/images/common/logo.png
버거	프랭크버거	https://frankburger.co.kr/	https://frankburger.co.kr/images/common/logo.png
버거	노브랜드버거	https://shinsegaefood.com/nobrandburger/	https://shinsegaefood.com/nobrandburger/images/common/logo.png
버거	쉐이크쉡	https://www.shakeshack.kr/	https://www.shakeshack.kr/images/common/logo.png
버거	GTS버거	http://gtsburger.com/	http://gtsburger.com/images/common/logo.png
분식/떡볶이	동대문엽기떡볶이	https://www.yupdduk.com/	https://www.yupdduk.com/images/common/logo.png
분식/떡볶이	신전떡볶이	https://www.sinjeon.co.kr/	https://www.sinjeon.co.kr/images/common/logo.png
분식/떡볶이	삼첩분식	http://samcheop.com/	http://samcheop.com/images/common/logo.png
분식/떡볶이	청년다방	http://www.youngdabang.com/	http://www.youngdabang.com/images/common/logo.png
분식/떡볶이	응급실국물떡볶이	http://www.eungtteok.grp.kr/	http://www.eungtteok.grp.kr/images/common/logo.png
분식/떡볶이	태리로제떡볶이	http://taerirose.com/	http://taerirose.com/images/common/logo.png
분식/떡볶이	우리할매떡볶이	http://wehalmae.co.kr/	http://wehalmae.co.kr/images/common/logo.png
분식/떡볶이	신참떡볶이	http://sincham.com/	http://sincham.com/images/common/logo.png
분식/떡볶이	국대떡볶이	http://www.kukde.co.kr/	http://www.kukde.co.kr/images/common/logo.png
분식/떡볶이	죠스떡볶이	http://www.jawsfood.co.kr/	http://www.jawsfood.co.kr/images/common/logo.png
분식/떡볶이	감탄떡볶이	http://www.gamtan.co.kr/	http://www.gamtan.co.kr/images/common/logo.png
분식/떡볶이	스쿨푸드	http://www.schoolfood.co.kr/	http://www.schoolfood.co.kr/images/common/logo.png
분식/떡볶이	아딸	http://addal.co.kr/	http://addal.co.kr/images/common/logo.png
분식/떡볶이	고봉민김밥인	https://kobongmin.com/	https://kobongmin.com/images/common/logo.png
분식/떡볶이	바르다김선생	http://www.teacherkim.co.kr/	http://www.teacherkim.co.kr/images/common/logo.png
분식/떡볶이	청담동마녀김밥	http://witchgimbap.co.kr/	http://witchgimbap.co.kr/images/common/logo.png
분식/떡볶이	얌샘김밥	https://www.yumsem.com/	https://www.yumsem.com/images/common/logo.png
족발/보쌈	가장맛있는족발	http://www.jogbal.co.kr/	http://www.jogbal.co.kr/images/common/logo.png
족발/보쌈	원할머니보쌈	https://wonandwon.co.kr/	https://wonandwon.co.kr/images/common/logo.png
족발/보쌈	놀부보쌈	https://www.nolboo.co.kr/	https://www.nolboo.co.kr/images/common/logo.png
족발/보쌈	마왕족발	http://mawangjokbal.com/	http://mawangjokbal.com/images/common/logo.png
족발/보쌈	구구족	http://www.googujok.com/	http://www.googujok.com/images/common/logo.png
족발/보쌈	족발야시장	http://jogbalyasijang.com/	http://jogbalyasijang.com/images/common/logo.png
족발/보쌈	귀한족발	http://kwihan.com/	http://kwihan.com/images/common/logo.png
한식/죽/국밥	본죽	https://www.bonif.co.kr/	https://www.bonif.co.kr/images/common/logo.png
한식/죽/국밥	한솥도시락	https://www.hansot.co.kr/	https://www.hansot.co.kr/images/common/logo.png
한식/죽/국밥	본도시락	https://www.bonif.co.kr/	https://www.bonif.co.kr/images/common/logo.png
한식/죽/국밥	큰맘할매순대국	http://www.halmaesundae.com/	http://www.halmaesundae.com/images/common/logo.png
한식/죽/국밥	보승회관	http://www.boseung.co.kr/	http://www.boseung.co.kr/images/common/logo.png
한식/죽/국밥	한촌설렁탕	http://www.hanchon.kr/	http://www.hanchon.kr/images/common/logo.png
한식/죽/국밥	백채김치찌개	http://www.baekchae.com/	http://www.baekchae.com/images/common/logo.png
한식/죽/국밥	이화수전통육개장	http://ihwasoo.com/	http://ihwasoo.com/images/common/logo.png
한식/죽/국밥	순남시래기	http://soonnam.com/	http://soonnam.com/images/common/logo.png
한식/죽/국밥	채선당행복가마솥밥	http://www.chaesundang.co.kr/	http://www.chaesundang.co.kr/images/common/logo.png
한식/죽/국밥	육수당	http://www.yuksudang.com/	http://www.yuksudang.com/images/common/logo.png
한식/죽/국밥	죽이야기	http://www.jukiyagi.co.kr/	http://www.jukiyagi.co.kr/images/common/logo.png
한식/죽/국밥	땅스부대찌개	https://tsbudae.com/	https://tsbudae.com/images/common/logo.png
한식/죽/국밥	킹콩부대찌개	http://kingkongbudae.co.kr/	http://kingkongbudae.co.kr/images/common/logo.png
중식/마라탕	홍콩반점0410	http://www.theborn.co.kr/	http://www.theborn.co.kr/images/common/logo.png
중식/마라탕	보배반점	http://bobaebanjum.co.kr/	http://bobaebanjum.co.kr/images/common/logo.png
중식/마라탕	이비가짬뽕	http://www.ebiga.co.kr/	http://www.ebiga.co.kr/images/common/logo.png
중식/마라탕	소림마라	http://sorimmara.co.kr/	http://sorimmara.co.kr/images/common/logo.png
중식/마라탕	라화쿵부	http://lahuakuangfu.com/	http://lahuakuangfu.com/images/common/logo.png
중식/마라탕	춘리마라탕	http://chunlimaratang.com/	http://chunlimaratang.com/images/common/logo.png
중식/마라탕	포메인	http://www.phomein.com/	http://www.phomein.com/images/common/logo.png
중식/마라탕	미스사이공	http://www.miss420.co.kr/	http://www.miss420.co.kr/images/common/logo.png
중식/마라탕	에머이	http://www.emoi.co.kr/	http://www.emoi.co.kr/images/common/logo.png
중식/마라탕	탕화쿵푸마라탕	http://tanghuakuangfu.com/	http://tanghuakuangfu.com/images/common/logo.png
일식/돈까스	미소야	http://www.misoya.co.kr/	http://www.misoya.co.kr/images/common/logo.png
일식/돈까스	아비꼬	http://abiko.co.kr/	http://abiko.co.kr/images/common/logo.png
일식/돈까스	코코이찌방야	http://www.kokoichibanya.co.kr/	http://www.kokoichibanya.co.kr/images/common/logo.png
일식/돈까스	역전우동0410	http://www.yjudon.co.kr/	http://www.yjudon.co.kr/images/common/logo.png
