35	해표 꽃소금(1kg)
104	도브 센서티브 뷰티바(4개)
217	존슨즈 베드타임 로션(500ml)
523	썬 부탄가스(4개)
536	청정원 순창 양념듬뿍 쌈장(500g)
538	게토레이 레몬(600ml)
50	쇠고기 등심(1등급, 100g)
265	참이슬 오리지널(360ml)
246	돼지고기 삼겹살(100g)
247	쇠고기 불고기(1+등급, 100g)
248	쇠고기 등심(1+등급, 100g)
254	해표 맑고 신선한 식용유(900ml)
257	백설 하얀설탕(1kg)
225	오뚜기 참기름(320ml)
230	오뚜기 고소한 골드 마요네즈(500g)
233	카스 프레쉬(6캔)
237	삼양라면(5개입)
238	진라면 순한맛(5개입)
239	옛날국수 소면(900g)
241	포스트 콘푸라이트(600g)
144	하림 참진 토종닭백숙(1.05kg)
298	3분 쇠고기카레(200g)
174	비타500(10개입)
302	배추(1.5~2kg)
305	3분 쇠고기짜장(200g)
309	무(줄기 없는 무, 1.5kg)
315	옥수수 마가린(200g)
300	맥심 티오피 마스터 라떼(275ml)
201	매일유업 뼈로가는 칼슘치즈(270g)
334	동서현미녹차(100개입)
422	국순당 우국생(750ml)
423	서울장수생막걸리(750ml)
557	곰표 밀가루 중력다목적용(1kg)
562	해찬들 사계절 쌈장(500g)
624	참이슬 후레쉬(360ml)
821	백설 소면(900g)
832	켈로그 콘푸로스트(600g)
833	3분 백세카레 약간 매운맛(200g)
834	오뚜기밥(210g)
852	샘표 토장(900g)
854	동서 벌꿀(600g)
855	동서 벌꿀(900g)
856	백설 자일로스 설탕(1kg)
869	남양 17차 티백(80개입)
870	달콤한 삼육두유 B(16팩)
876	삼다수(500ml)
878	아이시스(500ml)
894	PACE6 스타일 면도날(4개)
899	2080 파워쉴드 블루더블민트(120g)
900	2080 파워쉴드 블루더블민트(3개)
902	페리오 토탈7 오리지널(3개)
532	오뚜기 크림스프(80g)
224	서울우유 흰우유(1L)
266	처음처럼(360ml)
638	해찬들 100% 태양초 우리쌀 고추장(1kg)
614	참크래커(280g)
830	보노 콘스프(3개입)
872	카스 프레쉬(500ml)
874	삼다수(2L)
881	포카리스웨트(620ml)
891	아이!깨끗해 항균폼 상큼한레몬향(250ml)
905	크린랩 고무장갑 중(2세트)
912	항균 트리오(973ml)
921	갈치(생물, 100g)
924	고등어(생물, 300~500g)
925	오징어(생물, 200~300g)
927	시금치(250~400g)
928	당근(흙당근, 100g)
929	감자(껍질 있는 감자, 100g)
930	고구마(껍질 있는 밤고구마, 100g)
931	양송이버섯(100g)
933	풋고추(100g)
934	애호박
935	대파(흙대파, 500~800g)
141	오뚜기밥(6개입) 
143	코카콜라(1.8L)
157	쇠고기 불고기(1등급, 100g)
243	오뚜기 부침가루(1kg)
253	오뚜기 콩기름(900ml)
14	청정원 맛선생 국내산해물(250g)
120	청정원 고소한 마요네즈(500g)
572	동원참치 라이트스탠다드(150g)
537	해표 순창궁 양념쌈장(500g)
280	순창 100% 현미 태양초 찰고추장(1kg)
333	오뚜기카레 순한맛(100g)
553	신라면(5개입)
570	드봉 스위트로즈(4개)
308	크린랩(22cm x 50m)
759	하이트 엑스트라 콜드(6캔)
681	맥스 부탄가스(4개)
736	맥스웰 하우스 오리지날(180개입)
740	아이시스(2L)
741	스프라이트(1.5L)
757	온더바디 잉글리쉬 아이리스 바디워시(900g)
272	크린랩(30cm x 50m)
696	스페셜K 오리지널(480g)
702	해피바스 오리지널컬렉션 솝 라벤더 비누(4개)
270	백설 고소함가득 참기름(320ml)
295	양파(껍질 있는 망포장, 1.5kg)
282	순창 재래식안심생된장(1kg)
283	오뚜기 딸기잼(500g)
286	오뚜기 토마토 케찹(500g)
291	오뚜기 사과식초(900ml)
292	햇반(210g)
328	메로나(75ml)
332	해찬들 재래식 된장(1kg)
984	오리온 포카칩 오리지널(66g)
989	해태 바밤바(70ml)
991	농심 새우깡(90g)
993	오리온 초코파이(18개입)
1051	홈키파 수성 에어졸(500ml)
1052	컴배트 스피드 에어졸(500ml)
1053	에프킬라 에어로졸 무향(500ml)
1058	오랄비 크로스액션(3개입)
1090	피죤 습기제로(8개입)
1099	순창 100% 현미 태양초 찰고추장(500g)
1149	투게더 오리지널 바닐라(900ml)
1156	들기름 재래 도시락김(12봉)
1180	백설 콩기름(1.5L)
1343	삼다수(2L*6개)
1344	삼다수(500ml*20개)
1381	비비고 왕교자(1.12kg)
1404	틈새라면(5개입)
1409	곰표 우리밀밀가루 중력분(900g)
1410	큐원 중력 밀가루(1kg)
1411	큐원 박력 밀가루(1kg)
1412	큐원 강력 밀가루(1kg)
1413	해표 우리밀 밀가루(750g)
1414	해표 중력 밀가루(1kg)
1416	삼립 미니꿀약과(500g)
1417	담미정약과(200g)
1418	담미정 조청유과(200g)
937	정통 크림빵(3개입)
965	국산콩두부 찌개용(380g)
966	행복한콩 찌개두부(300g)
967	행복한콩 부침두부(300g)
975	청정원 카레여왕 비프카레(160g)
976	오뚜기밥(3개입)
977	햇반(3개입)
1077	오리온 통아몬드 캔디(90g)
1155	양반 들기름김 올리브김 복합기획(16봉)
1200	롯데 빅가나 마일드(110g)
1206	햇반(6개입)
1207	햇반 소프트밀 소고기죽(280g)
1208	햇반 소프트밀 전복죽(280g)
1212	대림 게맛살 큰잔치(300g)
1216	대림선어묵 부산어묵 마당놀이(300g)
1223	백설 구운소금(500g)
1228	국순당 생막걸리(750ml)
1230	테라(500ml)
1237	델몬트 오렌지(1.5L)
1239	바리스타룰스 콜드브루 블랙(325ml)
1240	아카페라 스위트아메리카노(240ml)
1248	떠먹는 불가리스 딸기(4개)
1249	바이오 플레인 요거트(4개)
1250	요플레 오리지널(4개)
1251	불가리스 사과(4개)
1264	의성마늘 한입슬라이스햄(60g)
1266	마미손 고무장갑 중(2세트)
936	마늘(깐마늘, 100g)
943	고구마(껍질 있는 호박고구마, 100g)
944	느타리버섯(100g)
968	삼립호떡 미니꿀호떡(16개입)
970	보노 포르치니버섯스프(3개입)
974	청정원 옛날식 짜장(180g)
1003	비비고 사골곰탕(500g)
1008	햇반 컵반 미역국밥(167g)
1036	깻잎(100g)
1039	양배추
1040	쪽파(흙쪽파)
1072	풀무원 동물복지 목초란(10개)
1073	목초를 먹고 자란 건강한 닭이 낳은 달걀(15개)
1075	CJ 1등급 깨끗한 계란(15개)
1271	피죤 섬유유연제 핑크로즈(2.1L)
1276	테크 실내건조 액체세제(2.7L)
1280	크린롤백(25cm x 35cm)
1286	메소드 주방세제 핑크(532ml)
1292	유한락스 욕실청소용(1800ml)
1303	오가니스트 히말라야 핑크솔트 바디워시 리프레싱 민트향(900g)
1304	도브 뷰티 너리싱 바디워시(1L)
1305	도브 센스티브 스킨 바디워시(1L)
1308	미쟝센 퍼펙트 오리지널 세럼 샴푸(680ml)
1312	랩신 핸드워시 센서티브(250ml)
1317	메디안 치석 치약 오리지널(3개)
939	갈치(냉동, 100g)
940	참조기(200~400g)
941	오징어(냉동, 200~300g)
987	빙그레 떡붕어 싸만코(150ml)
988	돼지바(70ml)
997	식물성 마가린(200g)
1001	오뚜기 옛날 사골곰탕(350g)
1002	오뚜기 옛날 육개장(300g)
1018	켈로그 레드베리 에너지바(4개입)
1019	자유시간(36g)
1021	핫브레이크 오리지널(45g)
1030	롯데 핫식스(250ml)
1146	임페리얼 드림 XO 3단계(800g)
1186	국산콩두부 부침용(380g)
1188	백설 찰밀가루(1kg)
1189	백설 5가지 재료 부침가루(1kg)
1194	롯데 목캔디 허브민트(217g)
1196	포테토칩 오리지날(125g)
1198	해태 오예스(12개입)
1199	롯데 ABC 초코(187g)
1215	오뚜기 컵밥 제육덮밥(310g)
1217	삼호어묵 안심얇은사각(400g)
1218	사조참치 살코기 안심따개(4캔)
1219	동원참치 라이트스탠다드(4캔)
1221	양조간장 501(500ml)
1222	큐원 하얀설탕(1kg)
1224	청정원 미원 맛소금(500g)
1068	롯데 월드콘 바닐라(160ml)
1071	펩시콜라(1.8L)
1100	청정원 카레여왕 구운마늘&amp;양파(108g)
1225	백설 건강발효 사과식초(800ml)
1226	백설 건강발효 현미식초(800ml)
1227	청정원 진한 토마토 케찹(500g)
1229	하이트 엑스트라 콜드(500ml)
1232	달콤한 베지밀 비(16팩)
1235	오로나민C(10개입)
1238	미닛메이드 오렌지(1.5L)
1241	카누 마일드 로스트 아메리카노(30개입)
1242	프렌치카페 카페믹스(220개입)
1243	맥심 모카골드 마일드(200개입)
1244	칠성사이다 제로(1.5L)
1247	이오(5개)
1253	앱솔루트 명작 3단계(800g)
1255	더 건강한 그릴후랑크(600g)
1256	의성마늘 빅그릴 비엔나(600g)
1258	매일우유 오리지널(900ml)
1259	주부9단 프랑크소시지(900g)
1260	덴마크 짜지않은 치즈 오리지널(14매)
1262	드빈치 뼈가튼튼 고칼슘치즈(15매)
1263	스팸 클래식(200g)
1274	때가 쏙 비트 분말세제(6kg)
1279	물먹는하마(3개입)
1281	지퍼락 그립앤실 지퍼백 냉장 소형(50매)
1282	손잡이 크린백(35cm x 45cm)
1283	지퍼락 그립앤실 지퍼백 냉장 중형(20매)
1284	자연퐁 솔잎(490ml)
998	농심 신라면 큰사발면(114g)
999	오뚜기 참깨라면 컵(110g)
1000	팔도 왕뚜껑(110g)
1004	비비고 육개장(500g)
1016	닥터유 에너지바(40g)
1017	닥터유 에너지바(4개입)
1020	자유시간(5개입)
1031	레드불 에너지 드링크(250ml)
1032	몬스터 에너지(355ml)
1037	적상추(100g)
1184	옛날 자른당면(300g)
1185	백설 자른 햇당면(300g)
1288	무균무때 세정제 욕실용(900ml)
1291	홈스타 락스와세제 후로랄파인(750ml)
1294	크리넥스 안심 키친타월(6롤)
1295	가그린 오리지널(750ml)
1296	리스테린 쿨민트(750ml)
1297	닥터아토 트리플 히알루론 모이스춰 로션(310ml)
1298	그린핑거 촉촉한자연보습 베이비로션(320ml)
1301	프로쉴드 옐로우 면도날(4개)
1309	엘라스틴 모로칸 아르간 오일 집중영양 샴푸(680ml)
1311	케라시스 데미지 클리닉 오리지널 샴푸(750ml)
1319	페리오 토탈7 칫솔 힘있는 미세모(4개)
1320	크리넥스 순수소프트 3겹 화장지(30롤)
1324	동원 싱싱맛살 실속(500g)
1326	다우니 고농축 섬유유연제 프레시클린(2L)
1328	페브리즈 상쾌한향(900ml)
1332	청정원 오리엔탈 드레싱(325g)
1333	청정원 발사믹 드레싱(325g)
1336	크리넥스 KF94 라이트핏 마스크 대형(8매)
1338	밥이보약 DOG 튼튼한관절(2kg)
1339	밥이보약 CAT 걱정없는 헤어볼(2kg)
945	오이(백다다기)
1049	유한락스 후레쉬(2L)
1120	돼지고기 목살(100g)
1122	부세(200~400g)
1181	크린지퍼백(18cm x 20cm)
1322	동원 양반 쇠고기죽(287.5g)
1323	동원 양반 전복죽(287.5g)
1325	제주 위트 에일(500ml)
1327	페브리즈 상쾌한향(370ml)
1329	코디 키친타월(6롤)
1341	탕종숙식빵(420g)
1342	비타파워(20개입)
1345	칸타타 프리미엄 라떼(275ml)
1380	머거본 볶음땅콩(300g)
1382	오뚜기 진한 쇠고기미역국밥(314g)
1383	햇반 컵반 철판제육덮밥(256g)
1384	해태 부라보콘 바닐라(160ml)
1385	진간장 금F3(860ml)
1386	복음자리 딸기잼(380g)
1387	파워에이드 마운틴블라스트(600ml)
1388	남양유업 맛있는우유GT(900ml)
1389	파스퇴르우유 후레쉬(900ml)
1391	테크 베이킹소다(6kg)
1392	스파크 분말세제(3kg)
1394	크리넥스 KF-AD 라이트핏 쿨마스크 대형(15매)
1395	CJ 행복한콩 안심아삭 콩나물(380g)
1400	안성탕면(5개입)
1401	너구리(5개입)
1402	열라면(5개입)
1403	진라면 매운맛(5개입)
1406	맛있는라면(5개입)
1407	백설 박력 밀가루(1kg)
1408	백설 중력 밀가루(1kg)
1546	크리넥스 내추럴소프트 미용티슈(270매*6입)
1556	니베아 선 페이스 영에이지 크림(50ml)
1560	모나리자 코튼화이트 3겹(30롤)
1578	96시간 숙성 현미(1kg)
1595	청정원 행복놀이터 동물복지 유정란(15개)
1596	풀무원 동물복지 유정란(10개)
1610	서울우유 체다슬라이스치즈(360g)
1630	움트리 생와사비(120g)
1660	려 함빛 극손상앤영양 샴푸(480ml)
1681	풀무원 얄피꽉찬 쌀물만두(1kg)
1692	씨그램 탄산수 플레인(350ml)
1693	산양분유 시그니처 1단계(800g)
1696	유한락스 레귤러(2L)
1734	폰타나 이탈리아 캄파니아 스파게티(500g)
1738	오뚜기 옛날 볶음참깨(200g)
1741	미쟝센 퍼펙트 세럼 트리트먼트(330ml)
1743	케라시스 데미지 클리닉 오리지널 트리트먼트(300ml)
1747	디펜드 스타일 언더웨어 여성용 파워 대형(8개입)
1759	프렌치카페 카페믹스 스테비아(100개입)
1761	카누 디카페인 아메리카노(30개입)
1768	풀무원 김밥단무지(400g)
1771	청정원 스파게티(500g)
1774	일가집 비타 김밥단무지(400g)
1776	몰리스 쉬야응가 3~4회용 패드(L, 35매)
1779	콜리올리 깔끔하게 쓰는 1회용 패드(M, 100매)
1781	쿤달 허니 앤 마카다미아 헤어 트리트먼트 베이비파우더향(718ml)
1785	햇살드리 수향미(10kg)
1787	청오 유기농 발아 볶음참깨(200g)
1797	오뚜기 후랑크핫도그 오리지널(375g)
1803	CJ 함흥 비빔냉면(2인)
1815	CJ 햇반 스팸김치볶음밥(440g)
1823	롯데 드림카카오 82%(86g)
1827	롯데 후라보노 오리지날(26g)
1828	동원 그릴리 델리햄 김밥용(150g)
1831	더미식 김치콩나물국(350g)
1699	샤프란 아우라 초고농축 섬유유연제 홀리데이판타지(2L)
1703	대일밴드 아쿠아뉴 표준형(20매)
1722	롯데 미니꿀호떡(16개입)
1727	정통 보름달(3개입)
1736	맥심 모카골드 제로슈거(50개입)
1740	려 함빛 극손상앤영양 트리트먼트(300ml)
1742	엘라스틴 아르간오일 데미지 트리트먼트(300ml)
1749	3M 스카치브라이트 물걸레청소포 표준형(20매)
1750	3M 스카치브라이트 물걸레청소포 대형(20매)
1753	롯데 쉐푸드 등심 통돈까스(300g)
1754	풀무원 통등심돈카츠(450g)
1755	동원 퀴진 크리스피 돈까스 통등심(480g)
1760	네스카페 수프리모 골드 마일드 커피믹스(240개입)
1762	맥심 화이트골드 커피믹스(250개입)
1765	스타벅스 네스프레소 하우스 블렌드(57g)
1772	오뚜기 프레스코 스파게티(500g)
1773	백설 파스타(500g)
1775	몰리스픽 반려견 패드(L, 45매)
1778	콜리올리 깔끔하게 쓰는 1회용 패드(L, 40매)
1780	라이프리 안심 언더웨어 일반용 대형(18개입)
1782	임금님표 이천쌀(4kg)
1783	대왕님표 여주 진상미(4kg)
1784	김천 금물쌀(10kg)
1786	경천 시골볶음참깨(230g)
1789	한생 친정엄마 볶음참깨(500g)
1790	흰다리새우(100g)
1791	대하(100g)
1798	CJ 가쓰오우동(4인)
1804	풀무원 평양냉면(4인)
1810	오뚜기 맛있는 국물떡볶이(424g)
1813	하림 용가리치킨(450g)
1816	풀무원 통새우 볶음밥(450g)
1817	오뚜기 맛있는 새우볶음밥(용기, 230g)
1818	풀무원 새콤달콤 유부초밥(330g)
1830	비비고 소고기미역국(500g)
1547	크리넥스 실크소프트 미용티슈(250매*6입)
1550	해피홈 멸균밴드 패턴 표준형(40매)
1551	해피홈 탄력아쿠아밴드 표준형(20매)
1557	바세린 데일리 선크림(50ml)
1559	닥터지 그린라이트 업 선 플러스(35ml)
1563	크리넥스 수프림소프트 3겹 화장지(30롤)
1590	프리미엄 파타고니아 항공직송 생연어 필렛(500g)
1604	롯데 자일리톨 오리지날(100g)
1609	서울우유 체다슬라이스치즈(270g)
1614	쏘피 바디피트 볼록맞춤 중형(36개입)
1616	좋은느낌 유기농순면커버 울트라슬림 날개 중형(36개입)
1618	려 우아채 멋내기새치크림 짙은 갈색(120g)
1627	에스앤비 생와사비(43g)
1661	프릴 시크릿 오브 베이킹소다 퓨어레몬향(700ml)
1683	아이비(309g)
1684	맘마밀 안심이유식 녹황채소와 소고기(100g)
1685	종가 전라도 포기김치(2.8kg)
1686	김밥용 크래미(120g)
1687	사조참치 살코기 안심따개(150g)
1688	오뚜기 가벼운참치 더마일드(4캔)
1690	뉴케어 올프로틴 고소한맛(245ml)
1698	홈스타 맥스프레쉬 욕실용(900ml)
1708	하기스 매직컴포트 특대형 공용 팬티형 5단계(42매)
1711	잘풀리는집 데코 3겹(30롤)
1712	크리넥스 데코엔소프트 3겹(30롤)
1716	노르웨이 생연어 필렛(250g)
1720	고소한옥수수 모닝롤(14개입)
1721	달콤한 정통만쥬(10개입)
1723	단팥이 가득 단팥빵(3개입)
1730	맥심 슈프림골드 커피믹스(170개입)
1737	하선정 4무첨가 김밥단무지(370g)
1739	당찬진미 특등급(10kg)
1744	팬틴 극손상케어 트리트먼트(220ml)
1745	키퍼스 시니어 안심패드 일자형(30개입)
1756	오뚜기 등심돈까스(500g)
1757	고메 바삭튀겨낸 통등심돈카츠(450g)
1767	스타벅스 돌체구스토 하우스 블렌드(102g)
1788	오뚜기 옛날 볶음참깨(100g)
1423	박카스맛 젤리(50g)
1425	오리온 왕꿈틀이(67g)
1426	동원 황도 슬라이스(400g)
1427	오뚜기 황도(400g)
1429	델몬트 후레쉬컷 슬라이스 파인애플(836g)
1430	Dole 파인애플 슬라이스(836g)
1433	아이얌 아기밀 한우표고야채진밥(100g)
1434	처음먹는 단호박 퓨레(80g)
1436	양반 포기김치(1.9kg)
1440	비비고 포기배추김치(2.6kg)
1441	오뚜기 옛날 미역(100g)
1453	햇님마을 영양농산 태양초 고춧가루(1kg)
1457	청정원 서해안 까나리액젓 골드(750g)
1461	아름찬 3년숙성 국산 까나리액젓(1kg)
1462	하선정 멸치액젓 골드(800g)
1466	아름찬 3년숙성 국산 멸치액젓(1kg)
1468	청정원 물엿(1.2kg)
1469	오뚜기 옛날 물엿(1.2kg)
1470	백설 요리 올리고당(1.2kg)
1472	해표 물엿(1.2kg)
1484	해표 카놀라유(900ml)
1485	동원 카놀라유(850ml)
1487	하이뮨 프로틴밸런스(16팩)
1497	빅토리아 탄산수 레몬(500ml)
1501	초정탄산수 플레인(500ml)
1506	상하목장 슬로우버터 무염(100g)
1508	청정원 담백하고 건강한 베이컨(80g)
1509	백설 햄스빌 베이컨(330g)
1511	주부9단 베이컨(180g)
1513	매일 소화가 잘되는 우유(930ml)
1515	서울우유 저지방 우유(1L)
1520	1등급 다향 훈제오리(500g)
1521	스모크델리 훈제오리(500g)
1522	허브를 담은 정다운 훈제오리(400g)
1524	벡셀 알카라인 건전지 AA(4개입)
1525	벡셀 알카라인 건전지 AAA(4개입)
1526	에너자이저 맥스플러스 AA(4개입)
1528	듀라셀 울트라 알카라인 건전지 AA(4개입)
1532	대한웰빙호일(25cm*30m)
1535	니베아 립 모이스춰 케어(4.8g)
1536	니베아 립 에센셜 케어(4.8g)
1538	뉴트로지나 립(2번들)
1541	크리넥스 마이비데 카카오 물티슈(40매)
1543	크리넥스 안심물티슈 캡형(60매)
1561	코디 순백 3겹(30롤)
1562	모나리자 프레시티지 3겹(30롤)
1565	크리넥스 울트라클린 3겹(30롤)
1569	대왕님표 여주 진상미(10kg)
1576	불릴필요없는 현미(2kg)
1589	항공직송 동원생연어(320g)
1594	청정원 자유방목 동물복지 유정란(10개)
1608	백설 그릴 비엔나(560g)
1612	해피바스 정말 순한 바디밀크(400ml)
1615	좋은느낌 오리지널 울트라슬림 날개 중형(36개입)
1624	CJ 동물복지 유정란(15개)
1707	하기스 매직컴포트 중형 공용 밴드형 3단계(72매)
1710	잘풀리는집 깨끗한 순앤순 3겹(30롤)
1746	키퍼스 언더웨어 타입 대형(14개입)
1748	디펜드 스타일 언더웨어 남성용 파워 대형(8개입)
1751	크린랩 물걸레청소포 대형(30매)
1763	카누 돌체구스토 볼드다크로스트(112g)
1766	스타벅스 네스프레소 디카프 에스프레소 로스트(57g)
1770	청정원 김밥용 단무지(400g)
1799	풀무원 정통가쓰오우동(4인)
1801	농심 생생우동(1개입)
1805	풀무원 함흥 비빔냉면(2인)
1808	풀무원 쌀 국물떡볶이(423g)
1809	미정당 쌀 국물떡볶이(401g)
1811	고메 크리스피 너겟(450g)
1822	풀무원 얄피꽉찬 고기만두(800g)
1824	대림 게맛살 큰잔치(216g)
1825	대림선어묵 부산어묵 마당놀이(200g)
1826	삼호어묵 정통어묵탕(336g)
1421	후르트텔라 요구르트향(100g)
1424	비타500 젤리(48g)
1542	크리넥스 수앤수 라이언 물티슈 캡형(80매)
1545	깨끗한나라 순수 소프티 미용티슈(260매*6입)
1555	니베아 퍼펙트 선 세럼(90ml)
1597	풀무원 동물복지 목초란(15개)
1598	CJ 1등급 깨끗한 계란(10개)
1599	청정원 동물복지 청정유정란(15개)
1603	촉촉한 우유식빵(330g)
1617	화이트 수퍼흡수 중형(36개입)
1619	리엔 흑모비책크림염색 자연갈색(120g)
1631	청정원 생와사비(40g)
1663	깨끗한나라 물티슈 캡형(70매*6개입)
1680	고향만두(900g)
1682	일품 해물라면(5개입)
1689	백설 쇠고기 다시다(300g)
1694	주부9단 불고기햄(300g)
1700	퍼실 파워젤 액체 겸용(2.7L)
1701	액츠 퍼펙트 실내건조 겸용(3L)
1705	미쟝센 쉽고빠른거품염색 3N 흑갈색(80g)
1717	항공직송 동원생연어(350g)
1725	버터롤 클래식(21개입)
1752	스카트 물걸레청소포 베이직 표준형(30매)
1764	카누 네스프레소 볼드다크로스트(57g)
1769	대림선 신선한 김밥단무지(400g)
1795	풀무원 올바른 핫도그(525g)
1796	고메 크리스피 핫도그(400g)
1800	오뚜기 가쓰오사누끼우동(4인)
1802	CJ 동치미물냉면(4인)
1806	농심 둥지냉면 동치미물냉면(4개입)
1807	농심 둥지냉면 비빔냉면(4개입)
1812	하림 통가슴살 치킨너겟(500g)
1814	오뚜기 크런치 치킨너겟(480g)
1819	현미(3kg)
1820	CJ 주부초밥왕 롤 새콤달콤 유부초밥(229g)
1821	동원 초밥의달인 롤 유부초밥 고소한맛(254g)
1432	아이꼬야 맘스쿠킹 소고기와두부진밥(100g)
1442	오뚜기 옛날 자른미역(50g)
1444	풀무원 자른미역(50g)
1448	정성식품 오징어젓(400g)
1449	정성식품 백명란젓(300g)
1450	동원 낙지젓(180g)
1454	햇님마을 영양농산 태양초 고춧가루(250g)
1455	친정엄마 순한 고춧가루(200g)
1456	친정엄마 매운 고춧가루(200g)
1458	청정원 서해안 까나리액젓 골드(250g)
1459	하선정 까나리액젓(800g)
1460	하선정 까나리액젓(400g)
1463	하선정 멸치액젓 골드(400g)
1464	청정원 대나무숙성 멸치액젓(750g)
1465	청정원 남해안 멸치액젓 골드(750g)
1467	큐원 요리 올리고당(1.2kg)
1475	백설 갈색설탕(1kg)
1476	백설 브라운 자일로스 설탕(1kg)
1477	백설 흑설탕(1kg)
1478	큐원 갈색설탕(1kg)
1479	큐원 흑설탕(1kg)
1480	동원 포도씨유(850ml)
1482	백설 포도씨유(900ml)
1483	백설 카놀라유(900ml)
1486	오뚜기 카놀라유(900ml)
1489	빙그레 더단백 프로틴 드링크 초코(250ml)
1491	셀렉스 스포츠 웨이프로틴 초콜릿(330ml)
1493	깨수깡(160ml)
1494	여명808(140ml)
1495	컨디션 헛개(100ml)
1500	트레비 탄산수 플레인(500ml)
1502	서울우유 버터(450g)
1504	파스퇴르 프리미엄 홈버터(450g)
1507	파오리 그란본따 무염 버터(250g)
1512	전G베이컨(200g)
1514	매일우유 저지방 1%(900ml)
1516	덴마크 산양우유(750ml)
1517	덴마크 대니쉬우유 오리지널(900ml)
1518	남양 아인슈타인 무항생제 우유(900ml)
1523	의성마늘 훈제오리 슬라이스(400g)
1527	에너자이저 맥스 AAA(4개입)
1530	e-쿠킹호일(25cm*30m)
1420	하리보 골드베렌 젤리(250g)
1422	더 탱글 마이구미(372.4g)
1431	맘마밀 안심이유식 표고버섯과소고기(100g)
1446	한성 오징어젓갈(150g)
1447	한성 낙지젓갈(150g)
1473	청정원 유기농 흑설탕(454g)
1474	청정원 유기농 황설탕(454g)
1481	해표 포도씨유(900ml)
1503	폰테라 앵커버터(227g)
1505	알라 무염버터(400g)
1510	백설 햄스빌 두툼한 굿베이컨(340g)
1529	듀라셀 울트라 알카라인 건전지 AAA(4개입)
1533	크린 종이호일(25cm*20m)
1534	대한웰빙호일(30cm*30m)
1537	바세린 립테라피 스틱 오리지널(4.8g)
1539	피지오겔 DMT 마일드 립밤(4.2g)
1540	닥터아토 손소독티슈(20매)
1548	코디 해피퍼피 미용티슈(250매*6입)
1549	코디 내추럴 미용티슈(230매*6입)
1554	대일밴드 혼합형(21매)
1558	닥터지 브라이트닝 업 선 플러스(35ml)
1564	크리넥스 클린케어 3겹(30롤)
1568	임금님표 이천쌀 특등급(10kg)
1570	바른고을 의성진쌀(10kg)
1571	당진 해나루쌀 특등급(10kg)
1572	철원 오대쌀(10kg)
1592	바로 먹는 그라브락스 연어(150g)
1600	바프 허니버터아몬드(120g)
1605	몽쉘 생크림케이크 오리지널(408g)
1607	매일두유 99.9(12팩)
1611	스프레이피죤 보타닉 애플밤(490ml)
1613	해피바스 오리지널컬렉션 라벤더 바디워시(910g)
1623	청정원 전주 콩나물(400g)
1626	하림 동물복지 닭백숙(1.05kg)
1628	오뚜기 생와사비(43g)
1629	오뚜기 연와사비(35g)
1662	알쿠니아 황도(840g)
1702	쉬크 하이드로5 프리미엄 면도날(4개)
1706	하기스 매직컴포트 대형 공용 팬티형 4단계(50매)
1709	2080 오리지날 미세모(10개)