0	446	51	6 / 7
0	512	318	60계치킨 서울수유점
0	562	404	4.9(1,045)
0	676	0	배달 33분
0	676	450	포장 23분
0	769	674	매장∙원산지정보
0	780	69	도착까지 약 33분
0	841	36	최소주문
0	841	153	19,900원
0	896	36	일반회원
0	897	153	0-2,800원 0원
0	898	294	자세히
0	938	36	와우회원
0	938	153	와우회원은 매 주문 배달비 0원
0	1010	127	지금 와우 가입하면 배달비 0원 + 25,000원 쿠폰
0	1027	766	가입하기
0	1118	54	1,000원 즉시할인 자동 적용
0	1208	168	정말 맛있어요!!!
0	1208	606	역시 60계는 언제 먹어도 맛있어요. 크크크는 저랑 아들의 최애죠. 담엔 두마리 시켜야될듯..복날이라 배달 오래 기다렸지만 맛있어요.
0	1377	114	&#128293; 인기메뉴
0	1377	328	리뷰이벤트
0	1377	498	신메뉴
0	1377	624	쯔란메뉴
0	1377	772	뼈한마리
0	1478	42	인기메뉴
0	1556	88	1위
0	1556	304	2위
0	1556	520	3위
0	1556	708	4위
1	0	0	리뷰 (1)
1	0	0	본 메뉴는 리뷰 이벤트 참여 고객 대상 상품입니다. 이벤트 혜택은 주문 1건당 1회만 제공됩니다.
1	66	155	60계치킨 서울수유점 내 메뉴를 찾아보세요
1	147	0	배달 33분
1	147	450	포장 23분
1	182	51	7 / 7
1	240	674	매장∙원산지정보
1	248	318	60계치킨 서울수유점
1	251	69	도착까지 약 33분
1	298	404	4.9(1,045)
1	312	36	최소주문
1	312	153	19,900원
1	367	36	일반회원
1	368	153	0-2,800원 0원
1	369	294	자세히
1	409	36	와우회원
1	409	153	와우회원은 매 주문 배달비 0원
1	481	127	지금 와우 가입하면 배달비 0원 + 25,000원 쿠폰
1	498	766	가입하기
1	589	54	1,000원 즉시할인 자동 적용
1	679	168	정말 맛있어요!!!
1	679	606	역시 60계는 언제 먹어도 맛있어요. 크크크는 저랑 아들의 최애죠. 담엔 두마리 시켜야될듯..복날이라 배달 오래 기다렸지만 맛있어요.
1	848	114	&#128293; 인기메뉴
1	848	328	리뷰이벤트
1	848	498	신메뉴
1	848	624	쯔란메뉴
1	848	772	뼈한마리
1	949	42	인기메뉴
1	1027	88	1위
1	1027	304	2위
1	1027	520	3위
1	1027	708	4위
1	1226	36	크크크치킨
1	1226	252	순살 크크크치킨
1	1226	468	쯔란윙봉
1	1226	684	콤보(윙,봉,다리)
1	1267	36	26,900원
1	1267	252	27,900원
1	1267	468	27,900원
1	1267	684	25,500원
1	1385	60	리뷰이벤트
1	1431	36	리뷰이벤트 혜택은 주문당 1개만 제공됩니다.
1	1505	36	리뷰이벤트
1	1556	24	배달비 0원 + 1,000원 즉시할인
1	1559	36	0원
2	0	0	순살 참지마라치킨
2	0	0	얼얼~한 마라에 침샘폭발! 참을 수 없는 참지마라치킨!
2	66	155	60계치킨 서울수유점 내 메뉴를 찾아보세요
2	182	51	1 / 7
2	192	168	정말 맛있어요!!!
2	192	606	역시 60계는 언제 먹어도 맛있어요. 크크크는 저랑 아들의 최애죠. 담엔 두마리 시켜야될듯..복날이라 배달 오래 기다렸지만 맛있어요.
2	248	318	60계치킨 서울수유점
2	298	404	4.9(1,045)
2	361	114	&#128293; 인기메뉴
2	361	328	리뷰이벤트
2	361	498	신메뉴
2	361	624	쯔란메뉴
2	361	772	뼈한마리
2	462	42	인기메뉴
2	540	88	1위
2	540	304	2위
2	540	520	3위
2	540	708	4위
2	739	36	크크크치킨
2	739	252	순살 크크크치킨
2	739	468	쯔란윙봉
2	739	684	콤보(윙,봉,다리)
2	780	36	26,900원
2	780	252	27,900원
2	780	468	27,900원
2	780	684	25,500원
2	898	60	리뷰이벤트
2	944	36	리뷰이벤트 혜택은 주문당 1개만 제공됩니다.
2	1018	36	리뷰이벤트
2	1072	36	0원
2	1130	36	본 메뉴는 리뷰 이벤트 참여 고객 대상 상품입니다. 이벤트 혜택은 주문 1건당 1회만 제공됩니다.
2	1208	63	리뷰 (1)
2	1312	42	신메뉴
2	1394	36	참지마라치킨
2	1441	121	지금 와우 가입하면 배달비 0원 + 25,000원 쿠폰
2	1448	36	25,900원
2	1458	781	가입하기
2	1506	36	얼얼~한 마라에 침샘폭발! 참을 수 없는 참지마라치킨!
2	1556	24	배달비 0원 + 1,000원 즉시할인
3	0	0	얼얼~한 마라에 침샘폭발! 참을 수 없는 참지마라치킨!
3	66	155	60계치킨 서울수유점 내 메뉴를 찾아보세요
3	151	114	&#128293; 인기메뉴
3	151	328	리뷰이벤트
3	151	498	신메뉴
3	151	624	쯔란메뉴
3	151	772	뼈한마리
3	182	51	2 / 7
3	248	36	크크크치킨
3	248	252	순살 크크크치킨
3	248	318	60계치킨 서울수유점
3	248	468	쯔란윙봉
3	248	684	콤보(윙,봉,다리)
3	289	36	26,900원
3	289	252	27,900원
3	289	468	27,900원
3	289	684	25,500원
3	298	404	4.9(1,045)
3	407	60	리뷰이벤트
3	453	36	리뷰이벤트 혜택은 주문당 1개만 제공됩니다.
3	527	36	리뷰이벤트
3	581	36	0원
3	639	36	본 메뉴는 리뷰 이벤트 참여 고객 대상 상품입니다. 이벤트 혜택은 주문 1건당 1회만 제공됩니다.
3	717	63	리뷰 (1)
3	821	42	신메뉴
3	903	36	참지마라치킨
3	957	36	25,900원
3	1015	36	얼얼~한 마라에 침샘폭발! 참을 수 없는 참지마라치킨!
3	1116	36	순살 참지마라치킨
3	1170	36	26,900원
3	1228	36	얼얼~한 마라에 침샘폭발! 참을 수 없는 참지마라치킨!
3	1329	36	윙봉 참지마라치킨
3	1383	36	26,900원
3	1441	36	얼얼~한 마라에 침샘폭발! 참을 수 없는 참지마라치킨!
3	1441	121	지금 와우 가입하면 배달비 0원 + 25,000원 쿠폰
3	1458	781	가입하기
3	1542	36	콤보 참지마라치킨
3	1556	24	배달비 0원 + 1,000원 즉시할인
3	1596	36	26,900원
4	35	36	리뷰이벤트
4	66	155	60계치킨 서울수유점 내 메뉴를 찾아보세요
4	147	36	본 메뉴는 리뷰 이벤트 참여 고객 대상 상품입니다. 이벤트 혜택은 주문 1건당 1회만 제공됩니다.
4	151	144	리뷰이벤트
4	151	314	신메뉴
4	151	440	쯔란메뉴
4	151	588	뼈한마리
4	151	736	순살한마리
4	182	51	3 / 7
4	225	63	리뷰 (1)
4	248	318	60계치킨 서울수유점
4	298	404	4.9(1,045)
4	329	42	신메뉴
4	411	36	참지마라치킨
4	465	36	25,900원
4	523	36	얼얼~한 마라에 침샘폭발! 참을 수 없는 참지마라치킨!
4	624	36	순살 참지마라치킨
4	678	36	26,900원
4	736	36	얼얼~한 마라에 침샘폭발! 참을 수 없는 참지마라치킨!
4	837	36	윙봉 참지마라치킨
4	891	36	26,900원
4	949	36	얼얼~한 마라에 침샘폭발! 참을 수 없는 참지마라치킨!
4	1050	36	콤보 참지마라치킨
4	1104	36	26,900원
4	1162	36	얼얼~한 마라에 침샘폭발! 참을 수 없는 참지마라치킨!
4	1293	42	쯔란메뉴
4	1376	45	리뷰최고
4	1402	36	쯔란윙봉
4	1441	121	지금 와우 가입하면 배달비 0원 + 25,000원 쿠폰
4	1456	36	27,900원
4	1458	781	가입하기
4	1514	36	빠삭한 치킨에 쯔란 범벅! 쯔란윙봉
4	1556	24	배달비 0원 + 1,000원 즉시할인
4	1562	63	98% (60개)
4	1562	149	ㆍ
4	1562	193	리뷰 (70)
5	66	155	60계치킨 서울수유점 내 메뉴를 찾아보세요
5	132	36	순살 참지마라치킨
5	151	114	신메뉴
5	151	240	쯔란메뉴
5	151	388	뼈한마리
5	151	536	순살한마리
5	151	706	반반메뉴
5	151	854	부분육 메뉴
5	182	51	4 / 7
5	186	36	26,900원
5	244	36	얼얼~한 마라에 침샘폭발! 참을 수 없는 참지마라치킨!
5	248	318	60계치킨 서울수유점
5	298	404	4.9(1,045)
5	345	36	윙봉 참지마라치킨
5	399	36	26,900원
5	457	36	얼얼~한 마라에 침샘폭발! 참을 수 없는 참지마라치킨!
5	558	36	콤보 참지마라치킨
5	612	36	26,900원
5	670	36	얼얼~한 마라에 침샘폭발! 참을 수 없는 참지마라치킨!
5	801	42	쯔란메뉴
5	884	45	리뷰최고
5	910	36	쯔란윙봉
5	964	36	27,900원
5	1022	36	빠삭한 치킨에 쯔란 범벅! 쯔란윙봉
5	1070	63	98% (60개)
5	1070	149	ㆍ
5	1070	193	리뷰 (70)
5	1144	36	쯔란콤보
5	1198	36	27,900원
5	1256	36	빠삭한 치킨에 쯔란 범벅! 쯔란콤보
5	1304	63	100% (9개)
5	1304	149	ㆍ
5	1304	193	리뷰 (12)
5	1378	36	순살 쯔란치킨
5	1432	36	26,900원
5	1441	121	지금 와우 가입하면 배달비 0원 + 25,000원 쿠폰
5	1458	781	가입하기
5	1490	36	빠삭한 치킨에 쯔란 범벅! 쯔란순살
5	1538	63	100% (4개)
5	1538	149	ㆍ
5	1538	193	리뷰 (5)
5	1556	24	배달비 0원 + 1,000원 즉시할인
6	0	0	100% (1개)
6	0	0	ㆍ
6	0	0	리뷰 (5)
6	0	0	하하핫치킨을 더욱 핫하게! 푸하핫 웃음이 나오는 매콤한 맛!
6	66	155	60계치킨 서울수유점 내 메뉴를 찾아보세요
6	69	36	콤보 참지마라치킨
6	132	36	26,900원
6	151	114	신메뉴
6	151	240	쯔란메뉴
6	151	388	뼈한마리
6	151	536	순살한마리
6	151	706	반반메뉴
6	151	854	부분육 메뉴
6	181	36	얼얼~한 마라에 침샘폭발! 참을 수 없는 참지마라치킨!
6	182	51	5 / 7
6	248	318	60계치킨 서울수유점
6	298	404	4.9(1,045)
6	312	42	쯔란메뉴
6	395	45	리뷰최고
6	421	36	쯔란윙봉
6	475	36	27,900원
6	533	36	빠삭한 치킨에 쯔란 범벅! 쯔란윙봉
6	581	63	98% (60개)
6	581	149	ㆍ
6	581	193	리뷰 (70)
6	655	36	쯔란콤보
6	709	36	27,900원
6	767	36	빠삭한 치킨에 쯔란 범벅! 쯔란콤보
6	815	63	100% (9개)
6	815	149	ㆍ
6	815	193	리뷰 (12)
6	889	36	순살 쯔란치킨
6	943	36	26,900원
6	1001	36	빠삭한 치킨에 쯔란 범벅! 쯔란순살
6	1049	63	100% (4개)
6	1049	149	ㆍ
6	1049	193	리뷰 (5)
6	1153	60	뼈한마리
6	1235	36	크랑이치킨
6	1289	36	26,900원
6	1347	36	(웨지감자 미포함)크크크 치킨과 호랑이 시즈닝의 빠삭한 만남! *소스는 별도 구매입니다.
6	1425	63	100% (4개)
6	1425	149	ㆍ
6	1425	193	리뷰 (5)
6	1441	121	지금 와우 가입하면 배달비 0원 + 25,000원 쿠폰
6	1458	781	가입하기
6	1499	36	푸하핫치킨
6	1553	36	25,900원
6	1556	24	배달비 0원 + 1,000원 즉시할인
7	0	0	(웨지감자 미포함)크럼블을 입혀! 크런치하고! 크리스피하다! 바삭 끝판왕 크크크치킨에 3가지 디핑소스 새콤한 크크크소스 & 달콤한 콘마요소스 & 매콤한 핫크크크소스를 찍어 먹으면 바삭해서 ㅋㅋㅋ 맛있어서 ㅋㅋㅋ
7	0	0	99% (82개)
7	0	0	ㆍ
7	0	0	리뷰 (105)
7	0	0	리뷰최고
7	0	0	쯔란윙봉
7	38	36	빠삭한 치킨에 쯔란 범벅! 쯔란윙봉
7	66	155	60계치킨 서울수유점 내 메뉴를 찾아보세요
7	86	63	98% (60개)
7	86	149	ㆍ
7	86	193	리뷰 (70)
7	151	114	쯔란메뉴
7	151	262	뼈한마리
7	151	410	순살한마리
7	151	580	반반메뉴
7	151	728	부분육 메뉴
7	160	36	쯔란콤보
7	182	51	6 / 7
7	214	36	27,900원
7	248	318	60계치킨 서울수유점
7	272	36	빠삭한 치킨에 쯔란 범벅! 쯔란콤보
7	298	404	4.9(1,045)
7	320	63	100% (9개)
7	320	149	ㆍ
7	320	193	리뷰 (12)
7	394	36	순살 쯔란치킨
7	448	36	26,900원
7	506	36	빠삭한 치킨에 쯔란 범벅! 쯔란순살
7	554	63	100% (4개)
7	554	149	ㆍ
7	554	193	리뷰 (5)
7	658	60	뼈한마리
7	740	36	크랑이치킨
7	794	36	26,900원
7	852	36	(웨지감자 미포함)크크크 치킨과 호랑이 시즈닝의 빠삭한 만남! *소스는 별도 구매입니다.
7	930	63	100% (4개)
7	930	149	ㆍ
7	930	193	리뷰 (5)
7	1004	36	푸하핫치킨
7	1058	36	25,900원
7	1116	36	하하핫치킨을 더욱 핫하게! 푸하핫 웃음이 나오는 매콤한 맛!
7	1164	63	100% (1개)
7	1164	149	ㆍ
7	1164	193	리뷰 (5)
7	1238	36	하하핫치킨
7	1292	36	26,900원
7	1350	36	제일 핫한치킨! 기분 좋은 매콤함! 입이 신난다! 하하핫치킨! 뿌리고치밥고(스틱)와 마요네즈로 치킨에 뿌려먹어도, 치밥으로 먹어도 GOOD!
7	1428	63	리뷰 (3)
7	1441	121	지금 와우 가입하면 배달비 0원 + 25,000원 쿠폰
7	1458	781	가입하기
7	1503	45	주문많음
7	1503	133	리뷰최고
7	1529	36	크크크치킨
7	1556	24	배달비 0원 + 1,000원 즉시할인
7	1583	36	26,900원
8	0	0	100% (5개)
8	0	0	ㆍ
8	0	0	리뷰 (8)
8	0	0	특제간장소스와 누룽지가환상적으로 어우러져 담백하고고소한 풍미가 일품아이들에게 인기
8	66	155	60계치킨 서울수유점 내 메뉴를 찾아보세요
8	151	114	쯔란메뉴
8	151	262	뼈한마리
8	151	410	순살한마리
8	151	580	반반메뉴
8	151	728	부분육 메뉴
8	176	60	뼈한마리
8	182	51	7 / 7
8	248	318	60계치킨 서울수유점
8	258	36	크랑이치킨
8	298	404	4.9(1,045)
8	312	36	26,900원
8	370	36	(웨지감자 미포함)크크크 치킨과 호랑이 시즈닝의 빠삭한 만남! *소스는 별도 구매입니다.
8	448	63	100% (4개)
8	448	149	ㆍ
8	448	193	리뷰 (5)
8	522	36	푸하핫치킨
8	576	36	25,900원
8	634	36	하하핫치킨을 더욱 핫하게! 푸하핫 웃음이 나오는 매콤한 맛!
8	682	63	100% (1개)
8	682	149	ㆍ
8	682	193	리뷰 (5)
8	756	36	하하핫치킨
8	810	36	26,900원
8	868	36	제일 핫한치킨! 기분 좋은 매콤함! 입이 신난다! 하하핫치킨! 뿌리고치밥고(스틱)와 마요네즈로 치킨에 뿌려먹어도, 치밥으로 먹어도 GOOD!
8	946	63	리뷰 (3)
8	1021	45	주문많음
8	1021	133	리뷰최고
8	1047	36	크크크치킨
8	1101	36	26,900원
8	1159	36	(웨지감자 미포함)크럼블을 입혀! 크런치하고! 크리스피하다! 바삭 끝판왕 크크크치킨에 3가지 디핑소스 새콤한 크크크소스 & 달콤한 콘마요소스 & 매콤한 핫크크크소스를 찍어 먹으면 바삭해서 ㅋㅋㅋ 맛있어서 ㅋㅋㅋ
8	1237	63	99% (82개)
8	1237	149	ㆍ
8	1237	193	리뷰 (105)
8	1311	36	호랑이치킨
8	1365	36	26,900원
8	1423	36	범상치 않은 맛! 특제 소스 코팅과 갈릭콘 파우더의 조화로 단짠~ 끝맛은 살짝 매콤!
8	1441	121	지금 와우 가입하면 배달비 0원 + 25,000원 쿠폰
8	1458	781	가입하기
8	1501	63	100% (1개)
8	1501	149	ㆍ
8	1501	193	리뷰 (1)
8	1556	24	배달비 0원 + 1,000원 즉시할인
8	1575	36	간지치킨
9	0	0	100% (3개)
9	0	0	ㆍ
9	0	0	더 핫하게 돌아온 더매운고추치킨
9	0	0	리뷰 (3)
9	35	36	푸하핫치킨
9	66	155	60계치킨 서울수유점 내 메뉴를 찾아보세요
9	147	36	하하핫치킨을 더욱 핫하게! 푸하핫 웃음이 나오는 매콤한 맛!
9	151	114	뼈한마리
9	151	262	순살한마리
9	151	432	반반메뉴
9	151	580	부분육 메뉴
9	151	756	세트메뉴
9	182	51	1 / 7
9	195	63	100% (1개)
9	195	149	ㆍ
9	195	193	리뷰 (5)
9	248	318	60계치킨 서울수유점
9	269	36	하하핫치킨
9	298	404	4.9(1,045)
9	323	36	26,900원
9	381	36	제일 핫한치킨! 기분 좋은 매콤함! 입이 신난다! 하하핫치킨! 뿌리고치밥고(스틱)와 마요네즈로 치킨에 뿌려먹어도, 치밥으로 먹어도 GOOD!
9	459	63	리뷰 (3)
9	534	45	주문많음
9	534	133	리뷰최고
9	560	36	크크크치킨
9	614	36	26,900원
9	672	36	(웨지감자 미포함)크럼블을 입혀! 크런치하고! 크리스피하다! 바삭 끝판왕 크크크치킨에 3가지 디핑소스 새콤한 크크크소스 & 달콤한 콘마요소스 & 매콤한 핫크크크소스를 찍어 먹으면 바삭해서 ㅋㅋㅋ 맛있어서 ㅋㅋㅋ
9	750	63	99% (82개)
9	750	149	ㆍ
9	750	193	리뷰 (105)
9	824	36	호랑이치킨
9	878	36	26,900원
9	936	36	범상치 않은 맛! 특제 소스 코팅과 갈릭콘 파우더의 조화로 단짠~ 끝맛은 살짝 매콤!
9	1014	63	100% (1개)
9	1014	149	ㆍ
9	1014	193	리뷰 (1)
9	1088	36	간지치킨
9	1142	36	25,900원
9	1200	36	특제간장소스와 누룽지가환상적으로 어우러져 담백하고고소한 풍미가 일품아이들에게 인기
9	1278	63	100% (5개)
9	1278	149	ㆍ
9	1278	193	리뷰 (8)
9	1352	36	고추치킨
9	1406	36	24,900원
9	1441	121	지금 와우 가입하면 배달비 0원 + 25,000원 쿠폰
9	1458	781	가입하기
9	1464	36	청양고추 의 알싸함 깔끔 담백한 최고 인기메뉴
9	1512	63	100% (3개)
9	1512	149	ㆍ
9	1512	193	리뷰 (4)
9	1556	24	배달비 0원 + 1,000원 즉시할인
9	1586	36	더매운고추치킨(매움주의)
10	0	0	100% (1개)
10	0	0	ㆍ
10	0	0	깔끔하고 맵지 않아 남녀노소 누구나즐길 수 있는 클래스가 다른 양념치킨
10	0	0	리뷰 (3)
10	43	45	주문많음
10	43	133	리뷰최고
10	66	155	60계치킨 서울수유점 내 메뉴를 찾아보세요
10	69	36	크크크치킨
10	132	36	26,900원
10	151	114	뼈한마리
10	151	262	순살한마리
10	151	432	반반메뉴
10	151	580	부분육 메뉴
10	151	756	세트메뉴
10	181	36	(웨지감자 미포함)크럼블을 입혀! 크런치하고! 크리스피하다! 바삭 끝판왕 크크크치킨에 3가지 디핑소스 새콤한 크크크소스 & 달콤한 콘마요소스 & 매콤한 핫크크크소스를 찍어 먹으면 바삭해서 ㅋㅋㅋ 맛있어서 ㅋㅋㅋ
10	182	51	2 / 7
10	248	318	60계치킨 서울수유점
10	259	63	99% (82개)
10	259	149	ㆍ
10	259	193	리뷰 (105)
10	298	404	4.9(1,045)
10	333	36	호랑이치킨
10	387	36	26,900원
10	445	36	범상치 않은 맛! 특제 소스 코팅과 갈릭콘 파우더의 조화로 단짠~ 끝맛은 살짝 매콤!
10	523	63	100% (1개)
10	523	149	ㆍ
10	523	193	리뷰 (1)
10	597	36	간지치킨
10	651	36	25,900원
10	709	36	특제간장소스와 누룽지가환상적으로 어우러져 담백하고고소한 풍미가 일품아이들에게 인기
10	787	63	100% (5개)
10	787	149	ㆍ
10	787	193	리뷰 (8)
10	861	36	고추치킨
10	915	36	24,900원
10	973	36	청양고추 의 알싸함 깔끔 담백한 최고 인기메뉴
10	1021	63	100% (3개)
10	1021	149	ㆍ
10	1021	193	리뷰 (4)
10	1095	36	더매운고추치킨(매움주의)
10	1149	36	24,900원
10	1207	36	더 핫하게 돌아온 더매운고추치킨
10	1255	63	100% (3개)
10	1255	149	ㆍ
10	1255	193	리뷰 (3)
10	1329	36	후라이드
10	1383	36	22,900원
10	1441	36	60계만의 황금빛파우더가 선사하는바삭함과 육즙가득 터지는 부드러운속살이 환상적인 맛
10	1441	121	지금 와우 가입하면 배달비 0원 + 25,000원 쿠폰
10	1458	781	가입하기
10	1519	63	100% (13개)
10	1519	159	ㆍ
10	1519	203	리뷰 (11)
10	1556	24	배달비 0원 + 1,000원 즉시할인
10	1593	36	양념치킨
11	0	0	100% (2개)
11	0	0	ㆍ
11	0	0	리뷰 (4)
11	66	155	60계치킨 서울수유점 내 메뉴를 찾아보세요
11	107	36	간지치킨
11	151	114	뼈한마리
11	151	262	순살한마리
11	151	432	반반메뉴
11	151	580	부분육 메뉴
11	151	756	세트메뉴
11	161	36	25,900원
11	182	51	3 / 7
11	219	36	특제간장소스와 누룽지가환상적으로 어우러져 담백하고고소한 풍미가 일품아이들에게 인기
11	248	318	60계치킨 서울수유점
11	297	63	100% (5개)
11	297	149	ㆍ
11	297	193	리뷰 (8)
11	298	404	4.9(1,045)
11	371	36	고추치킨
11	425	36	24,900원
11	483	36	청양고추 의 알싸함 깔끔 담백한 최고 인기메뉴
11	531	63	100% (3개)
11	531	149	ㆍ
11	531	193	리뷰 (4)
11	605	36	더매운고추치킨(매움주의)
11	659	36	24,900원
11	717	36	더 핫하게 돌아온 더매운고추치킨
11	765	63	100% (3개)
11	765	149	ㆍ
11	765	193	리뷰 (3)
11	839	36	후라이드
11	893	36	22,900원
11	951	36	60계만의 황금빛파우더가 선사하는바삭함과 육즙가득 터지는 부드러운속살이 환상적인 맛
11	1029	63	100% (13개)
11	1029	159	ㆍ
11	1029	203	리뷰 (11)
11	1103	36	양념치킨
11	1157	36	24,900원
11	1215	36	깔끔하고 맵지 않아 남녀노소 누구나즐길 수 있는 클래스가 다른 양념치킨
11	1263	63	100% (1개)
11	1263	149	ㆍ
11	1263	193	리뷰 (3)
11	1367	60	순살한마리
11	1441	121	지금 와우 가입하면 배달비 0원 + 25,000원 쿠폰
11	1449	36	순살 크랑이치킨
11	1458	781	가입하기
11	1503	36	27,900원
11	1556	24	배달비 0원 + 1,000원 즉시할인
11	1561	36	(웨지감자 미포함)크크크 치킨과 호랑이 시즈닝의 빠삭한 만남! *소스는 별도 구매입니다.
12	66	155	60계치킨 서울수유점 내 메뉴를 찾아보세요
12	116	36	더매운고추치킨(매움주의)
12	151	114	뼈한마리
12	151	262	순살한마리
12	151	432	반반메뉴
12	151	580	부분육 메뉴
12	151	756	세트메뉴
12	170	36	24,900원
12	182	51	4 / 7
12	228	36	더 핫하게 돌아온 더매운고추치킨
12	248	318	60계치킨 서울수유점
12	276	63	100% (3개)
12	276	149	ㆍ
12	276	193	리뷰 (3)
12	298	404	4.9(1,045)
12	350	36	후라이드
12	404	36	22,900원
12	462	36	60계만의 황금빛파우더가 선사하는바삭함과 육즙가득 터지는 부드러운속살이 환상적인 맛
12	540	63	100% (13개)
12	540	159	ㆍ
12	540	203	리뷰 (11)
12	614	36	양념치킨
12	668	36	24,900원
12	726	36	깔끔하고 맵지 않아 남녀노소 누구나즐길 수 있는 클래스가 다른 양념치킨
12	774	63	100% (1개)
12	774	149	ㆍ
12	774	193	리뷰 (3)
12	878	60	순살한마리
12	960	36	순살 크랑이치킨
12	1014	36	27,900원
12	1072	36	(웨지감자 미포함)크크크 치킨과 호랑이 시즈닝의 빠삭한 만남! *소스는 별도 구매입니다.
12	1150	63	100% (2개)
12	1150	149	ㆍ
12	1150	193	리뷰 (4)
12	1224	36	순살 푸하핫치킨
12	1278	36	27,900원
12	1336	36	하하핫치킨을 더욱 핫하게! 푸하핫 웃음이 나오는 매콤한 맛!
12	1437	36	순살 하하핫치킨
12	1441	121	지금 와우 가입하면 배달비 0원 + 25,000원 쿠폰
12	1458	781	가입하기
12	1491	36	27,900원
12	1549	36	제일 핫한치킨! 기분 좋은 매콤함! 입이 신난다! 하하핫치킨! 뿌리고치밥고(스틱)와 마요네즈로 치킨에 뿌려먹어도, 치밥으로 먹어도 GOOD!
12	1556	24	배달비 0원 + 1,000원 즉시할인
13	0	0	100% (1개)
13	0	0	ㆍ
13	0	0	리뷰 (1)
13	66	155	60계치킨 서울수유점 내 메뉴를 찾아보세요
13	124	36	양념치킨
13	151	114	뼈한마리
13	151	262	순살한마리
13	151	432	반반메뉴
13	151	580	부분육 메뉴
13	151	756	세트메뉴
13	178	36	24,900원
13	182	51	5 / 7
13	236	36	깔끔하고 맵지 않아 남녀노소 누구나즐길 수 있는 클래스가 다른 양념치킨
13	248	318	60계치킨 서울수유점
13	284	63	100% (1개)
13	284	149	ㆍ
13	284	193	리뷰 (3)
13	298	404	4.9(1,045)
13	388	60	순살한마리
13	470	36	순살 크랑이치킨
13	524	36	27,900원
13	582	36	(웨지감자 미포함)크크크 치킨과 호랑이 시즈닝의 빠삭한 만남! *소스는 별도 구매입니다.
13	660	63	100% (2개)
13	660	149	ㆍ
13	660	193	리뷰 (4)
13	734	36	순살 푸하핫치킨
13	788	36	27,900원
13	846	36	하하핫치킨을 더욱 핫하게! 푸하핫 웃음이 나오는 매콤한 맛!
13	947	36	순살 하하핫치킨
13	1001	36	27,900원
13	1059	36	제일 핫한치킨! 기분 좋은 매콤함! 입이 신난다! 하하핫치킨! 뿌리고치밥고(스틱)와 마요네즈로 치킨에 뿌려먹어도, 치밥으로 먹어도 GOOD!
13	1168	45	주문많음
13	1194	36	순살 크크크치킨
13	1248	36	27,900원
13	1306	36	(웨지감자 미포함)크럼블을 입혀! 크런치하고! 크리스피하다! 바삭 끝판왕 크크크치킨에 3가지 디핑소스 새콤한 크크크소스 & 달콤한 콘마요소스 & 매콤한 핫크크크소스를 찍어 먹으면 바삭해서 ㅋㅋㅋ 맛있어서 ㅋㅋㅋ
13	1384	63	100% (36개)
13	1384	159	ㆍ
13	1384	203	리뷰 (45)
13	1441	121	지금 와우 가입하면 배달비 0원 + 25,000원 쿠폰
13	1458	36	순살 호랑이치킨
13	1458	781	가입하기
13	1512	36	27,900원
13	1556	24	배달비 0원 + 1,000원 즉시할인
13	1570	36	범상치 않은 맛! 특제 소스 코팅과 갈릭콘 파우더의 조화로 단짠~ 끝맛은 살짝 매콤!
14	0	0	100% (5개)
14	0	0	ㆍ
14	0	0	리뷰 (12)
14	0	0	청양고추 의 알싸함 깔끔 담백한 최고 인기메뉴
14	0	36	순살 크랑이치킨
14	66	155	60계치킨 서울수유점 내 메뉴를 찾아보세요
14	85	36	(웨지감자 미포함)크크크 치킨과 호랑이 시즈닝의 빠삭한 만남! *소스는 별도 구매입니다.
14	151	114	순살한마리
14	151	284	반반메뉴
14	151	432	부분육 메뉴
14	151	608	세트메뉴
14	151	756	사이드메뉴
14	163	63	100% (2개)
14	163	149	ㆍ
14	163	193	리뷰 (4)
14	182	51	6 / 7
14	237	36	순살 푸하핫치킨
14	248	318	60계치킨 서울수유점
14	291	36	27,900원
14	298	404	4.9(1,045)
14	349	36	하하핫치킨을 더욱 핫하게! 푸하핫 웃음이 나오는 매콤한 맛!
14	450	36	순살 하하핫치킨
14	504	36	27,900원
14	562	36	제일 핫한치킨! 기분 좋은 매콤함! 입이 신난다! 하하핫치킨! 뿌리고치밥고(스틱)와 마요네즈로 치킨에 뿌려먹어도, 치밥으로 먹어도 GOOD!
14	671	45	주문많음
14	697	36	순살 크크크치킨
14	751	36	27,900원
14	809	36	(웨지감자 미포함)크럼블을 입혀! 크런치하고! 크리스피하다! 바삭 끝판왕 크크크치킨에 3가지 디핑소스 새콤한 크크크소스 & 달콤한 콘마요소스 & 매콤한 핫크크크소스를 찍어 먹으면 바삭해서 ㅋㅋㅋ 맛있어서 ㅋㅋㅋ
14	887	63	100% (36개)
14	887	159	ㆍ
14	887	203	리뷰 (45)
14	961	36	순살 호랑이치킨
14	1015	36	27,900원
14	1073	36	범상치 않은 맛! 특제 소스 코팅과 갈릭콘 파우더의 조화로 단짠~ 끝맛은 살짝 매콤!
14	1151	63	100% (1개)
14	1151	149	ㆍ
14	1151	193	리뷰 (1)
14	1225	36	순살 간지치킨
14	1279	36	26,900원
14	1337	36	특제간장소스와 누룽지가환상적으로 어우러져 담백하고고소한 풍미가 일품아이들에게 인기
14	1415	63	100% (2개)
14	1415	149	ㆍ
14	1415	193	리뷰 (3)
14	1441	121	지금 와우 가입하면 배달비 0원 + 25,000원 쿠폰
14	1458	781	가입하기
14	1489	36	순살 고추치킨
14	1543	36	26,900원
14	1556	24	배달비 0원 + 1,000원 즉시할인
15	0	0	100% (4개)
15	0	0	ㆍ
15	0	0	리뷰 (3)
15	0	36	순살 하하핫치킨
15	66	155	60계치킨 서울수유점 내 메뉴를 찾아보세요
15	78	36	제일 핫한치킨! 기분 좋은 매콤함! 입이 신난다! 하하핫치킨! 뿌리고치밥고(스틱)와 마요네즈로 치킨에 뿌려먹어도, 치밥으로 먹어도 GOOD!
15	151	114	순살한마리
15	151	284	반반메뉴
15	151	432	부분육 메뉴
15	151	608	세트메뉴
15	151	756	사이드메뉴
15	182	51	7 / 7
15	187	45	주문많음
15	213	36	순살 크크크치킨
15	248	318	60계치킨 서울수유점
15	267	36	27,900원
15	298	404	4.9(1,045)
15	325	36	(웨지감자 미포함)크럼블을 입혀! 크런치하고! 크리스피하다! 바삭 끝판왕 크크크치킨에 3가지 디핑소스 새콤한 크크크소스 & 달콤한 콘마요소스 & 매콤한 핫크크크소스를 찍어 먹으면 바삭해서 ㅋㅋㅋ 맛있어서 ㅋㅋㅋ
15	403	63	100% (36개)
15	403	159	ㆍ
15	403	203	리뷰 (45)
15	477	36	순살 호랑이치킨
15	531	36	27,900원
15	589	36	범상치 않은 맛! 특제 소스 코팅과 갈릭콘 파우더의 조화로 단짠~ 끝맛은 살짝 매콤!
15	667	63	100% (1개)
15	667	149	ㆍ
15	667	193	리뷰 (1)
15	741	36	순살 간지치킨
15	795	36	26,900원
15	853	36	특제간장소스와 누룽지가환상적으로 어우러져 담백하고고소한 풍미가 일품아이들에게 인기
15	931	63	100% (2개)
15	931	149	ㆍ
15	931	193	리뷰 (3)
15	1005	36	순살 고추치킨
15	1059	36	26,900원
15	1117	36	청양고추 의 알싸함 깔끔 담백한 최고 인기메뉴
15	1165	63	100% (5개)
15	1165	149	ㆍ
15	1165	193	리뷰 (12)
15	1239	36	순살 더매운고추치킨(매움주의)
15	1293	36	26,900원
15	1351	36	더 핫하게 돌아온 더매운고추치킨
15	1399	63	100% (3개)
15	1441	121	지금 와우 가입하면 배달비 0원 + 25,000원 쿠폰
15	1458	781	가입하기
15	1473	36	순살후라이드
15	1527	36	24,900원
15	1556	24	배달비 0원 + 1,000원 즉시할인
15	1585	36	60계만의 황금빛파우더가 선사하는바삭함과 육즙가득 터지는 부드러운속살이 환상적인 맛
16	0	0	100% (7개)
16	0	0	ㆍ
16	0	0	리뷰 (10)
16	0	36	순살 호랑이치킨
16	66	155	60계치킨 서울수유점 내 메뉴를 찾아보세요
16	96	36	범상치 않은 맛! 특제 소스 코팅과 갈릭콘 파우더의 조화로 단짠~ 끝맛은 살짝 매콤!
16	151	114	순살한마리
16	151	284	반반메뉴
16	151	432	부분육 메뉴
16	151	608	세트메뉴
16	151	756	사이드메뉴
16	174	63	100% (1개)
16	174	149	ㆍ
16	174	193	리뷰 (1)
16	182	51	1 / 7
16	248	36	순살 간지치킨
16	248	318	60계치킨 서울수유점
16	298	404	4.9(1,045)
16	302	36	26,900원
16	360	36	특제간장소스와 누룽지가환상적으로 어우러져 담백하고고소한 풍미가 일품아이들에게 인기
16	438	63	100% (2개)
16	438	149	ㆍ
16	438	193	리뷰 (3)
16	512	36	순살 고추치킨
16	566	36	26,900원
16	624	36	청양고추 의 알싸함 깔끔 담백한 최고 인기메뉴
16	672	63	100% (5개)
16	672	149	ㆍ
16	672	193	리뷰 (12)
16	746	36	순살 더매운고추치킨(매움주의)
16	800	36	26,900원
16	858	36	더 핫하게 돌아온 더매운고추치킨
16	906	63	100% (3개)
16	980	36	순살후라이드
16	1034	36	24,900원
16	1092	36	60계만의 황금빛파우더가 선사하는바삭함과 육즙가득 터지는 부드러운속살이 환상적인 맛
16	1170	63	100% (4개)
16	1170	149	ㆍ
16	1170	193	리뷰 (3)
16	1244	36	순살 양념치킨
16	1298	36	26,900원
16	1356	36	깔끔하고 맵지 않아 남녀노소 누구나즐길 수 있는 클래스가 다른 양념치킨
16	1404	63	리뷰 (1)
16	1441	121	지금 와우 가입하면 배달비 0원 + 25,000원 쿠폰
16	1458	781	가입하기
16	1508	60	반반메뉴
16	1556	24	배달비 0원 + 1,000원 즉시할인
16	1590	36	뼈 후라이드반+선택반
17	0	0	100% (6개)
17	0	0	ㆍ
17	0	0	리뷰 (3)
17	0	0	맛있는 윙과 봉만 모았다!인기 메뉴 윙봉세트!(맛 변경 가능)
17	24	36	순살 고추치킨
17	66	155	60계치킨 서울수유점 내 메뉴를 찾아보세요
17	136	36	청양고추 의 알싸함 깔끔 담백한 최고 인기메뉴
17	151	114	순살한마리
17	151	284	반반메뉴
17	151	432	부분육 메뉴
17	151	608	세트메뉴
17	151	756	사이드메뉴
17	182	51	2 / 7
17	184	63	100% (5개)
17	184	149	ㆍ
17	184	193	리뷰 (12)
17	248	318	60계치킨 서울수유점
17	258	36	순살 더매운고추치킨(매움주의)
17	298	404	4.9(1,045)
17	312	36	26,900원
17	370	36	더 핫하게 돌아온 더매운고추치킨
17	418	63	100% (3개)
17	492	36	순살후라이드
17	546	36	24,900원
17	604	36	60계만의 황금빛파우더가 선사하는바삭함과 육즙가득 터지는 부드러운속살이 환상적인 맛
17	682	63	100% (4개)
17	682	149	ㆍ
17	682	193	리뷰 (3)
17	756	36	순살 양념치킨
17	810	36	26,900원
17	868	36	깔끔하고 맵지 않아 남녀노소 누구나즐길 수 있는 클래스가 다른 양념치킨
17	916	63	리뷰 (1)
17	1020	60	반반메뉴
17	1102	36	뼈 후라이드반+선택반
17	1156	36	27,900원
17	1214	63	100% (7개)
17	1214	149	ㆍ
17	1214	193	리뷰 (10)
17	1315	36	순살 후라이드반+선택반
17	1369	36	28,900원
17	1427	36	(조리전 중량 650g) 다리살+안심살+가슴살
17	1441	121	지금 와우 가입하면 배달비 0원 + 25,000원 쿠폰
17	1458	781	가입하기
17	1475	63	100% (6개)
17	1475	149	ㆍ
17	1475	193	리뷰 (4)
17	1549	36	윙봉 후라이드반+선택반
17	1556	24	배달비 0원 + 1,000원 즉시할인
18	0	0	100% (3개)
18	0	0	ㆍ
18	0	0	리뷰 (5)
18	1	36	순살후라이드
18	66	155	60계치킨 서울수유점 내 메뉴를 찾아보세요
18	113	36	60계만의 황금빛파우더가 선사하는바삭함과 육즙가득 터지는 부드러운속살이 환상적인 맛
18	151	114	순살한마리
18	151	284	반반메뉴
18	151	432	부분육 메뉴
18	151	608	세트메뉴
18	151	756	사이드메뉴
18	182	51	3 / 7
18	191	63	100% (4개)
18	191	149	ㆍ
18	191	193	리뷰 (3)
18	248	318	60계치킨 서울수유점
18	265	36	순살 양념치킨
18	298	404	4.9(1,045)
18	319	36	26,900원
18	377	36	깔끔하고 맵지 않아 남녀노소 누구나즐길 수 있는 클래스가 다른 양념치킨
18	425	63	리뷰 (1)
18	529	60	반반메뉴
18	611	36	뼈 후라이드반+선택반
18	665	36	27,900원
18	723	63	100% (7개)
18	723	149	ㆍ
18	723	193	리뷰 (10)
18	824	36	순살 후라이드반+선택반
18	878	36	28,900원
18	936	36	(조리전 중량 650g) 다리살+안심살+가슴살
18	984	63	100% (6개)
18	984	149	ㆍ
18	984	193	리뷰 (4)
18	1058	36	윙봉 후라이드반+선택반
18	1112	36	29,500원
18	1170	36	맛있는 윙과 봉만 모았다!인기 메뉴 윙봉세트!(맛 변경 가능)
18	1218	63	100% (6개)
18	1218	149	ㆍ
18	1218	193	리뷰 (3)
18	1292	36	콤보 후라이드반+선택반
18	1346	36	29,500원
18	1404	36	&lt;맛선택가능&gt;콤보반 선택, 윙+봉+다리(1/2컷)+콜라,치킨무
18	1441	121	지금 와우 가입하면 배달비 0원 + 25,000원 쿠폰
18	1452	63	100% (7개)
18	1452	149	ㆍ
18	1452	193	리뷰 (8)
18	1458	781	가입하기
18	1526	36	뼈 선택반+선택반
18	1556	24	배달비 0원 + 1,000원 즉시할인
18	1580	36	28,900원
19	0	0	100% (5개)
19	0	0	ㆍ
19	0	0	리뷰 (9)
19	66	155	60계치킨 서울수유점 내 메뉴를 찾아보세요
19	124	36	뼈 후라이드반+선택반
19	151	114	반반메뉴
19	151	262	부분육 메뉴
19	151	438	세트메뉴
19	151	586	사이드메뉴
19	151	756	음료
19	151	860	소스,추가메뉴
19	178	36	27,900원
19	182	51	4 / 7
19	236	63	100% (7개)
19	236	149	ㆍ
19	236	193	리뷰 (10)
19	248	318	60계치킨 서울수유점
19	298	404	4.9(1,045)
19	337	36	순살 후라이드반+선택반
19	391	36	28,900원
19	449	36	(조리전 중량 650g) 다리살+안심살+가슴살
19	497	63	100% (6개)
19	497	149	ㆍ
19	497	193	리뷰 (4)
19	571	36	윙봉 후라이드반+선택반
19	625	36	29,500원
19	683	36	맛있는 윙과 봉만 모았다!인기 메뉴 윙봉세트!(맛 변경 가능)
19	731	63	100% (6개)
19	731	149	ㆍ
19	731	193	리뷰 (3)
19	805	36	콤보 후라이드반+선택반
19	859	36	29,500원
19	917	36	&lt;맛선택가능&gt;콤보반 선택, 윙+봉+다리(1/2컷)+콜라,치킨무
19	965	63	100% (7개)
19	965	149	ㆍ
19	965	193	리뷰 (8)
19	1039	36	뼈 선택반+선택반
19	1093	36	28,900원
19	1151	63	100% (3개)
19	1151	149	ㆍ
19	1151	193	리뷰 (5)
19	1252	36	순살 선택반+선택반
19	1306	36	29,900원
19	1364	36	(조리전 중량 650g) 다리살+안심살+가슴살
19	1412	63	100% (5개)
19	1412	149	ㆍ
19	1412	193	리뷰 (6)
19	1441	121	지금 와우 가입하면 배달비 0원 + 25,000원 쿠폰
19	1458	781	가입하기
19	1486	36	윙봉 선택반+선택반
19	1540	36	28,500원
19	1556	24	배달비 0원 + 1,000원 즉시할인
19	1598	36	맛있는 윙과 봉만 모았다!인기 메뉴 윙봉세트!(맛 변경 가능)
20	0	0	100% (4개)
20	0	0	ㆍ
20	0	0	리뷰 (14)
20	66	155	60계치킨 서울수유점 내 메뉴를 찾아보세요
20	83	36	윙봉 후라이드반+선택반
20	137	36	29,500원
20	151	114	반반메뉴
20	151	262	부분육 메뉴
20	151	438	세트메뉴
20	151	586	사이드메뉴
20	151	756	음료
20	151	860	소스,추가메뉴
20	182	51	5 / 7
20	195	36	맛있는 윙과 봉만 모았다!인기 메뉴 윙봉세트!(맛 변경 가능)
20	243	63	100% (6개)
20	243	149	ㆍ
20	243	193	리뷰 (3)
20	248	318	60계치킨 서울수유점
20	298	404	4.9(1,045)
20	317	36	콤보 후라이드반+선택반
20	371	36	29,500원
20	429	36	&lt;맛선택가능&gt;콤보반 선택, 윙+봉+다리(1/2컷)+콜라,치킨무
20	477	63	100% (7개)
20	477	149	ㆍ
20	477	193	리뷰 (8)
20	551	36	뼈 선택반+선택반
20	605	36	28,900원
20	663	63	100% (3개)
20	663	149	ㆍ
20	663	193	리뷰 (5)
20	764	36	순살 선택반+선택반
20	818	36	29,900원
20	876	36	(조리전 중량 650g) 다리살+안심살+가슴살
20	924	63	100% (5개)
20	924	149	ㆍ
20	924	193	리뷰 (6)
20	998	36	윙봉 선택반+선택반
20	1052	36	28,500원
20	1110	36	맛있는 윙과 봉만 모았다!인기 메뉴 윙봉세트!(맛 변경 가능)
20	1158	63	100% (5개)
20	1158	149	ㆍ
20	1158	193	리뷰 (9)
20	1232	36	콤보 선택반+선택반
20	1286	36	28,500원
20	1344	36	&lt;맛선택가능&gt;콤보반+반 선택1 콤보반+반 선택2, 윙+봉+다리(1/2컷)+콜라,치킨무
20	1422	63	100% (2개)
20	1422	149	ㆍ
20	1422	193	리뷰 (4)
20	1441	121	지금 와우 가입하면 배달비 0원 + 25,000원 쿠폰
20	1458	781	가입하기
20	1496	36	크크크반+ 크랑이반
20	1550	36	29,900원
20	1556	24	배달비 0원 + 1,000원 즉시할인
21	0	0	&lt;맛선택가능&gt;콜라,무 미포함
21	0	0	100% (5개)
21	0	0	ㆍ
21	0	0	리뷰 (9)
21	60	36	뼈 선택반+선택반
21	66	155	60계치킨 서울수유점 내 메뉴를 찾아보세요
21	132	36	28,900원
21	151	114	반반메뉴
21	151	262	부분육 메뉴
21	151	438	세트메뉴
21	151	586	사이드메뉴
21	151	756	음료
21	151	860	소스,추가메뉴
21	172	63	100% (3개)
21	172	149	ㆍ
21	172	193	리뷰 (5)
21	182	51	6 / 7
21	248	318	60계치킨 서울수유점
21	273	36	순살 선택반+선택반
21	298	404	4.9(1,045)
21	327	36	29,900원
21	385	36	(조리전 중량 650g) 다리살+안심살+가슴살
21	433	63	100% (5개)
21	433	149	ㆍ
21	433	193	리뷰 (6)
21	507	36	윙봉 선택반+선택반
21	561	36	28,500원
21	619	36	맛있는 윙과 봉만 모았다!인기 메뉴 윙봉세트!(맛 변경 가능)
21	667	63	100% (5개)
21	667	149	ㆍ
21	667	193	리뷰 (9)
21	741	36	콤보 선택반+선택반
21	795	36	28,500원
21	853	36	&lt;맛선택가능&gt;콤보반+반 선택1 콤보반+반 선택2, 윙+봉+다리(1/2컷)+콜라,치킨무
21	931	63	100% (2개)
21	931	149	ㆍ
21	931	193	리뷰 (4)
21	1005	36	크크크반+ 크랑이반
21	1059	36	29,900원
21	1117	63	100% (4개)
21	1117	149	ㆍ
21	1117	193	리뷰 (14)
21	1248	60	부분육 메뉴
21	1330	36	봉 15조각
21	1384	36	15,800원
21	1441	121	지금 와우 가입하면 배달비 0원 + 25,000원 쿠폰
21	1442	36	&lt;맛선택가능&gt;콜라,무 미포함
21	1458	781	가입하기
21	1490	63	100% (4개)
21	1490	149	ㆍ
21	1490	193	리뷰 (3)
21	1556	24	배달비 0원 + 1,000원 즉시할인
21	1564	36	윙 15조각
22	10	36	윙봉 선택반+선택반
22	66	155	60계치킨 서울수유점 내 메뉴를 찾아보세요
22	122	36	맛있는 윙과 봉만 모았다!인기 메뉴 윙봉세트!(맛 변경 가능)
22	151	114	반반메뉴
22	151	262	부분육 메뉴
22	151	438	세트메뉴
22	151	586	사이드메뉴
22	151	756	음료
22	151	860	소스,추가메뉴
22	170	63	100% (5개)
22	170	149	ㆍ
22	170	193	리뷰 (9)
22	182	51	7 / 7
22	244	36	콤보 선택반+선택반
22	248	318	60계치킨 서울수유점
22	298	36	28,500원
22	298	404	4.9(1,045)
22	356	36	&lt;맛선택가능&gt;콤보반+반 선택1 콤보반+반 선택2, 윙+봉+다리(1/2컷)+콜라,치킨무
22	434	63	100% (2개)
22	434	149	ㆍ
22	434	193	리뷰 (4)
22	508	36	크크크반+ 크랑이반
22	562	36	29,900원
22	620	63	100% (4개)
22	620	149	ㆍ
22	620	193	리뷰 (14)
22	751	60	부분육 메뉴
22	833	36	봉 15조각
22	887	36	15,800원
22	945	36	&lt;맛선택가능&gt;콜라,무 미포함
22	993	63	100% (4개)
22	993	149	ㆍ
22	993	193	리뷰 (3)
22	1067	36	윙 15조각
22	1121	36	15,800원
22	1179	36	&lt;맛선택가능&gt;콜라,무 미포함
22	1227	63	100% (5개)
22	1227	149	ㆍ
22	1227	193	리뷰 (9)
22	1301	36	다리만 6개 (1/2컷팅 12조각)
22	1355	36	15,800원
22	1413	36	&lt;맛선택가능&gt;다리1/2컷,콜라,무 미포함
22	1441	121	지금 와우 가입하면 배달비 0원 + 25,000원 쿠폰
22	1458	781	가입하기
22	1461	63	100% (5개)
22	1461	149	ㆍ
22	1461	193	리뷰 (5)
22	1556	24	배달비 0원 + 1,000원 즉시할인
22	1565	42	세트메뉴
23	21	36	크크크반+ 크랑이반
23	66	155	60계치킨 서울수유점 내 메뉴를 찾아보세요
23	133	63	100% (4개)
23	133	149	ㆍ
23	133	193	리뷰 (14)
23	151	114	반반메뉴
23	151	262	부분육 메뉴
23	151	438	세트메뉴
23	151	586	사이드메뉴
23	151	756	음료
23	151	860	소스,추가메뉴
23	182	51	1 / 7
23	248	318	60계치킨 서울수유점
23	264	60	부분육 메뉴
23	298	404	4.9(1,045)
23	346	36	봉 15조각
23	400	36	15,800원
23	458	36	&lt;맛선택가능&gt;콜라,무 미포함
23	506	63	100% (4개)
23	506	149	ㆍ
23	506	193	리뷰 (3)
23	580	36	윙 15조각
23	634	36	15,800원
23	692	36	&lt;맛선택가능&gt;콜라,무 미포함
23	740	63	100% (5개)
23	740	149	ㆍ
23	740	193	리뷰 (9)
23	814	36	다리만 6개 (1/2컷팅 12조각)
23	868	36	15,800원
23	926	36	&lt;맛선택가능&gt;다리1/2컷,콜라,무 미포함
23	974	63	100% (5개)
23	974	149	ㆍ
23	974	193	리뷰 (5)
23	1078	42	세트메뉴
23	1160	36	콤보(윙,봉,다리)
23	1214	36	25,500원
23	1272	36	&lt;맛선택가능&gt;윙+봉+다리(1/2컷)+무+콜라 포함
23	1320	63	96% (23개)
23	1320	149	ㆍ
23	1320	193	리뷰 (31)
23	1394	36	윙봉24세트
23	1441	121	지금 와우 가입하면 배달비 0원 + 25,000원 쿠폰
23	1448	36	25,500원
23	1458	781	가입하기
23	1506	36	&lt;맛선택가능&gt;맛있는 윙과 봉만 모았다!인기 메뉴 윙봉세트! 윙+봉+쫀득볼+무+콜라 포함
23	1556	24	배달비 0원 + 1,000원 즉시할인
23	1584	63	91% (11개)
23	1584	149	ㆍ
23	1584	193	리뷰 (11)
24	0	0	&lt;맛선택가능&gt;순살1마리+떡볶이+무+콜라
24	0	0	100% (4개)
24	0	0	ㆍ
24	0	0	떡볶이 엔 순살
24	0	0	리뷰 (3)
24	66	155	60계치킨 서울수유점 내 메뉴를 찾아보세요
24	85	36	윙 15조각
24	139	36	15,800원
24	151	114	부분육 메뉴
24	151	290	세트메뉴
24	151	438	사이드메뉴
24	151	608	음료
24	151	712	소스,추가메뉴
24	182	51	2 / 7
24	197	36	&lt;맛선택가능&gt;콜라,무 미포함
24	245	63	100% (5개)
24	245	149	ㆍ
24	245	193	리뷰 (9)
24	248	318	60계치킨 서울수유점
24	298	404	4.9(1,045)
24	319	36	다리만 6개 (1/2컷팅 12조각)
24	373	36	15,800원
24	431	36	&lt;맛선택가능&gt;다리1/2컷,콜라,무 미포함
24	479	63	100% (5개)
24	479	149	ㆍ
24	479	193	리뷰 (5)
24	583	42	세트메뉴
24	665	36	콤보(윙,봉,다리)
24	719	36	25,500원
24	777	36	&lt;맛선택가능&gt;윙+봉+다리(1/2컷)+무+콜라 포함
24	825	63	96% (23개)
24	825	149	ㆍ
24	825	193	리뷰 (31)
24	899	36	윙봉24세트
24	953	36	25,500원
24	1011	36	&lt;맛선택가능&gt;맛있는 윙과 봉만 모았다!인기 메뉴 윙봉세트! 윙+봉+쫀득볼+무+콜라 포함
24	1089	63	91% (11개)
24	1089	149	ㆍ
24	1089	193	리뷰 (11)
24	1163	36	멘보샤 엔 순살
24	1217	36	29,900원
24	1275	36	&lt;맛선택가능&gt;순살1마리+멘보샤(5개)+딥핑소스+무+콜라
24	1323	63	리뷰 (1)
24	1397	36	치즈볼 엔 순살
24	1441	121	지금 와우 가입하면 배달비 0원 + 25,000원 쿠폰
24	1451	36	28,500원
24	1458	781	가입하기
24	1509	36	&lt;맛선택가능&gt;순살1마리+치즈볼(3개)+메이플시럽+무+콜라
24	1556	24	배달비 0원 + 1,000원 즉시할인
25	0	0	리뷰 (4)
25	66	155	60계치킨 서울수유점 내 메뉴를 찾아보세요
25	151	78	부분육 메뉴
25	151	199	세트메뉴
25	151	347	사이드메뉴
25	151	517	음료
25	151	621	소스,추가메뉴
25	151	820	주류
25	174	36	콤보(윙,봉,다리)
25	182	51	3 / 7
25	228	36	25,500원
25	248	318	60계치킨 서울수유점
25	286	36	&lt;맛선택가능&gt;윙+봉+다리(1/2컷)+무+콜라 포함
25	298	404	4.9(1,045)
25	334	63	96% (23개)
25	334	149	ㆍ
25	334	193	리뷰 (31)
25	408	36	윙봉24세트
25	462	36	25,500원
25	520	36	&lt;맛선택가능&gt;맛있는 윙과 봉만 모았다!인기 메뉴 윙봉세트! 윙+봉+쫀득볼+무+콜라 포함
25	598	63	91% (11개)
25	598	149	ㆍ
25	598	193	리뷰 (11)
25	672	36	멘보샤 엔 순살
25	726	36	29,900원
25	784	36	&lt;맛선택가능&gt;순살1마리+멘보샤(5개)+딥핑소스+무+콜라
25	832	63	리뷰 (1)
25	906	36	치즈볼 엔 순살
25	960	36	28,500원
25	1018	36	&lt;맛선택가능&gt;순살1마리+치즈볼(3개)+메이플시럽+무+콜라
25	1119	36	떡볶이 엔 순살
25	1173	36	30,500원
25	1231	36	&lt;맛선택가능&gt;순살1마리+떡볶이+무+콜라
25	1279	63	100% (4개)
25	1279	149	ㆍ
25	1279	193	리뷰 (3)
25	1383	60	사이드메뉴
25	1441	121	지금 와우 가입하면 배달비 0원 + 25,000원 쿠폰
25	1458	781	가입하기
25	1465	36	근위튀김
25	1519	36	10,000원
25	1556	24	배달비 0원 + 1,000원 즉시할인
25	1577	36	깔끔하고 질기지 않아 더 바삭하고 고소한 근위튀김!
26	0	0	윙봉24세트
26	35	36	&lt;맛선택가능&gt;맛있는 윙과 봉만 모았다!인기 메뉴 윙봉세트! 윙+봉+쫀득볼+무+콜라 포함
26	66	155	60계치킨 서울수유점 내 메뉴를 찾아보세요
26	113	63	91% (11개)
26	113	149	ㆍ
26	113	193	리뷰 (11)
26	151	78	부분육 메뉴
26	151	199	세트메뉴
26	151	347	사이드메뉴
26	151	517	음료
26	151	621	소스,추가메뉴
26	151	820	주류
26	182	51	4 / 7
26	187	36	멘보샤 엔 순살
26	241	36	29,900원
26	248	318	60계치킨 서울수유점
26	298	404	4.9(1,045)
26	299	36	&lt;맛선택가능&gt;순살1마리+멘보샤(5개)+딥핑소스+무+콜라
26	347	63	리뷰 (1)
26	421	36	치즈볼 엔 순살
26	475	36	28,500원
26	533	36	&lt;맛선택가능&gt;순살1마리+치즈볼(3개)+메이플시럽+무+콜라
26	634	36	떡볶이 엔 순살
26	688	36	30,500원
26	746	36	&lt;맛선택가능&gt;순살1마리+떡볶이+무+콜라
26	794	63	100% (4개)
26	794	149	ㆍ
26	794	193	리뷰 (3)
26	898	60	사이드메뉴
26	980	36	근위튀김
26	1034	36	10,000원
26	1092	36	깔끔하고 질기지 않아 더 바삭하고 고소한 근위튀김!
26	1140	63	리뷰 (4)
26	1214	36	근위튀김(양념맛)
26	1268	36	11,000원
26	1326	36	깔끔하고 질기지 않아 더 바삭하고 고소한 근위튀김!
26	1427	36	근위튀김(아매워맛)
26	1441	121	지금 와우 가입하면 배달비 0원 + 25,000원 쿠폰
26	1458	781	가입하기
26	1481	36	11,000원
26	1539	36	깔끔하고 질기지 않아 더 바삭하고 고소한 근위튀김!
26	1556	24	배달비 0원 + 1,000원 즉시할인
27	0	0	100% (6개)
27	0	0	ㆍ
27	0	0	리뷰 (7)
27	0	0	미니쫀득볼(10개)
27	0	0	쫀득 탱탱한 맛있는 쫀득볼!
27	66	155	60계치킨 서울수유점 내 메뉴를 찾아보세요
27	149	36	떡볶이 엔 순살
27	151	78	부분육 메뉴
27	151	199	세트메뉴
27	151	347	사이드메뉴
27	151	517	음료
27	151	621	소스,추가메뉴
27	151	820	주류
27	182	51	5 / 7
27	203	36	30,500원
27	248	318	60계치킨 서울수유점
27	261	36	&lt;맛선택가능&gt;순살1마리+떡볶이+무+콜라
27	298	404	4.9(1,045)
27	309	63	100% (4개)
27	309	149	ㆍ
27	309	193	리뷰 (3)
27	413	60	사이드메뉴
27	495	36	근위튀김
27	549	36	10,000원
27	607	36	깔끔하고 질기지 않아 더 바삭하고 고소한 근위튀김!
27	655	63	리뷰 (4)
27	729	36	근위튀김(양념맛)
27	783	36	11,000원
27	841	36	깔끔하고 질기지 않아 더 바삭하고 고소한 근위튀김!
27	942	36	근위튀김(아매워맛)
27	996	36	11,000원
27	1054	36	깔끔하고 질기지 않아 더 바삭하고 고소한 근위튀김!
27	1155	36	쫀득치즈볼(5개)
27	1209	36	5,000원
27	1267	36	달콤한 치즈가 듬뿍
27	1315	63	100% (5개)
27	1315	149	ㆍ
27	1315	193	리뷰 (5)
27	1389	36	웨지감자
27	1441	121	지금 와우 가입하면 배달비 0원 + 25,000원 쿠폰
27	1443	36	3,500원
27	1458	781	가입하기
27	1501	36	감자가 이렇게 맛있습니다
27	1549	63	100% (3개)
27	1549	149	ㆍ
27	1549	193	리뷰 (5)
27	1556	24	배달비 0원 + 1,000원 즉시할인
28	0	0	100% (7개)
28	0	0	ㆍ
28	0	0	리뷰 (11)
28	0	36	근위튀김
28	66	155	60계치킨 서울수유점 내 메뉴를 찾아보세요
28	111	36	깔끔하고 질기지 않아 더 바삭하고 고소한 근위튀김!
28	151	78	부분육 메뉴
28	151	199	세트메뉴
28	151	347	사이드메뉴
28	151	517	음료
28	151	621	소스,추가메뉴
28	151	820	주류
28	159	63	리뷰 (4)
28	182	51	6 / 7
28	233	36	근위튀김(양념맛)
28	248	318	60계치킨 서울수유점
28	287	36	11,000원
28	298	404	4.9(1,045)
28	345	36	깔끔하고 질기지 않아 더 바삭하고 고소한 근위튀김!
28	446	36	근위튀김(아매워맛)
28	500	36	11,000원
28	558	36	깔끔하고 질기지 않아 더 바삭하고 고소한 근위튀김!
28	659	36	쫀득치즈볼(5개)
28	713	36	5,000원
28	771	36	달콤한 치즈가 듬뿍
28	819	63	100% (5개)
28	819	149	ㆍ
28	819	193	리뷰 (5)
28	893	36	웨지감자
28	947	36	3,500원
28	1005	36	감자가 이렇게 맛있습니다
28	1053	63	100% (3개)
28	1053	149	ㆍ
28	1053	193	리뷰 (5)
28	1127	36	미니쫀득볼(10개)
28	1181	36	3,000원
28	1239	36	쫀득 탱탱한 맛있는 쫀득볼!
28	1287	63	100% (6개)
28	1287	149	ㆍ
28	1287	193	리뷰 (7)
28	1361	36	튀김만두
28	1415	36	5,000원
28	1441	121	지금 와우 가입하면 배달비 0원 + 25,000원 쿠폰
28	1458	781	가입하기
28	1473	36	빠삭! 빠삭! 맛있는! 만두튀김!
28	1556	24	배달비 0원 + 1,000원 즉시할인
28	1574	36	떡볶이
29	0	0	근위튀김(아매워맛)
29	66	155	60계치킨 서울수유점 내 메뉴를 찾아보세요
29	68	36	깔끔하고 질기지 않아 더 바삭하고 고소한 근위튀김!
29	151	78	부분육 메뉴
29	151	199	세트메뉴
29	151	347	사이드메뉴
29	151	517	음료
29	151	621	소스,추가메뉴
29	151	820	주류
29	169	36	쫀득치즈볼(5개)
29	182	51	7 / 7
29	223	36	5,000원
29	248	318	60계치킨 서울수유점
29	281	36	달콤한 치즈가 듬뿍
29	298	404	4.9(1,045)
29	329	63	100% (5개)
29	329	149	ㆍ
29	329	193	리뷰 (5)
29	403	36	웨지감자
29	457	36	3,500원
29	515	36	감자가 이렇게 맛있습니다
29	563	63	100% (3개)
29	563	149	ㆍ
29	563	193	리뷰 (5)
29	637	36	미니쫀득볼(10개)
29	691	36	3,000원
29	749	36	쫀득 탱탱한 맛있는 쫀득볼!
29	797	63	100% (6개)
29	797	149	ㆍ
29	797	193	리뷰 (7)
29	871	36	튀김만두
29	925	36	5,000원
29	983	36	빠삭! 빠삭! 맛있는! 만두튀김!
29	1084	36	떡볶이
29	1138	36	6,000원
29	1196	63	100% (7개)
29	1196	149	ㆍ
29	1196	193	리뷰 (11)
29	1297	36	쫀도그(3개)
29	1351	36	5,000원
29	1409	63	100% (4개)
29	1409	149	ㆍ
29	1409	193	리뷰 (7)
29	1441	121	지금 와우 가입하면 배달비 0원 + 25,000원 쿠폰
29	1458	781	가입하기
29	1510	36	치즈스틱(5개)
29	1556	24	배달비 0원 + 1,000원 즉시할인
29	1564	36	4,000원
30	0	0	리뷰 (1)
30	66	155	60계치킨 서울수유점 내 메뉴를 찾아보세요
30	147	36	미니쫀득볼(10개)
30	151	78	부분육 메뉴
30	151	199	세트메뉴
30	151	347	사이드메뉴
30	151	517	음료
30	151	621	소스,추가메뉴
30	151	820	주류
30	182	51	1 / 7
30	201	36	3,000원
30	248	318	60계치킨 서울수유점
30	259	36	쫀득 탱탱한 맛있는 쫀득볼!
30	298	404	4.9(1,045)
30	307	63	100% (6개)
30	307	149	ㆍ
30	307	193	리뷰 (7)
30	381	36	튀김만두
30	435	36	5,000원
30	493	36	빠삭! 빠삭! 맛있는! 만두튀김!
30	594	36	떡볶이
30	648	36	6,000원
30	706	63	100% (7개)
30	706	149	ㆍ
30	706	193	리뷰 (11)
30	807	36	쫀도그(3개)
30	861	36	5,000원
30	919	63	100% (4개)
30	919	149	ㆍ
30	919	193	리뷰 (7)
30	1020	36	치즈스틱(5개)
30	1074	36	4,000원
30	1233	36	포테이토치즈스틱(3개)
30	1287	36	6,000원
30	1345	36	바삭한 감자튀김 안에 쫀득한 치즈스틱이 쏘옥~ 바삭쫀득 꿀케미!
30	1393	63	100% (3개)
30	1393	149	ㆍ
30	1393	193	리뷰 (4)
30	1441	121	지금 와우 가입하면 배달비 0원 + 25,000원 쿠폰
30	1458	781	가입하기
30	1467	36	호랑이웨지감자
30	1521	36	4,500원
30	1556	24	배달비 0원 + 1,000원 즉시할인
30	1579	36	웨지감자에 호랑이 시즈닝 팍팍!
31	0	0	100% (2개)
31	0	0	ㆍ
31	0	0	리뷰 (2)
31	66	155	60계치킨 서울수유점 내 메뉴를 찾아보세요
31	102	36	떡볶이
31	151	78	부분육 메뉴
31	151	199	세트메뉴
31	151	347	사이드메뉴
31	151	517	음료
31	151	621	소스,추가메뉴
31	151	820	주류
31	156	36	6,000원
31	182	51	2 / 7
31	214	63	100% (7개)
31	214	149	ㆍ
31	214	193	리뷰 (11)
31	248	318	60계치킨 서울수유점
31	298	404	4.9(1,045)
31	315	36	쫀도그(3개)
31	369	36	5,000원
31	427	63	100% (4개)
31	427	149	ㆍ
31	427	193	리뷰 (7)
31	528	36	치즈스틱(5개)
31	582	36	4,000원
31	741	36	포테이토치즈스틱(3개)
31	795	36	6,000원
31	853	36	바삭한 감자튀김 안에 쫀득한 치즈스틱이 쏘옥~ 바삭쫀득 꿀케미!
31	901	63	100% (3개)
31	901	149	ㆍ
31	901	193	리뷰 (4)
31	975	36	호랑이웨지감자
31	1029	36	4,500원
31	1087	36	웨지감자에 호랑이 시즈닝 팍팍!
31	1135	63	리뷰 (1)
31	1209	36	호랑이치즈볼(5개)
31	1263	36	6,000원
31	1321	36	맛있는 치즈볼에 호랑이 시즈닝 팍팍!
31	1369	63	100% (2개)
31	1369	149	ㆍ
31	1369	193	리뷰 (2)
31	1441	121	지금 와우 가입하면 배달비 0원 + 25,000원 쿠폰
31	1443	36	호랑이쫀도그(3개)
31	1458	781	가입하기
31	1497	36	6,000원
31	1555	36	맛있는 쫀도그에 호랑이 시즈닝 팍팍!
31	1556	24	배달비 0원 + 1,000원 즉시할인
32	0	0	리뷰 (1)
32	36	36	치즈스틱(5개)
32	66	155	60계치킨 서울수유점 내 메뉴를 찾아보세요
32	151	78	부분육 메뉴
32	151	199	세트메뉴
32	151	347	사이드메뉴
32	151	517	음료
32	151	621	소스,추가메뉴
32	151	820	주류
32	182	51	3 / 7
32	248	318	60계치킨 서울수유점
32	249	36	포테이토치즈스틱(3개)
32	298	404	4.9(1,045)
32	303	36	6,000원
32	361	36	바삭한 감자튀김 안에 쫀득한 치즈스틱이 쏘옥~ 바삭쫀득 꿀케미!
32	409	63	100% (3개)
32	409	149	ㆍ
32	409	193	리뷰 (4)
32	483	36	호랑이웨지감자
32	537	36	4,500원
32	595	36	웨지감자에 호랑이 시즈닝 팍팍!
32	643	63	리뷰 (1)
32	717	36	호랑이치즈볼(5개)
32	771	36	6,000원
32	829	36	맛있는 치즈볼에 호랑이 시즈닝 팍팍!
32	877	63	100% (2개)
32	877	149	ㆍ
32	877	193	리뷰 (2)
32	951	36	호랑이쫀도그(3개)
32	1005	36	6,000원
32	1063	36	맛있는 쫀도그에 호랑이 시즈닝 팍팍!
32	1111	63	100% (2개)
32	1111	149	ㆍ
32	1111	193	리뷰 (2)
32	1185	36	멘보샤(10개)
32	1239	36	8,900원
32	1297	63	100% (1개)
32	1297	149	ㆍ
32	1297	193	리뷰 (1)
32	1428	60	음료
32	1441	121	지금 와우 가입하면 배달비 0원 + 25,000원 쿠폰
32	1458	781	가입하기
32	1510	36	펩시콜라 245ml
32	1556	24	배달비 0원 + 1,000원 즉시할인
32	1564	36	1,000원
33	0	36	호랑이웨지감자
33	66	155	60계치킨 서울수유점 내 메뉴를 찾아보세요
33	103	36	웨지감자에 호랑이 시즈닝 팍팍!
33	151	63	리뷰 (1)
33	151	78	부분육 메뉴
33	151	199	세트메뉴
33	151	347	사이드메뉴
33	151	517	음료
33	151	621	소스,추가메뉴
33	151	820	주류
33	182	51	4 / 7
33	225	36	호랑이치즈볼(5개)
33	248	318	60계치킨 서울수유점
33	279	36	6,000원
33	298	404	4.9(1,045)
33	337	36	맛있는 치즈볼에 호랑이 시즈닝 팍팍!
33	385	63	100% (2개)
33	385	149	ㆍ
33	385	193	리뷰 (2)
33	459	36	호랑이쫀도그(3개)
33	513	36	6,000원
33	571	36	맛있는 쫀도그에 호랑이 시즈닝 팍팍!
33	619	63	100% (2개)
33	619	149	ㆍ
33	619	193	리뷰 (2)
33	693	36	멘보샤(10개)
33	747	36	8,900원
33	805	63	100% (1개)
33	805	149	ㆍ
33	805	193	리뷰 (1)
33	936	60	음료
33	1018	36	펩시콜라 245ml
33	1072	36	1,000원
33	1130	63	리뷰 (1)
33	1231	36	펩시콜라 500ml
33	1285	36	2,000원
33	1343	63	리뷰 (1)
33	1441	121	지금 와우 가입하면 배달비 0원 + 25,000원 쿠폰
33	1444	36	펩시콜라 1.25L
33	1458	781	가입하기
33	1498	36	3,000원
33	1556	24	배달비 0원 + 1,000원 즉시할인
33	1556	63	100% (2개)
33	1556	149	ㆍ
33	1556	193	리뷰 (3)
34	0	36	호랑이쫀도그(3개)
34	66	155	60계치킨 서울수유점 내 메뉴를 찾아보세요
34	83	36	맛있는 쫀도그에 호랑이 시즈닝 팍팍!
34	131	63	100% (2개)
34	131	149	ㆍ
34	131	193	리뷰 (2)
34	151	78	부분육 메뉴
34	151	199	세트메뉴
34	151	347	사이드메뉴
34	151	517	음료
34	151	621	소스,추가메뉴
34	151	820	주류
34	182	51	5 / 7
34	205	36	멘보샤(10개)
34	248	318	60계치킨 서울수유점
34	259	36	8,900원
34	298	404	4.9(1,045)
34	317	63	100% (1개)
34	317	149	ㆍ
34	317	193	리뷰 (1)
34	448	60	음료
34	530	36	펩시콜라 245ml
34	584	36	1,000원
34	642	63	리뷰 (1)
34	743	36	펩시콜라 500ml
34	797	36	2,000원
34	855	63	리뷰 (1)
34	956	36	펩시콜라 1.25L
34	1010	36	3,000원
34	1068	63	100% (2개)
34	1068	149	ㆍ
34	1068	193	리뷰 (3)
34	1169	36	제로 펩시콜라 500ml
34	1223	36	2,000원
34	1281	63	리뷰 (3)
34	1382	36	제로 펩시콜라 1.25L
34	1436	36	3,000원
34	1441	121	지금 와우 가입하면 배달비 0원 + 25,000원 쿠폰
34	1458	781	가입하기
34	1494	63	리뷰 (1)
34	1556	24	배달비 0원 + 1,000원 즉시할인
34	1595	36	칠성사이다 500ml
35	0	0	100% (1개)
35	0	0	ㆍ
35	0	0	리뷰 (2)
35	43	36	펩시콜라 245ml
35	66	155	60계치킨 서울수유점 내 메뉴를 찾아보세요
35	132	36	1,000원
35	151	78	부분육 메뉴
35	151	199	세트메뉴
35	151	347	사이드메뉴
35	151	517	음료
35	151	621	소스,추가메뉴
35	151	820	주류
35	155	63	리뷰 (1)
35	182	51	6 / 7
35	248	318	60계치킨 서울수유점
35	256	36	펩시콜라 500ml
35	298	404	4.9(1,045)
35	310	36	2,000원
35	368	63	리뷰 (1)
35	469	36	펩시콜라 1.25L
35	523	36	3,000원
35	581	63	100% (2개)
35	581	149	ㆍ
35	581	193	리뷰 (3)
35	682	36	제로 펩시콜라 500ml
35	736	36	2,000원
35	794	63	리뷰 (3)
35	895	36	제로 펩시콜라 1.25L
35	949	36	3,000원
35	1007	63	리뷰 (1)
35	1108	36	칠성사이다 500ml
35	1162	36	2,000원
35	1321	36	칠성사이다 1.25L
35	1375	36	3,000원
35	1441	121	지금 와우 가입하면 배달비 0원 + 25,000원 쿠폰
35	1458	781	가입하기
35	1534	36	제로 칠성사이다 500ml
35	1556	24	배달비 0원 + 1,000원 즉시할인
35	1588	36	2,000원
36	0	0	리뷰 (1)
36	0	36	펩시콜라 1.25L
36	66	155	60계치킨 서울수유점 내 메뉴를 찾아보세요
36	87	63	100% (2개)
36	87	149	ㆍ
36	87	193	리뷰 (3)
36	151	78	부분육 메뉴
36	151	199	세트메뉴
36	151	347	사이드메뉴
36	151	517	음료
36	151	621	소스,추가메뉴
36	151	820	주류
36	182	51	7 / 7
36	188	36	제로 펩시콜라 500ml
36	242	36	2,000원
36	248	318	60계치킨 서울수유점
36	298	404	4.9(1,045)
36	300	63	리뷰 (3)
36	401	36	제로 펩시콜라 1.25L
36	455	36	3,000원
36	513	63	리뷰 (1)
36	614	36	칠성사이다 500ml
36	668	36	2,000원
36	827	36	칠성사이다 1.25L
36	881	36	3,000원
36	1040	36	제로 칠성사이다 500ml
36	1094	36	2,000원
36	1152	63	100% (1개)
36	1152	149	ㆍ
36	1152	193	리뷰 (2)
36	1283	42	소스,추가메뉴
36	1365	36	치킨 무
36	1419	36	700원
36	1441	121	지금 와우 가입하면 배달비 0원 + 25,000원 쿠폰
36	1458	781	가입하기
36	1477	63	리뷰 (8)
36	1556	24	배달비 0원 + 1,000원 즉시할인
36	1578	36	치킨양념 소스
37	66	155	60계치킨 서울수유점 내 메뉴를 찾아보세요
37	128	36	칠성사이다 500ml
37	151	78	부분육 메뉴
37	151	199	세트메뉴
37	151	347	사이드메뉴
37	151	517	음료
37	151	621	소스,추가메뉴
37	151	820	주류
37	182	36	2,000원
37	182	51	1 / 7
37	248	318	60계치킨 서울수유점
37	298	404	4.9(1,045)
37	341	36	칠성사이다 1.25L
37	395	36	3,000원
37	554	36	제로 칠성사이다 500ml
37	608	36	2,000원
37	666	63	100% (1개)
37	666	149	ㆍ
37	666	193	리뷰 (2)
37	797	42	소스,추가메뉴
37	879	36	치킨 무
37	933	36	700원
37	991	63	리뷰 (8)
37	1092	36	치킨양념 소스
37	1146	36	500원
37	1204	63	리뷰 (1)
37	1305	36	마요네즈 소스
37	1359	36	500원
37	1417	63	리뷰 (2)
37	1441	121	지금 와우 가입하면 배달비 0원 + 25,000원 쿠폰
37	1458	781	가입하기
37	1518	36	델리 소스
37	1556	24	배달비 0원 + 1,000원 즉시할인
37	1572	36	500원
38	66	155	60계치킨 서울수유점 내 메뉴를 찾아보세요
38	68	36	제로 칠성사이다 500ml
38	132	36	2,000원
38	151	78	부분육 메뉴
38	151	199	세트메뉴
38	151	347	사이드메뉴
38	151	517	음료
38	151	621	소스,추가메뉴
38	151	820	주류
38	180	63	100% (1개)
38	180	149	ㆍ
38	180	193	리뷰 (2)
38	182	51	2 / 7
38	248	318	60계치킨 서울수유점
38	298	404	4.9(1,045)
38	311	42	소스,추가메뉴
38	393	36	치킨 무
38	447	36	700원
38	505	63	리뷰 (8)
38	606	36	치킨양념 소스
38	660	36	500원
38	718	63	리뷰 (1)
38	819	36	마요네즈 소스
38	873	36	500원
38	931	63	리뷰 (2)
38	1032	36	델리 소스
38	1086	36	500원
38	1245	36	아~매워!소스
38	1299	36	1,500원
38	1357	36	강렬한 매운맛을 느낄 수 있는 매콤한 디핑소스 '아~매워소스'
38	1441	121	지금 와우 가입하면 배달비 0원 + 25,000원 쿠폰
38	1458	36	청양마요소스
38	1458	781	가입하기
38	1512	36	800원
38	1556	24	배달비 0원 + 1,000원 즉시할인
38	1570	63	리뷰 (3)
39	0	0	리뷰 (5)
39	0	0	콘마요소스
39	66	155	60계치킨 서울수유점 내 메뉴를 찾아보세요
39	121	36	치킨양념 소스
39	151	78	부분육 메뉴
39	151	199	세트메뉴
39	151	347	사이드메뉴
39	151	517	음료
39	151	621	소스,추가메뉴
39	151	820	주류
39	175	36	500원
39	182	51	3 / 7
39	233	63	리뷰 (1)
39	248	318	60계치킨 서울수유점
39	298	404	4.9(1,045)
39	334	36	마요네즈 소스
39	388	36	500원
39	446	63	리뷰 (2)
39	547	36	델리 소스
39	601	36	500원
39	760	36	아~매워!소스
39	814	36	1,500원
39	872	36	강렬한 매운맛을 느낄 수 있는 매콤한 디핑소스 '아~매워소스'
39	973	36	청양마요소스
39	1027	36	800원
39	1085	63	리뷰 (3)
39	1186	36	크크크소스
39	1240	36	1,500원
39	1298	63	리뷰 (3)
39	1399	36	핫크크크소스
39	1441	121	지금 와우 가입하면 배달비 0원 + 25,000원 쿠폰
39	1453	36	1,000원
39	1458	781	가입하기
39	1511	63	리뷰 (1)
39	1556	24	배달비 0원 + 1,000원 즉시할인
40	57	36	델리 소스
40	66	155	60계치킨 서울수유점 내 메뉴를 찾아보세요
40	132	36	500원
40	151	78	부분육 메뉴
40	151	199	세트메뉴
40	151	347	사이드메뉴
40	151	517	음료
40	151	621	소스,추가메뉴
40	151	820	주류
40	182	51	4 / 7
40	248	318	60계치킨 서울수유점
40	270	36	아~매워!소스
40	298	404	4.9(1,045)
40	324	36	1,500원
40	382	36	강렬한 매운맛을 느낄 수 있는 매콤한 디핑소스 '아~매워소스'
40	483	36	청양마요소스
40	537	36	800원
40	595	63	리뷰 (3)
40	696	36	크크크소스
40	750	36	1,500원
40	808	63	리뷰 (3)
40	909	36	핫크크크소스
40	963	36	1,000원
40	1021	63	리뷰 (1)
40	1122	36	콘마요소스
40	1176	36	1,500원
40	1234	63	리뷰 (5)
40	1335	36	뿌리고치밥고
40	1389	36	1,000원
40	1441	121	지금 와우 가입하면 배달비 0원 + 25,000원 쿠폰
40	1458	781	가입하기
40	1556	24	배달비 0원 + 1,000원 즉시할인
40	1557	36	메이플시럽
41	0	36	청양마요소스
41	66	155	60계치킨 서울수유점 내 메뉴를 찾아보세요
41	106	63	리뷰 (3)
41	151	78	부분육 메뉴
41	151	199	세트메뉴
41	151	347	사이드메뉴
41	151	517	음료
41	151	621	소스,추가메뉴
41	151	820	주류
41	182	51	5 / 7
41	207	36	크크크소스
41	248	318	60계치킨 서울수유점
41	261	36	1,500원
41	298	404	4.9(1,045)
41	319	63	리뷰 (3)
41	420	36	핫크크크소스
41	474	36	1,000원
41	532	63	리뷰 (1)
41	633	36	콘마요소스
41	687	36	1,500원
41	745	63	리뷰 (5)
41	846	36	뿌리고치밥고
41	900	36	1,000원
41	1068	36	메이플시럽
41	1116	36	500원
41	1246	36	맛소금
41	1300	36	200원
41	1441	121	지금 와우 가입하면 배달비 0원 + 25,000원 쿠폰
41	1458	781	가입하기
41	1489	42	주류
41	1556	24	배달비 0원 + 1,000원 즉시할인
41	1580	36	소주)처음처럼 360ml�
42	66	155	60계치킨 서울수유점 내 메뉴를 찾아보세요
42	136	36	콘마요소스
42	151	78	부분육 메뉴
42	151	199	세트메뉴
42	151	347	사이드메뉴
42	151	517	음료
42	151	621	소스,추가메뉴
42	151	820	주류
42	182	51	6 / 7
42	190	36	1,500원
42	248	63	리뷰 (5)
42	248	318	60계치킨 서울수유점
42	298	404	4.9(1,045)
42	349	36	뿌리고치밥고
42	403	36	1,000원
42	571	36	메이플시럽
42	619	36	500원
42	749	36	맛소금
42	803	36	200원
42	992	42	주류
42	1083	36	소주)처음처럼 360ml�
42	1131	36	5,000원
42	1272	36	소주)참이슬 오리지널 360ml�
42	1320	36	5,000원
42	1441	121	지금 와우 가입하면 배달비 0원 + 25,000원 쿠폰
42	1458	781	가입하기
42	1461	36	소주)진로이즈백 360ml�
42	1509	36	5,000원
42	1556	24	배달비 0원 + 1,000원 즉시할인
43	66	155	60계치킨 서울수유점 내 메뉴를 찾아보세요
43	78	36	메이플시럽
43	132	36	500원
43	151	78	부분육 메뉴
43	151	199	세트메뉴
43	151	347	사이드메뉴
43	151	517	음료
43	151	621	소스,추가메뉴
43	151	820	주류
43	182	51	7 / 7
43	248	318	60계치킨 서울수유점
43	256	36	맛소금
43	298	404	4.9(1,045)
43	310	36	200원
43	499	42	주류
43	590	36	소주)처음처럼 360ml�
43	638	36	5,000원
43	779	36	소주)참이슬 오리지널 360ml�
43	827	36	5,000원
43	968	36	소주)진로이즈백 360ml�
43	1016	36	5,000원
43	1157	36	소주)새로 360ml�
43	1205	36	5,000원
43	1346	36	소주)참이슬 후레쉬 360ml�
43	1394	36	5,000원
43	1441	121	지금 와우 가입하면 배달비 0원 + 25,000원 쿠폰
43	1458	781	가입하기
43	1535	36	맥주)카스 병 500ml�
43	1556	24	배달비 0원 + 1,000원 즉시할인
43	1583	36	5,000원
44	66	155	60계치킨 서울수유점 내 메뉴를 찾아보세요
44	100	36	소주)처음처럼 360ml�
44	148	36	5,000원
44	151	78	부분육 메뉴
44	151	199	세트메뉴
44	151	347	사이드메뉴
44	151	517	음료
44	151	621	소스,추가메뉴
44	151	820	주류
44	182	51	1 / 7
44	248	318	60계치킨 서울수유점
44	289	36	소주)참이슬 오리지널 360ml�
44	298	404	4.9(1,045)
44	337	36	5,000원
44	478	36	소주)진로이즈백 360ml�
44	526	36	5,000원
44	667	36	소주)새로 360ml�
44	715	36	5,000원
44	856	36	소주)참이슬 후레쉬 360ml�
44	904	36	5,000원
44	1045	36	맥주)카스 병 500ml�
44	1093	36	5,000원
44	1234	36	맥주)테라 병 500ml�
44	1282	36	5,000원
44	1423	36	맥주)생맥주 1,000ml�
44	1441	121	지금 와우 가입하면 배달비 0원 + 25,000원 쿠폰
44	1458	781	가입하기
44	1471	36	7,000원
44	1556	24	배달비 0원 + 1,000원 즉시할인
44	1571	63	리뷰 (1)
45	66	155	60계치킨 서울수유점 내 메뉴를 찾아보세요
45	141	36	소주)진로이즈백 360ml�
45	151	78	부분육 메뉴
45	151	199	세트메뉴
45	151	347	사이드메뉴
45	151	517	음료
45	151	621	소스,추가메뉴
45	151	820	주류
45	182	51	2 / 7
45	189	36	5,000원
45	248	318	60계치킨 서울수유점
45	298	404	4.9(1,045)
45	330	36	소주)새로 360ml�
45	378	36	5,000원
45	519	36	소주)참이슬 후레쉬 360ml�
45	567	36	5,000원
45	708	36	맥주)카스 병 500ml�
45	756	36	5,000원
45	897	36	맥주)테라 병 500ml�
45	945	36	5,000원
45	1086	36	맥주)생맥주 1,000ml�
45	1134	36	7,000원
45	1234	63	리뷰 (1)
45	1320	36	비슷한 치킨 맛집 추천해요
45	1326	810	광고
45	1384	171	멕시카나치킨 수유점
45	1384	560	BHC 수유역점
45	1419	220	(274)ㆍ
45	1419	609	(3,930)ㆍ
45	1420	195	4.8
45	1420	279	0.1km
45	1420	584	4.9
45	1420	682	0.3km
45	1441	121	지금 와우 가입하면 배달비 0원 + 25,000원 쿠폰
45	1456	198	4,000원 쿠폰
45	1456	587	3,000원 쿠폰
45	1458	781	가입하기
45	1485	171	배달비 0원
45	1485	560	배달비 0원
45	1556	24	배달비 0원 + 1,000원 즉시할인
