0	0	0	98% (64개)
0	0	0	ㆍ
0	0	0	리뷰 (40)
0	256	381	오픈 준비 중
0	446	51	1 / 3
0	512	265	채선당 도시락&샐러드 마들점
0	607	674	매장∙원산지정보
0	618	69	준비중
0	679	36	최소주문
0	679	210	14,000원
0	734	36	한집배달
0	735	210	2,100~5,400원
0	736	363	자세히
0	776	36	세이브배달
0	776	210	1,600~4,900원
0	866	168	항상 즐겨먹어요^^
0	866	606	맛있습니다
0	1035	114	추천메뉴
0	1035	262	샐러드&포케(신선하고 가볍게)
0	1035	623	정식도시락(제대로 만든 한식밥상)
0	1136	42	추천메뉴
0	1218	36	푸짐한상 도시락(소불고기&오징어볶음)
0	1272	36	14,900원
0	1330	36	오징어볶음+소불고기+기장밥+오늘의 국+반찬4종(계란말이, 장아찌 등 4종)
0	1402	63	92% (52개)
0	1402	149	ㆍ
0	1402	193	리뷰 (37)
0	1476	36	고추장제육도시락
0	1516	0	준비중
0	1530	36	10,100원
0	1588	36	고추장제육+백미밥+오늘의 국+반찬 4종(계란말이,장아찌 등 4종)
1	0	0	96% (25개)
1	0	0	ㆍ
1	0	0	리뷰 (14)
1	0	0	와규떡갈비+백미밥+오늘의 국+반찬 4종(계란말이, 장아찌 등 )
1	28	381	오픈 준비 중
1	66	155	채선당 도시락&샐러드 마들점 내 메뉴를 찾아보세요
1	132	69	준비중
1	132	674	매장∙원산지정보
1	190	36	최소주문
1	190	210	14,000원
1	218	51	1 / 3
1	245	36	한집배달
1	246	210	2,100~5,400원
1	247	363	자세히
1	284	265	채선당 도시락&샐러드 마들점
1	287	36	세이브배달
1	287	210	1,600~4,900원
1	377	168	항상 즐겨먹어요^^
1	377	606	맛있습니다
1	546	114	추천메뉴
1	546	262	샐러드&포케(신선하고 가볍게)
1	546	623	정식도시락(제대로 만든 한식밥상)
1	647	42	추천메뉴
1	729	36	푸짐한상 도시락(소불고기&오징어볶음)
1	783	36	14,900원
1	841	36	오징어볶음+소불고기+기장밥+오늘의 국+반찬4종(계란말이, 장아찌 등 4종)
1	913	63	92% (52개)
1	913	149	ㆍ
1	913	193	리뷰 (37)
1	987	36	고추장제육도시락
1	1041	36	10,100원
1	1099	36	고추장제육+백미밥+오늘의 국+반찬 4종(계란말이,장아찌 등 4종)
1	1171	63	98% (64개)
1	1171	149	ㆍ
1	1171	193	리뷰 (40)
1	1245	36	직화한상 도시락(간장제육&닭갈비)
1	1299	36	13,900원
1	1357	36	돈왕구이+직화닭갈비+백미밥+오늘의 국+반찬4종(계란말이, 장아찌 등 4종 )
1	1435	63	96% (28개)
1	1435	149	ㆍ
1	1435	193	리뷰 (16)
1	1509	36	와규떡갈비 도시락
1	1516	0	준비중
1	1563	36	11,900원
2	28	381	오픈 준비 중
2	66	155	채선당 도시락&샐러드 마들점 내 메뉴를 찾아보세요
2	151	114	추천메뉴
2	151	262	샐러드&포케(신선하고 가볍게)
2	151	623	정식도시락(제대로 만든 한식밥상)
2	159	42	추천메뉴
2	218	51	1 / 3
2	241	36	푸짐한상 도시락(소불고기&오징어볶음)
2	284	265	채선당 도시락&샐러드 마들점
2	295	36	14,900원
2	353	36	오징어볶음+소불고기+기장밥+오늘의 국+반찬4종(계란말이, 장아찌 등 4종)
2	425	63	92% (52개)
2	425	149	ㆍ
2	425	193	리뷰 (37)
2	499	36	고추장제육도시락
2	553	36	10,100원
2	611	36	고추장제육+백미밥+오늘의 국+반찬 4종(계란말이,장아찌 등 4종)
2	683	63	98% (64개)
2	683	149	ㆍ
2	683	193	리뷰 (40)
2	757	36	직화한상 도시락(간장제육&닭갈비)
2	811	36	13,900원
2	869	36	돈왕구이+직화닭갈비+백미밥+오늘의 국+반찬4종(계란말이, 장아찌 등 4종 )
2	947	63	96% (28개)
2	947	149	ㆍ
2	947	193	리뷰 (16)
2	1021	36	와규떡갈비 도시락
2	1075	36	11,900원
2	1133	36	와규떡갈비+백미밥+오늘의 국+반찬 4종(계란말이, 장아찌 등 )
2	1205	63	96% (25개)
2	1205	149	ㆍ
2	1205	193	리뷰 (14)
2	1279	36	매콤고기한상 도시락(고추장제육&닭갈비)
2	1333	36	13,400원
2	1477	36	매콤고추장한상 도시락(고추장제육&오징어볶음)
2	1516	0	준비중
2	1531	36	13,600원
3	0	0	100% (6개)
3	0	0	ㆍ
3	0	0	리뷰 (2)
3	0	0	오리엔탈 소스가 포함되어 있습니다.
3	9	36	고추장제육도시락
3	28	381	오픈 준비 중
3	66	155	채선당 도시락&샐러드 마들점 내 메뉴를 찾아보세요
3	121	36	고추장제육+백미밥+오늘의 국+반찬 4종(계란말이,장아찌 등 4종)
3	151	114	추천메뉴
3	151	262	샐러드&포케(신선하고 가볍게)
3	151	623	정식도시락(제대로 만든 한식밥상)
3	193	63	98% (64개)
3	193	149	ㆍ
3	193	193	리뷰 (40)
3	218	51	1 / 3
3	267	36	직화한상 도시락(간장제육&닭갈비)
3	284	265	채선당 도시락&샐러드 마들점
3	321	36	13,900원
3	379	36	돈왕구이+직화닭갈비+백미밥+오늘의 국+반찬4종(계란말이, 장아찌 등 4종 )
3	457	63	96% (28개)
3	457	149	ㆍ
3	457	193	리뷰 (16)
3	531	36	와규떡갈비 도시락
3	585	36	11,900원
3	643	36	와규떡갈비+백미밥+오늘의 국+반찬 4종(계란말이, 장아찌 등 )
3	715	63	96% (25개)
3	715	149	ㆍ
3	715	193	리뷰 (14)
3	789	36	매콤고기한상 도시락(고추장제육&닭갈비)
3	843	36	13,400원
3	987	36	매콤고추장한상 도시락(고추장제육&오징어볶음)
3	1041	36	13,600원
3	1215	42	샐러드&포케(신선하고 가볍게)
3	1297	36	리코타치즈 샐러드
3	1351	36	7,000원
3	1409	36	소스가 포함되어 있습니다.
3	1457	63	100% (7개)
3	1457	149	ㆍ
3	1457	193	리뷰 (4)
3	1516	0	준비중
3	1531	36	닭가슴살 샐러드
3	1585	36	7,200원
4	0	0	100% (10개)
4	0	0	ㆍ
4	0	0	리뷰 (3)
4	0	0	소스가 포함되어 있습니다.
4	28	381	오픈 준비 중
4	35	36	와규떡갈비 도시락
4	66	155	채선당 도시락&샐러드 마들점 내 메뉴를 찾아보세요
4	147	36	와규떡갈비+백미밥+오늘의 국+반찬 4종(계란말이, 장아찌 등 )
4	151	114	추천메뉴
4	151	262	샐러드&포케(신선하고 가볍게)
4	151	623	정식도시락(제대로 만든 한식밥상)
4	218	51	1 / 3
4	219	63	96% (25개)
4	219	149	ㆍ
4	219	193	리뷰 (14)
4	284	265	채선당 도시락&샐러드 마들점
4	293	36	매콤고기한상 도시락(고추장제육&닭갈비)
4	347	36	13,400원
4	491	36	매콤고추장한상 도시락(고추장제육&오징어볶음)
4	545	36	13,600원
4	719	42	샐러드&포케(신선하고 가볍게)
4	801	36	리코타치즈 샐러드
4	855	36	7,000원
4	913	36	소스가 포함되어 있습니다.
4	961	63	100% (7개)
4	961	149	ㆍ
4	961	193	리뷰 (4)
4	1035	36	닭가슴살 샐러드
4	1089	36	7,200원
4	1147	36	오리엔탈 소스가 포함되어 있습니다.
4	1195	63	100% (6개)
4	1195	149	ㆍ
4	1195	193	리뷰 (2)
4	1269	36	치킨 샐러드
4	1323	36	7,200원
4	1381	36	소스가 포함되어 있습니다.
4	1429	63	92% (12개)
4	1429	149	ㆍ
4	1429	193	리뷰 (8)
4	1503	36	훈제 연어 샐러드
4	1516	0	준비중
4	1557	36	8,400원
5	0	0	96% (25개)
5	0	0	ㆍ
5	0	0	리뷰 (14)
5	0	0	와규떡갈비 도시락
5	0	0	와규떡갈비+백미밥+오늘의 국+반찬 4종(계란말이, 장아찌 등 )
5	0	36	매콤고추장한상 도시락(고추장제육&오징어볶음)
5	28	381	오픈 준비 중
5	66	155	채선당 도시락&샐러드 마들점 내 메뉴를 찾아보세요
5	151	114	추천메뉴
5	151	262	샐러드&포케(신선하고 가볍게)
5	151	623	정식도시락(제대로 만든 한식밥상)
5	218	51	1 / 3
5	223	42	샐러드&포케(신선하고 가볍게)
5	284	265	채선당 도시락&샐러드 마들점
5	305	36	리코타치즈 샐러드
5	359	36	7,000원
5	417	36	소스가 포함되어 있습니다.
5	465	63	100% (7개)
5	465	149	ㆍ
5	465	193	리뷰 (4)
5	539	36	닭가슴살 샐러드
5	593	36	7,200원
5	651	36	오리엔탈 소스가 포함되어 있습니다.
5	699	63	100% (6개)
5	699	149	ㆍ
5	699	193	리뷰 (2)
5	773	36	치킨 샐러드
5	827	36	7,200원
5	885	36	소스가 포함되어 있습니다.
5	933	63	92% (12개)
5	933	149	ㆍ
5	933	193	리뷰 (8)
5	1007	36	훈제 연어 샐러드
5	1061	36	8,400원
5	1119	36	소스가 포함되어 있습니다.
5	1167	63	100% (10개)
5	1167	159	ㆍ
5	1167	203	리뷰 (3)
5	1271	42	정식도시락(제대로 만든 한식밥상)
5	1353	36	간장제육도시락
5	1407	36	9,900원
5	1465	36	간장제육+기장밥+오늘의 국+반찬4종(계란말이, 장아찌 등 4종)
5	1516	0	준비중
5	1537	63	98% (43개)
5	1537	149	ㆍ
5	1537	193	리뷰 (24)
6	28	381	오픈 준비 중
6	53	36	닭가슴살 샐러드
6	66	155	채선당 도시락&샐러드 마들점 내 메뉴를 찾아보세요
6	132	36	7,200원
6	151	114	샐러드&포케(신선하고 가볍게)
6	151	476	정식도시락(제대로 만든 한식밥상)
6	151	872	한상차림 도시락(두 가지 메인 음식을 정갈하게 담은)
6	165	36	오리엔탈 소스가 포함되어 있습니다.
6	213	63	100% (6개)
6	213	149	ㆍ
6	213	193	리뷰 (2)
6	218	51	1 / 3
6	284	265	채선당 도시락&샐러드 마들점
6	287	36	치킨 샐러드
6	341	36	7,200원
6	399	36	소스가 포함되어 있습니다.
6	447	63	92% (12개)
6	447	149	ㆍ
6	447	193	리뷰 (8)
6	521	36	훈제 연어 샐러드
6	575	36	8,400원
6	633	36	소스가 포함되어 있습니다.
6	681	63	100% (10개)
6	681	159	ㆍ
6	681	203	리뷰 (3)
6	785	42	정식도시락(제대로 만든 한식밥상)
6	867	36	간장제육도시락
6	921	36	9,900원
6	979	36	간장제육+기장밥+오늘의 국+반찬4종(계란말이, 장아찌 등 4종)
6	1051	63	98% (43개)
6	1051	149	ㆍ
6	1051	193	리뷰 (24)
6	1125	36	와규떡갈비 도시락
6	1179	36	11,900원
6	1237	36	와규떡갈비+백미밥+오늘의 국+반찬 4종(계란말이, 장아찌 등 )
6	1309	63	96% (25개)
6	1309	149	ㆍ
6	1309	193	리뷰 (14)
6	1383	36	고추장제육도시락
6	1437	36	10,100원
6	1495	36	고추장제육+백미밥+오늘의 국+반찬 4종(계란말이,장아찌 등 4종)
6	1516	0	준비중
6	1567	63	98% (64개)
6	1567	149	ㆍ
6	1567	193	리뷰 (40)
7	28	381	오픈 준비 중
7	37	36	훈제 연어 샐러드
7	66	155	채선당 도시락&샐러드 마들점 내 메뉴를 찾아보세요
7	149	36	소스가 포함되어 있습니다.
7	151	114	샐러드&포케(신선하고 가볍게)
7	151	476	정식도시락(제대로 만든 한식밥상)
7	151	872	한상차림 도시락(두 가지 메인 음식을 정갈하게 담은)
7	197	63	100% (10개)
7	197	159	ㆍ
7	197	203	리뷰 (3)
7	218	51	1 / 3
7	284	265	채선당 도시락&샐러드 마들점
7	301	42	정식도시락(제대로 만든 한식밥상)
7	383	36	간장제육도시락
7	437	36	9,900원
7	495	36	간장제육+기장밥+오늘의 국+반찬4종(계란말이, 장아찌 등 4종)
7	567	63	98% (43개)
7	567	149	ㆍ
7	567	193	리뷰 (24)
7	641	36	와규떡갈비 도시락
7	695	36	11,900원
7	753	36	와규떡갈비+백미밥+오늘의 국+반찬 4종(계란말이, 장아찌 등 )
7	825	63	96% (25개)
7	825	149	ㆍ
7	825	193	리뷰 (14)
7	899	36	고추장제육도시락
7	953	36	10,100원
7	1011	36	고추장제육+백미밥+오늘의 국+반찬 4종(계란말이,장아찌 등 4종)
7	1083	63	98% (64개)
7	1083	149	ㆍ
7	1083	193	리뷰 (40)
7	1157	36	등심돈까스 도시락
7	1211	36	10,200원
7	1269	36	등심돈까스+기장밥+오늘의 국+반찬 4종(계란말이,장아찌 등 4종)
7	1341	63	100% (18개)
7	1341	159	ㆍ
7	1341	203	리뷰 (12)
7	1415	36	닭갈비 도시락
7	1469	36	9,900원
7	1516	0	준비중
7	1527	36	직화 닭갈비+기장밥+오늘의 국+반찬4종(계란말이,장아찌 등 4종)
7	1599	63	100% (18개)
7	1599	159	ㆍ
7	1599	203	리뷰 (9)
8	0	0	98% (49개)
8	0	0	ㆍ
8	0	0	리뷰 (34)
8	28	381	오픈 준비 중
8	66	155	채선당 도시락&샐러드 마들점 내 메뉴를 찾아보세요
8	150	36	와규떡갈비 도시락
8	151	114	정식도시락(제대로 만든 한식밥상)
8	151	510	한상차림 도시락(두 가지 메인 음식을 정갈하게 담은)
8	204	36	11,900원
8	218	51	1 / 3
8	262	36	와규떡갈비+백미밥+오늘의 국+반찬 4종(계란말이, 장아찌 등 )
8	284	265	채선당 도시락&샐러드 마들점
8	334	63	96% (25개)
8	334	149	ㆍ
8	334	193	리뷰 (14)
8	408	36	고추장제육도시락
8	462	36	10,100원
8	520	36	고추장제육+백미밥+오늘의 국+반찬 4종(계란말이,장아찌 등 4종)
8	592	63	98% (64개)
8	592	149	ㆍ
8	592	193	리뷰 (40)
8	666	36	등심돈까스 도시락
8	720	36	10,200원
8	778	36	등심돈까스+기장밥+오늘의 국+반찬 4종(계란말이,장아찌 등 4종)
8	850	63	100% (18개)
8	850	159	ㆍ
8	850	203	리뷰 (12)
8	924	36	닭갈비 도시락
8	978	36	9,900원
8	1036	36	직화 닭갈비+기장밥+오늘의 국+반찬4종(계란말이,장아찌 등 4종)
8	1108	63	100% (18개)
8	1108	159	ㆍ
8	1108	203	리뷰 (9)
8	1182	36	소불고기 도시락
8	1236	36	11,400원
8	1294	36	소불고기+기장밥+오늘의 국+반찬 4종(계란말이, 장아찌 등 4종)
8	1366	63	98% (41개)
8	1366	149	ㆍ
8	1366	193	리뷰 (27)
8	1440	36	오징어볶음 도시락
8	1494	36	11,400원
8	1516	0	준비중
8	1552	36	오징어볶음+기장밥+오늘의 국+반찬4종(계란말이,장아찌 등 4종)
9	0	0	96% (28개)
9	0	0	ㆍ
9	0	0	고추장제육도시락
9	0	0	돈왕구이+직화닭갈비+백미밥+오늘의 국+반찬4종(계란말이, 장아찌 등 4종 )
9	0	0	리뷰 (16)
9	28	381	오픈 준비 중
9	33	36	고추장제육+백미밥+오늘의 국+반찬 4종(계란말이,장아찌 등 4종)
9	66	155	채선당 도시락&샐러드 마들점 내 메뉴를 찾아보세요
9	105	63	98% (64개)
9	105	149	ㆍ
9	105	193	리뷰 (40)
9	151	114	정식도시락(제대로 만든 한식밥상)
9	151	510	한상차림 도시락(두 가지 메인 음식을 정갈하게 담은)
9	179	36	등심돈까스 도시락
9	218	51	1 / 3
9	233	36	10,200원
9	284	265	채선당 도시락&샐러드 마들점
9	291	36	등심돈까스+기장밥+오늘의 국+반찬 4종(계란말이,장아찌 등 4종)
9	363	63	100% (18개)
9	363	159	ㆍ
9	363	203	리뷰 (12)
9	437	36	닭갈비 도시락
9	491	36	9,900원
9	549	36	직화 닭갈비+기장밥+오늘의 국+반찬4종(계란말이,장아찌 등 4종)
9	621	63	100% (18개)
9	621	159	ㆍ
9	621	203	리뷰 (9)
9	695	36	소불고기 도시락
9	749	36	11,400원
9	807	36	소불고기+기장밥+오늘의 국+반찬 4종(계란말이, 장아찌 등 4종)
9	879	63	98% (41개)
9	879	149	ㆍ
9	879	193	리뷰 (27)
9	953	36	오징어볶음 도시락
9	1007	36	11,400원
9	1065	36	오징어볶음+기장밥+오늘의 국+반찬4종(계란말이,장아찌 등 4종)
9	1137	63	98% (49개)
9	1137	149	ㆍ
9	1137	193	리뷰 (34)
9	1211	36	연어구이 도시락
9	1265	36	11,900원
9	1323	36	연어구이+기장밥+오늘의 국+반찬4종(계란말이, 장아찌 등 4종)
9	1371	63	95% (22개)
9	1371	149	ㆍ
9	1371	193	리뷰 (11)
9	1475	42	한상차림 도시락(두 가지 메인 음식을 정갈하게 담은)
9	1516	0	준비중
9	1557	36	직화한상 도시락(간장제육&닭갈비)
10	0	0	100% (17개)
10	0	0	ㆍ
10	0	0	닭갈비 도시락
10	0	0	리뷰 (11)
10	0	0	실속한상 도시락(간장제육&오징어볶음)
10	0	0	오징어볶음+간장제육+기장밥+오늘의 국+반찬4종(계란말이, 장아찌 등 4종)
10	28	381	오픈 준비 중
10	66	155	채선당 도시락&샐러드 마들점 내 메뉴를 찾아보세요
10	68	36	직화 닭갈비+기장밥+오늘의 국+반찬4종(계란말이,장아찌 등 4종)
10	140	63	100% (18개)
10	140	159	ㆍ
10	140	203	리뷰 (9)
10	151	114	정식도시락(제대로 만든 한식밥상)
10	151	510	한상차림 도시락(두 가지 메인 음식을 정갈하게 담은)
10	214	36	소불고기 도시락
10	218	51	1 / 3
10	268	36	11,400원
10	284	265	채선당 도시락&샐러드 마들점
10	326	36	소불고기+기장밥+오늘의 국+반찬 4종(계란말이, 장아찌 등 4종)
10	398	63	98% (41개)
10	398	149	ㆍ
10	398	193	리뷰 (27)
10	472	36	오징어볶음 도시락
10	526	36	11,400원
10	584	36	오징어볶음+기장밥+오늘의 국+반찬4종(계란말이,장아찌 등 4종)
10	656	63	98% (49개)
10	656	149	ㆍ
10	656	193	리뷰 (34)
10	730	36	연어구이 도시락
10	784	36	11,900원
10	842	36	연어구이+기장밥+오늘의 국+반찬4종(계란말이, 장아찌 등 4종)
10	890	63	95% (22개)
10	890	149	ㆍ
10	890	193	리뷰 (11)
10	994	42	한상차림 도시락(두 가지 메인 음식을 정갈하게 담은)
10	1076	36	직화한상 도시락(간장제육&닭갈비)
10	1130	36	13,900원
10	1188	36	돈왕구이+직화닭갈비+백미밥+오늘의 국+반찬4종(계란말이, 장아찌 등 4종 )
10	1266	63	96% (28개)
10	1266	149	ㆍ
10	1266	193	리뷰 (16)
10	1340	36	고기한상 도시락(간장제육&고추장제육)
10	1394	36	12,400원
10	1452	36	간장제육+고추장제육+기장밥+오늘의 국+반찬4 종(계란말이, 장아찌 등 4종)
10	1516	0	준비중
10	1530	63	100% (19개)
10	1530	159	ㆍ
10	1530	203	리뷰 (8)
11	0	36	오징어볶음 도시락
11	28	381	오픈 준비 중
11	66	155	채선당 도시락&샐러드 마들점 내 메뉴를 찾아보세요
11	92	36	오징어볶음+기장밥+오늘의 국+반찬4종(계란말이,장아찌 등 4종)
11	151	114	정식도시락(제대로 만든 한식밥상)
11	151	510	한상차림 도시락(두 가지 메인 음식을 정갈하게 담은)
11	164	63	98% (49개)
11	164	149	ㆍ
11	164	193	리뷰 (34)
11	218	51	1 / 3
11	238	36	연어구이 도시락
11	284	265	채선당 도시락&샐러드 마들점
11	292	36	11,900원
11	350	36	연어구이+기장밥+오늘의 국+반찬4종(계란말이, 장아찌 등 4종)
11	398	63	95% (22개)
11	398	149	ㆍ
11	398	193	리뷰 (11)
11	502	42	한상차림 도시락(두 가지 메인 음식을 정갈하게 담은)
11	584	36	직화한상 도시락(간장제육&닭갈비)
11	638	36	13,900원
11	696	36	돈왕구이+직화닭갈비+백미밥+오늘의 국+반찬4종(계란말이, 장아찌 등 4종 )
11	774	63	96% (28개)
11	774	149	ㆍ
11	774	193	리뷰 (16)
11	848	36	고기한상 도시락(간장제육&고추장제육)
11	902	36	12,400원
11	960	36	간장제육+고추장제육+기장밥+오늘의 국+반찬4 종(계란말이, 장아찌 등 4종)
11	1038	63	100% (19개)
11	1038	159	ㆍ
11	1038	203	리뷰 (8)
11	1112	36	실속한상 도시락(간장제육&오징어볶음)
11	1166	36	12,900원
11	1224	36	오징어볶음+간장제육+기장밥+오늘의 국+반찬4종(계란말이, 장아찌 등 4종)
11	1296	63	100% (17개)
11	1296	159	ㆍ
11	1296	203	리뷰 (11)
11	1370	36	푸짐한상 도시락(소불고기&오징어볶음)
11	1424	36	14,900원
11	1482	36	오징어볶음+소불고기+기장밥+오늘의 국+반찬4종(계란말이, 장아찌 등 4종)
11	1516	0	준비중
11	1554	63	92% (52개)
11	1554	149	ㆍ
11	1554	193	리뷰 (37)
12	28	381	오픈 준비 중
12	66	155	채선당 도시락&샐러드 마들점 내 메뉴를 찾아보세요
12	94	36	직화한상 도시락(간장제육&닭갈비)
12	148	36	13,900원
12	151	114	한상차림 도시락(두 가지 메인 음식을 정갈하게 담은)
12	151	688	간편도시락
12	151	858	찌개도시락
12	206	36	돈왕구이+직화닭갈비+백미밥+오늘의 국+반찬4종(계란말이, 장아찌 등 4종 )
12	218	51	1 / 3
12	284	63	96% (28개)
12	284	149	ㆍ
12	284	193	리뷰 (16)
12	284	265	채선당 도시락&샐러드 마들점
12	358	36	고기한상 도시락(간장제육&고추장제육)
12	412	36	12,400원
12	470	36	간장제육+고추장제육+기장밥+오늘의 국+반찬4 종(계란말이, 장아찌 등 4종)
12	548	63	100% (19개)
12	548	159	ㆍ
12	548	203	리뷰 (8)
12	622	36	실속한상 도시락(간장제육&오징어볶음)
12	676	36	12,900원
12	734	36	오징어볶음+간장제육+기장밥+오늘의 국+반찬4종(계란말이, 장아찌 등 4종)
12	806	63	100% (17개)
12	806	159	ㆍ
12	806	203	리뷰 (11)
12	880	36	푸짐한상 도시락(소불고기&오징어볶음)
12	934	36	14,900원
12	992	36	오징어볶음+소불고기+기장밥+오늘의 국+반찬4종(계란말이, 장아찌 등 4종)
12	1064	63	92% (52개)
12	1064	149	ㆍ
12	1064	193	리뷰 (37)
12	1138	36	매콤고기한상 도시락(고추장제육&닭갈비)
12	1192	36	13,400원
12	1336	36	매콤고추장한상 도시락(고추장제육&오징어볶음)
12	1390	36	13,600원
12	1516	0	준비중
12	1564	42	간편도시락
13	28	381	오픈 준비 중
13	66	155	채선당 도시락&샐러드 마들점 내 메뉴를 찾아보세요
13	133	36	실속한상 도시락(간장제육&오징어볶음)
13	151	114	한상차림 도시락(두 가지 메인 음식을 정갈하게 담은)
13	151	688	간편도시락
13	151	858	찌개도시락
13	187	36	12,900원
13	218	51	1 / 3
13	245	36	오징어볶음+간장제육+기장밥+오늘의 국+반찬4종(계란말이, 장아찌 등 4종)
13	284	265	채선당 도시락&샐러드 마들점
13	317	63	100% (17개)
13	317	159	ㆍ
13	317	203	리뷰 (11)
13	391	36	푸짐한상 도시락(소불고기&오징어볶음)
13	445	36	14,900원
13	503	36	오징어볶음+소불고기+기장밥+오늘의 국+반찬4종(계란말이, 장아찌 등 4종)
13	575	63	92% (52개)
13	575	149	ㆍ
13	575	193	리뷰 (37)
13	649	36	매콤고기한상 도시락(고추장제육&닭갈비)
13	703	36	13,400원
13	847	36	매콤고추장한상 도시락(고추장제육&오징어볶음)
13	901	36	13,600원
13	1075	42	간편도시락
13	1157	36	치킨불백
13	1211	36	6,200원
13	1269	36	간장제육+치킨+야채샐러드+반찬2종
13	1317	63	100% (9개)
13	1317	149	ㆍ
13	1317	193	리뷰 (8)
13	1391	36	새우튀김 불백
13	1445	36	7,200원
13	1503	36	간장제육+새우튀김+돈까스+치킨+비엔나소시지+야채샐러드+반찬2종
13	1516	0	준비중
13	1551	63	100% (1개)
13	1551	149	ㆍ
13	1551	193	리뷰 (2)
14	0	0	100% (1개)
14	0	0	ㆍ
14	0	0	고추장제육+새우튀김+돈까스+비엔나소시지+야채샐러드+반찬2종
14	0	0	리뷰 (3)
14	0	0	새우튀김 제육
14	0	0	푸짐한상 도시락(소불고기&오징어볶음)
14	13	36	오징어볶음+소불고기+기장밥+오늘의 국+반찬4종(계란말이, 장아찌 등 4종)
14	28	381	오픈 준비 중
14	66	155	채선당 도시락&샐러드 마들점 내 메뉴를 찾아보세요
14	85	63	92% (52개)
14	85	149	ㆍ
14	85	193	리뷰 (37)
14	151	114	한상차림 도시락(두 가지 메인 음식을 정갈하게 담은)
14	151	688	간편도시락
14	151	858	찌개도시락
14	159	36	매콤고기한상 도시락(고추장제육&닭갈비)
14	213	36	13,400원
14	218	51	1 / 3
14	284	265	채선당 도시락&샐러드 마들점
14	357	36	매콤고추장한상 도시락(고추장제육&오징어볶음)
14	411	36	13,600원
14	585	42	간편도시락
14	667	36	치킨불백
14	721	36	6,200원
14	779	36	간장제육+치킨+야채샐러드+반찬2종
14	827	63	100% (9개)
14	827	149	ㆍ
14	827	193	리뷰 (8)
14	901	36	새우튀김 불백
14	955	36	7,200원
14	1013	36	간장제육+새우튀김+돈까스+치킨+비엔나소시지+야채샐러드+반찬2종
14	1061	63	100% (1개)
14	1061	149	ㆍ
14	1061	193	리뷰 (2)
14	1135	36	알찬불백
14	1189	36	6,600원
14	1247	36	간장제육(130g)+야채샐러드+반찬3종
14	1295	63	100% (4개)
14	1295	149	ㆍ
14	1295	193	리뷰 (5)
14	1369	36	치킨제육
14	1423	36	6,400원
14	1481	36	고추장제육+치킨+야채샐러드+반찬2종
14	1516	0	준비중
14	1529	63	100% (8개)
14	1529	149	ㆍ
14	1529	193	리뷰 (7)
15	0	0	80% (5개)
15	0	0	ㆍ
15	0	0	리뷰 (4)
15	0	0	소불+치킨+야채샐러드+반찬2종
15	28	381	오픈 준비 중
15	66	155	채선당 도시락&샐러드 마들점 내 메뉴를 찾아보세요
15	151	114	간편도시락
15	151	284	찌개도시락
15	151	454	곁들이 반찬
15	151	630	음료
15	151	734	라면
15	151	838	치킨&분식
15	174	36	치킨불백
15	218	51	1 / 3
15	228	36	6,200원
15	284	265	채선당 도시락&샐러드 마들점
15	286	36	간장제육+치킨+야채샐러드+반찬2종
15	334	63	100% (9개)
15	334	149	ㆍ
15	334	193	리뷰 (8)
15	408	36	새우튀김 불백
15	462	36	7,200원
15	520	36	간장제육+새우튀김+돈까스+치킨+비엔나소시지+야채샐러드+반찬2종
15	568	63	100% (1개)
15	568	149	ㆍ
15	568	193	리뷰 (2)
15	642	36	알찬불백
15	696	36	6,600원
15	754	36	간장제육(130g)+야채샐러드+반찬3종
15	802	63	100% (4개)
15	802	149	ㆍ
15	802	193	리뷰 (5)
15	876	36	치킨제육
15	930	36	6,400원
15	988	36	고추장제육+치킨+야채샐러드+반찬2종
15	1036	63	100% (8개)
15	1036	149	ㆍ
15	1036	193	리뷰 (7)
15	1110	36	새우튀김 제육
15	1164	36	7,400원
15	1222	36	고추장제육+새우튀김+돈까스+비엔나소시지+야채샐러드+반찬2종
15	1270	63	100% (1개)
15	1270	149	ㆍ
15	1270	193	리뷰 (3)
15	1344	36	알찬제육
15	1398	36	6,800원
15	1456	36	고추장제육(130g)+야채샐러드+반찬3종
15	1504	63	100% (14개)
15	1504	159	ㆍ
15	1504	203	리뷰 (6)
15	1516	0	준비중
15	1587	36	치킨소불백
16	0	0	100% (3개)
16	0	0	ㆍ
16	0	0	리뷰 (2)
16	0	0	소불고기+돈까스+새우튀김+비엔나소시지+야채샐러드+반찬2종
16	28	381	오픈 준비 중
16	66	155	채선당 도시락&샐러드 마들점 내 메뉴를 찾아보세요
16	151	114	간편도시락
16	151	284	찌개도시락
16	151	454	곁들이 반찬
16	151	630	음료
16	151	734	라면
16	151	838	치킨&분식
16	155	36	알찬불백
16	209	36	6,600원
16	218	51	1 / 3
16	267	36	간장제육(130g)+야채샐러드+반찬3종
16	284	265	채선당 도시락&샐러드 마들점
16	315	63	100% (4개)
16	315	149	ㆍ
16	315	193	리뷰 (5)
16	389	36	치킨제육
16	443	36	6,400원
16	501	36	고추장제육+치킨+야채샐러드+반찬2종
16	549	63	100% (8개)
16	549	149	ㆍ
16	549	193	리뷰 (7)
16	623	36	새우튀김 제육
16	677	36	7,400원
16	735	36	고추장제육+새우튀김+돈까스+비엔나소시지+야채샐러드+반찬2종
16	783	63	100% (1개)
16	783	149	ㆍ
16	783	193	리뷰 (3)
16	857	36	알찬제육
16	911	36	6,800원
16	969	36	고추장제육(130g)+야채샐러드+반찬3종
16	1017	63	100% (14개)
16	1017	159	ㆍ
16	1017	203	리뷰 (6)
16	1100	36	치킨소불백
16	1148	36	7,500원
16	1206	36	소불+치킨+야채샐러드+반찬2종
16	1254	63	80% (5개)
16	1254	139	ㆍ
16	1254	183	리뷰 (4)
16	1328	36	소불백 새우
16	1382	36	8,300원
16	1440	36	소불고기+새우후라이2개+함박스테이크+피쉬볼+비엔나소시지+야채샐러드+반찬2종
16	1516	0	준비중
16	1518	63	100% (2개)
16	1518	149	ㆍ
16	1518	193	리뷰 (1)
16	1592	36	소불백 돈까스
17	28	381	오픈 준비 중
17	66	155	채선당 도시락&샐러드 마들점 내 메뉴를 찾아보세요
17	136	36	새우튀김 제육
17	151	114	간편도시락
17	151	284	찌개도시락
17	151	454	곁들이 반찬
17	151	630	음료
17	151	734	라면
17	151	838	치킨&분식
17	190	36	7,400원
17	218	51	1 / 3
17	248	36	고추장제육+새우튀김+돈까스+비엔나소시지+야채샐러드+반찬2종
17	284	265	채선당 도시락&샐러드 마들점
17	296	63	100% (1개)
17	296	149	ㆍ
17	296	193	리뷰 (3)
17	370	36	알찬제육
17	424	36	6,800원
17	482	36	고추장제육(130g)+야채샐러드+반찬3종
17	530	63	100% (14개)
17	530	159	ㆍ
17	530	203	리뷰 (6)
17	613	36	치킨소불백
17	661	36	7,500원
17	719	36	소불+치킨+야채샐러드+반찬2종
17	767	63	80% (5개)
17	767	139	ㆍ
17	767	183	리뷰 (4)
17	841	36	소불백 새우
17	895	36	8,300원
17	953	36	소불고기+새우후라이2개+함박스테이크+피쉬볼+비엔나소시지+야채샐러드+반찬2종
17	1031	63	100% (2개)
17	1031	149	ㆍ
17	1031	193	리뷰 (1)
17	1105	36	소불백 돈까스
17	1159	36	7,900원
17	1217	36	소불고기+돈까스+새우튀김+비엔나소시지+야채샐러드+반찬2종
17	1265	63	100% (3개)
17	1265	149	ㆍ
17	1265	193	리뷰 (2)
17	1339	36	알찬소불백
17	1393	36	7,900원
17	1451	36	소불고기(130g)+야채샐러드+반찬3종
17	1499	63	100% (5개)
17	1499	149	ㆍ
17	1499	193	리뷰 (4)
17	1516	0	준비중
18	28	381	오픈 준비 중
18	66	155	채선당 도시락&샐러드 마들점 내 메뉴를 찾아보세요
18	121	36	치킨소불백
18	151	114	간편도시락
18	151	284	찌개도시락
18	151	454	곁들이 반찬
18	151	630	음료
18	151	734	라면
18	151	838	치킨&분식
18	169	36	7,500원
18	218	51	1 / 3
18	227	36	소불+치킨+야채샐러드+반찬2종
18	275	63	80% (5개)
18	275	139	ㆍ
18	275	183	리뷰 (4)
18	284	265	채선당 도시락&샐러드 마들점
18	349	36	소불백 새우
18	403	36	8,300원
18	461	36	소불고기+새우후라이2개+함박스테이크+피쉬볼+비엔나소시지+야채샐러드+반찬2종
18	539	63	100% (2개)
18	539	149	ㆍ
18	539	193	리뷰 (1)
18	613	36	소불백 돈까스
18	667	36	7,900원
18	725	36	소불고기+돈까스+새우튀김+비엔나소시지+야채샐러드+반찬2종
18	773	63	100% (3개)
18	773	149	ㆍ
18	773	193	리뷰 (2)
18	847	36	알찬소불백
18	901	36	7,900원
18	959	36	소불고기(130g)+야채샐러드+반찬3종
18	1007	63	100% (5개)
18	1007	149	ㆍ
18	1007	193	리뷰 (4)
18	1111	42	찌개도시락
18	1193	36	묵은지김치찌개(단품)
18	1247	36	4,900원
18	1305	63	100% (4개)
18	1391	36	부대찌개(단품)
18	1445	36	4,900원
18	1503	63	100% (3개)
18	1516	0	준비중
19	0	0	100% (2개)
19	0	0	ㆍ
19	0	0	리뷰 (2)
19	0	0	소불고기(단품)
19	28	381	오픈 준비 중
19	66	155	채선당 도시락&샐러드 마들점 내 메뉴를 찾아보세요
19	125	36	소불백 돈까스
19	151	114	간편도시락
19	151	284	찌개도시락
19	151	454	곁들이 반찬
19	151	630	음료
19	151	734	라면
19	151	838	치킨&분식
19	179	36	7,900원
19	218	51	1 / 3
19	237	36	소불고기+돈까스+새우튀김+비엔나소시지+야채샐러드+반찬2종
19	284	265	채선당 도시락&샐러드 마들점
19	285	63	100% (3개)
19	285	149	ㆍ
19	285	193	리뷰 (2)
19	359	36	알찬소불백
19	413	36	7,900원
19	471	36	소불고기(130g)+야채샐러드+반찬3종
19	519	63	100% (5개)
19	519	149	ㆍ
19	519	193	리뷰 (4)
19	623	42	찌개도시락
19	705	36	묵은지김치찌개(단품)
19	759	36	4,900원
19	817	63	100% (4개)
19	903	36	부대찌개(단품)
19	957	36	4,900원
19	1015	63	100% (3개)
19	1131	42	곁들이 반찬
19	1213	36	간장제육(단품)
19	1267	36	5,400원
19	1325	63	100% (2개)
19	1411	36	고추장제육(단품)
19	1465	36	5,600원
19	1516	0	준비중
19	1523	63	100% (1개)
20	0	0	100% (3개)
20	0	0	ㆍ
20	0	0	리뷰 (1)
20	28	381	오픈 준비 중
20	66	155	채선당 도시락&샐러드 마들점 내 메뉴를 찾아보세요
20	137	42	찌개도시락
20	151	78	간편도시락
20	151	207	찌개도시락
20	151	377	곁들이 반찬
20	151	553	음료
20	151	657	라면
20	151	761	치킨&분식
20	218	51	1 / 3
20	219	36	묵은지김치찌개(단품)
20	273	36	4,900원
20	284	265	채선당 도시락&샐러드 마들점
20	331	63	100% (4개)
20	417	36	부대찌개(단품)
20	471	36	4,900원
20	529	63	100% (3개)
20	645	42	곁들이 반찬
20	727	36	간장제육(단품)
20	781	36	5,400원
20	839	63	100% (2개)
20	925	36	고추장제육(단품)
20	979	36	5,600원
20	1037	63	100% (1개)
20	1123	36	소불고기(단품)
20	1177	36	6,900원
20	1235	63	100% (2개)
20	1235	149	ㆍ
20	1235	193	리뷰 (2)
20	1321	36	치킨가라아게
20	1375	36	5,900원
20	1433	63	89% (9개)
20	1433	139	ㆍ
20	1433	183	리뷰 (5)
20	1516	0	준비중
20	1519	36	와규떡갈비(단품)
20	1573	36	6,200원
21	0	0	100% (5개)
21	0	0	순살후라이드(중) 250g
21	28	381	오픈 준비 중
21	66	155	채선당 도시락&샐러드 마들점 내 메뉴를 찾아보세요
21	151	78	간편도시락
21	151	207	찌개도시락
21	151	377	곁들이 반찬
21	151	553	음료
21	151	657	라면
21	151	761	치킨&분식
21	153	42	곁들이 반찬
21	218	51	1 / 3
21	235	36	간장제육(단품)
21	284	265	채선당 도시락&샐러드 마들점
21	289	36	5,400원
21	347	63	100% (2개)
21	433	36	고추장제육(단품)
21	487	36	5,600원
21	545	63	100% (1개)
21	631	36	소불고기(단품)
21	685	36	6,900원
21	743	63	100% (2개)
21	743	149	ㆍ
21	743	193	리뷰 (2)
21	829	36	치킨가라아게
21	883	36	5,900원
21	941	63	89% (9개)
21	941	139	ㆍ
21	941	183	리뷰 (5)
21	1027	36	와규떡갈비(단품)
21	1081	36	6,200원
21	1139	63	100% (3개)
21	1139	149	ㆍ
21	1139	193	리뷰 (1)
21	1225	36	밥추가
21	1279	36	1,500원
21	1423	36	순살후라이드(대) 350g
21	1477	36	10,900원
21	1516	0	준비중
21	1535	63	100% (1개)
22	28	381	오픈 준비 중
22	66	155	채선당 도시락&샐러드 마들점 내 메뉴를 찾아보세요
22	138	36	소불고기(단품)
22	151	78	간편도시락
22	151	207	찌개도시락
22	151	377	곁들이 반찬
22	151	553	음료
22	151	657	라면
22	151	761	치킨&분식
22	192	36	6,900원
22	218	51	1 / 3
22	250	63	100% (2개)
22	250	149	ㆍ
22	250	193	리뷰 (2)
22	284	265	채선당 도시락&샐러드 마들점
22	336	36	치킨가라아게
22	390	36	5,900원
22	448	63	89% (9개)
22	448	139	ㆍ
22	448	183	리뷰 (5)
22	534	36	와규떡갈비(단품)
22	588	36	6,200원
22	646	63	100% (3개)
22	646	149	ㆍ
22	646	193	리뷰 (1)
22	732	36	밥추가
22	786	36	1,500원
22	930	36	순살후라이드(대) 350g
22	984	36	10,900원
22	1042	63	100% (1개)
22	1128	36	순살후라이드(중) 250g
22	1182	36	7,900원
22	1240	63	100% (5개)
22	1326	36	고추잡채납작만두(3개)
22	1380	36	3,000원
22	1438	63	88% (8개)
22	1438	139	ㆍ
22	1438	183	리뷰 (3)
22	1516	0	준비중
22	1533	36	함박스테이크
22	1581	36	1,000원
23	28	381	오픈 준비 중
23	42	36	와규떡갈비(단품)
23	66	155	채선당 도시락&샐러드 마들점 내 메뉴를 찾아보세요
23	132	36	6,200원
23	151	78	간편도시락
23	151	207	찌개도시락
23	151	377	곁들이 반찬
23	151	553	음료
23	151	657	라면
23	151	761	치킨&분식
23	154	63	100% (3개)
23	154	149	ㆍ
23	154	193	리뷰 (1)
23	218	51	1 / 3
23	240	36	밥추가
23	284	265	채선당 도시락&샐러드 마들점
23	294	36	1,500원
23	438	36	순살후라이드(대) 350g
23	492	36	10,900원
23	550	63	100% (1개)
23	636	36	순살후라이드(중) 250g
23	690	36	7,900원
23	748	63	100% (5개)
23	834	36	고추잡채납작만두(3개)
23	888	36	3,000원
23	946	63	88% (8개)
23	946	139	ㆍ
23	946	183	리뷰 (3)
23	1041	36	함박스테이크
23	1089	36	1,000원
23	1230	36	떡갈비 1조각
23	1278	36	2,000원
23	1419	36	새우튀김(1미)
23	1467	36	1,300원
23	1516	0	준비중
24	28	381	오픈 준비 중
24	66	155	채선당 도시락&샐러드 마들점 내 메뉴를 찾아보세요
24	147	36	순살후라이드(중) 250g
24	151	78	간편도시락
24	151	207	찌개도시락
24	151	377	곁들이 반찬
24	151	553	음료
24	151	657	라면
24	151	761	치킨&분식
24	201	36	7,900원
24	218	51	1 / 3
24	259	63	100% (5개)
24	284	265	채선당 도시락&샐러드 마들점
24	345	36	고추잡채납작만두(3개)
24	399	36	3,000원
24	457	63	88% (8개)
24	457	139	ㆍ
24	457	183	리뷰 (3)
24	552	36	함박스테이크
24	600	36	1,000원
24	741	36	떡갈비 1조각
24	789	36	2,000원
24	930	36	새우튀김(1미)
24	978	36	1,300원
24	1138	42	음료
24	1220	36	코카콜라(355ml)
24	1274	36	1,500원
24	1332	63	리뷰 (4)
24	1418	36	제로콜라
24	1472	36	1,500원
24	1516	0	준비중
24	1530	36	355ml
25	0	0	리뷰 (1)
25	28	381	오픈 준비 중
25	66	36	함박스테이크
25	66	155	채선당 도시락&샐러드 마들점 내 메뉴를 찾아보세요
25	132	36	1,000원
25	151	78	간편도시락
25	151	207	찌개도시락
25	151	377	곁들이 반찬
25	151	553	음료
25	151	657	라면
25	151	761	치킨&분식
25	218	51	1 / 3
25	255	36	떡갈비 1조각
25	284	265	채선당 도시락&샐러드 마들점
25	303	36	2,000원
25	444	36	새우튀김(1미)
25	492	36	1,300원
25	652	42	음료
25	734	36	코카콜라(355ml)
25	788	36	1,500원
25	846	63	리뷰 (4)
25	932	36	제로콜라
25	986	36	1,500원
25	1044	36	355ml
25	1160	42	라면
25	1206	36	진라면(매운맛)
25	1289	36	신라면(컵라면)
25	1337	36	1,000원
25	1437	63	리뷰 (1)
25	1516	0	준비중
25	1522	36	육개장사발면
25	1570	36	1,000원
26	28	381	오픈 준비 중
26	66	155	채선당 도시락&샐러드 마들점 내 메뉴를 찾아보세요
26	151	78	간편도시락
26	151	207	찌개도시락
26	151	377	곁들이 반찬
26	151	553	음료
26	151	657	라면
26	151	761	치킨&분식
26	160	42	음료
26	218	51	1 / 3
26	242	36	코카콜라(355ml)
26	284	265	채선당 도시락&샐러드 마들점
26	296	36	1,500원
26	354	63	리뷰 (4)
26	440	36	제로콜라
26	494	36	1,500원
26	552	36	355ml
26	668	42	라면
26	714	36	진라면(매운맛)
26	797	36	신라면(컵라면)
26	845	36	1,000원
26	945	63	리뷰 (1)
26	1030	36	육개장사발면
26	1078	36	1,000원
26	1178	63	리뷰 (1)
26	1282	42	치킨&분식
26	1364	36	고추잡채납작만두(3개)
26	1418	36	3,000원
26	1476	63	88% (8개)
26	1476	139	ㆍ
26	1476	183	리뷰 (3)
26	1516	0	준비중
26	1571	36	순살치킨(대)
27	28	381	오픈 준비 중
27	66	155	채선당 도시락&샐러드 마들점 내 메뉴를 찾아보세요
27	151	78	간편도시락
27	151	207	찌개도시락
27	151	377	곁들이 반찬
27	151	553	음료
27	151	657	라면
27	151	761	치킨&분식
27	174	42	라면
27	218	51	1 / 3
27	220	36	진라면(매운맛)
27	284	265	채선당 도시락&샐러드 마들점
27	303	36	신라면(컵라면)
27	351	36	1,000원
27	451	63	리뷰 (1)
27	536	36	육개장사발면
27	584	36	1,000원
27	684	63	리뷰 (1)
27	788	42	치킨&분식
27	870	36	고추잡채납작만두(3개)
27	924	36	3,000원
27	982	63	88% (8개)
27	982	139	ㆍ
27	982	183	리뷰 (3)
27	1077	36	순살치킨(대)
27	1125	36	10,900원
27	1266	36	순살치킨(중)
27	1314	36	7,900원
27	1456	36	비슷한 도시락 맛집 추천해요
27	1462	810	광고
27	1516	0	준비중
27	1520	560	카츠와이찌 쌍문점
27	1532	171	정우의도시락
27	1555	609	(13,794)ㆍ
27	1556	584	4.9
27	1556	692	0.4km
27	1567	220	(16)ㆍ
27	1568	195	5.0
27	1568	269	2.0km
27	1592	587	2,000원 쿠폰
