0	0	0	던킨 에스프레소 고유의 다크초콜렛, 카카오의 풍미를 느낄수 있는 커피
0	446	51	3 / 3
0	512	331	던킨 서울역 서부점
0	562	412	5.0(783)
0	676	0	배달 38분
0	676	450	포장 15분
0	769	674	매장∙원산지정보
0	780	69	도착까지 약 38분
0	841	36	최소주문
0	841	153	15,900원
0	896	36	일반회원
0	897	153	2,100-5,400원 0원
0	898	334	자세히
0	938	36	와우회원
0	938	153	와우회원은 매 주문 배달비 0원
0	1010	127	지금 와우 가입하면 배달비 0원 + 25,000원 쿠폰
0	1027	766	가입하기
0	1118	90	4,000원 쿠폰 추가 적용 가능
0	1208	168	오리지널 글레이즈드가 항상 최고죠!
0	1208	606	도너츠 잘 받아 맛있게 먹었습니다. 포장도 잘 해주셔서 흐트러지지 않은 예쁜 도너츠 상태로 왔네요. 처음 먹어본 도나츠 신상들도 맛있었는데 바나나필링 들어있던 도넛이 특히 괜찮았어요.
0	1377	114	검색한 메뉴
0	1377	290	&#128293; 인기메뉴
0	1377	474	추천상품
0	1377	622	이달의신제품
0	1377	814	도너츠(팩)
0	1478	42	검색한 메뉴
0	1524	36	dunkin donuts 검색 상위 5개
0	1598	36	던킨에스프레소커피빈 (250g)
1	66	155	던킨 서울역 서부점 내 메뉴를 찾아보세요
1	132	674	매장∙원산지정보
1	159	36	최소주문
1	159	153	15,900원
1	182	51	1 / 3
1	214	36	일반회원
1	215	153	2,100-5,400원 0원
1	216	334	자세히
1	248	331	던킨 서울역 서부점
1	256	36	와우회원
1	256	153	와우회원은 매 주문 배달비 0원
1	298	412	5.0(783)
1	328	127	지금 와우 가입하면 배달비 0원 + 25,000원 쿠폰
1	345	766	가입하기
1	436	90	4,000원 쿠폰 추가 적용 가능
1	526	168	오리지널 글레이즈드가 항상 최고죠!
1	526	606	도너츠 잘 받아 맛있게 먹었습니다. 포장도 잘 해주셔서 흐트러지지 않은 예쁜 도너츠 상태로 왔네요. 처음 먹어본 도나츠 신상들도 맛있었는데 바나나필링 들어있던 도넛이 특히 괜찮았어요.
1	695	114	검색한 메뉴
1	695	290	&#128293; 인기메뉴
1	695	474	추천상품
1	695	622	이달의신제품
1	695	814	도너츠(팩)
1	796	42	검색한 메뉴
1	842	36	dunkin donuts 검색 상위 5개
1	916	36	던킨에스프레소커피빈 (250g)
1	970	36	20,500원
1	1028	36	던킨 에스프레소 고유의 다크초콜렛, 카카오의 풍미를 느낄수 있는 커피
1	1129	36	(At Home)던킨 플레인베이글 5입
1	1183	36	13,000원
1	1241	36	담백하고 쫄깃한 정통 던킨 베이글 (냉동제품으로 가정에서 포장지에 표시된 조리법에 따라 실온 해동등의 방법으로 섭취 가능합니다.)
1	1319	63	100% (2개)
1	1393	36	(At Home)던킨 블루베리베이글 5입
1	1441	121	지금 와우 가입하면 배달비 0원 + 25,000원 쿠폰
1	1447	36	13,000원
1	1458	781	가입하기
1	1505	36	상큼한 블루베리 맛을 즐길 수 있는 인기 만점의 담백한 던킨 베이글(냉동제품으로 가정에서 포장지에 표시된 조리법에 따라 실온 2시간이상 해동등의 방법으로 섭취 가능합니다.)
1	1556	24	배달비 0원 적용 중
1	1583	63	100% (2개)
2	66	155	던킨 서울역 서부점 내 메뉴를 찾아보세요
2	132	42	검색한 메뉴
2	151	114	검색한 메뉴
2	151	290	&#128293; 인기메뉴
2	151	474	추천상품
2	151	622	이달의신제품
2	151	814	도너츠(팩)
2	159	36	dunkin donuts 검색 상위 5개
2	182	51	2 / 3
2	233	36	던킨에스프레소커피빈 (250g)
2	248	331	던킨 서울역 서부점
2	287	36	20,500원
2	298	412	5.0(783)
2	345	36	던킨 에스프레소 고유의 다크초콜렛, 카카오의 풍미를 느낄수 있는 커피
2	446	36	(At Home)던킨 플레인베이글 5입
2	500	36	13,000원
2	558	36	담백하고 쫄깃한 정통 던킨 베이글 (냉동제품으로 가정에서 포장지에 표시된 조리법에 따라 실온 해동등의 방법으로 섭취 가능합니다.)
2	636	63	100% (2개)
2	710	36	(At Home)던킨 블루베리베이글 5입
2	764	36	13,000원
2	822	36	상큼한 블루베리 맛을 즐길 수 있는 인기 만점의 담백한 던킨 베이글(냉동제품으로 가정에서 포장지에 표시된 조리법에 따라 실온 2시간이상 해동등의 방법으로 섭취 가능합니다.)
2	900	63	100% (2개)
2	974	36	던킨 카페모카롤
2	1019	761	오늘만 품절
2	1028	36	2,700원
2	1086	36	향긋한 모카의 맛과 향을 느낄 수 있는 제품
2	1134	63	100% (10개)
2	1134	159	ㆍ
2	1134	203	리뷰 (5)
2	1208	36	던킨 아메리카노 400ml
2	1262	36	3,000원
2	1320	36	황금 블렌딩으로 즐기는 특별한 커피맛 리얼 던킨 아메리카노
2	1368	63	100% (4개)
2	1441	121	지금 와우 가입하면 배달비 0원 + 25,000원 쿠폰
2	1458	781	가입하기
2	1472	42	인기메뉴
2	1536	252	오늘만 품절
2	1550	88	1위
2	1550	304	2위
2	1550	520	3위
2	1550	708	4위
2	1556	24	배달비 0원 적용 중
3	0	0	100% (8개)
3	0	0	ㆍ
3	0	0	던킨에서 가장 잘나가는 도너츠로 구성된 버라이어티 10EA! 버라이어티10EA: 페이머스 글레이즈드 2개, 허니후리터, 던킨 카페모카롤, 올리브츄이스티, 카푸치노츄이스티, 스트로베리필드,바바리안필드, 카카오 후로스티드, 보스톤크림 (기본 구성품목 결품시 동일가격 타품목 대체 제공: 1700원 2EA, 2000원 5EA, 2500원 3EA)
3	0	0	리뷰 (4)
3	27	36	(At Home)던킨 블루베리베이글 5입
3	66	155	던킨 서울역 서부점 내 메뉴를 찾아보세요
3	139	36	상큼한 블루베리 맛을 즐길 수 있는 인기 만점의 담백한 던킨 베이글(냉동제품으로 가정에서 포장지에 표시된 조리법에 따라 실온 2시간이상 해동등의 방법으로 섭취 가능합니다.)
3	151	114	검색한 메뉴
3	151	290	&#128293; 인기메뉴
3	151	474	추천상품
3	151	622	이달의신제품
3	151	814	도너츠(팩)
3	182	51	3 / 3
3	217	63	100% (2개)
3	248	331	던킨 서울역 서부점
3	291	36	던킨 카페모카롤
3	298	412	5.0(783)
3	336	761	오늘만 품절
3	345	36	2,700원
3	403	36	향긋한 모카의 맛과 향을 느낄 수 있는 제품
3	451	63	100% (10개)
3	451	159	ㆍ
3	451	203	리뷰 (5)
3	525	36	던킨 아메리카노 400ml
3	579	36	3,000원
3	637	36	황금 블렌딩으로 즐기는 특별한 커피맛 리얼 던킨 아메리카노
3	685	63	100% (4개)
3	789	42	인기메뉴
3	853	252	오늘만 품절
3	867	88	1위
3	867	304	2위
3	867	520	3위
3	867	708	4위
3	1066	36	보스톤크림
3	1066	252	스트로베리필드
3	1066	468	바바리안필드
3	1066	684	카푸치노츄이스티
3	1107	36	2,700원
3	1107	252	2,200원
3	1107	468	2,200원
3	1107	684	2,200원
3	1225	42	추천상품
3	1307	36	(캔)망고 코코넛 컵빙수
3	1361	36	5,500원
3	1419	36	달콤한 망고와 부드러운 코코넛이 어우러진 트로피컬 컵빙수(매장에서 바로 제조한 음료를 캔 용기에 담아서 제공해드립니다)
3	1441	121	지금 와우 가입하면 배달비 0원 + 25,000원 쿠폰
3	1458	781	가입하기
3	1527	36	버라이어티(10개입)
3	1556	24	배달비 0원 적용 중
3	1581	36	22,900원
4	66	155	던킨 서울역 서부점 내 메뉴를 찾아보세요
4	132	42	인기메뉴
4	151	114	&#128293; 인기메뉴
4	151	298	추천상품
4	151	446	이달의신제품
4	151	638	도너츠(팩)
4	151	802	고메도넛
4	162	252	오늘만 품절
4	176	88	1위
4	176	304	2위
4	176	520	3위
4	176	708	4위
4	182	51	1 / 3
4	248	331	던킨 서울역 서부점
4	298	412	5.0(783)
4	375	36	보스톤크림
4	375	252	스트로베리필드
4	375	468	바바리안필드
4	375	684	카푸치노츄이스티
4	416	36	2,700원
4	416	252	2,200원
4	416	468	2,200원
4	416	684	2,200원
4	534	42	추천상품
4	616	36	(캔)망고 코코넛 컵빙수
4	670	36	5,500원
4	728	36	달콤한 망고와 부드러운 코코넛이 어우러진 트로피컬 컵빙수(매장에서 바로 제조한 음료를 캔 용기에 담아서 제공해드립니다)
4	836	36	버라이어티(10개입)
4	890	36	22,900원
4	948	36	던킨에서 가장 잘나가는 도너츠로 구성된 버라이어티 10EA! 버라이어티10EA: 페이머스 글레이즈드 2개, 허니후리터, 던킨 카페모카롤, 올리브츄이스티, 카푸치노츄이스티, 스트로베리필드,바바리안필드, 카카오 후로스티드, 보스톤크림 (기본 구성품목 결품시 동일가격 타품목 대체 제공: 1700원 2EA, 2000원 5EA, 2500원 3EA)
4	1026	63	100% (8개)
4	1026	149	ㆍ
4	1026	193	리뷰 (4)
4	1100	36	해피먼치킨컵 10EA
4	1145	761	오늘만 품절
4	1154	36	5,400원
4	1212	36	동글동글 맛있는 먼치킨 10개 세트 (구성) 먼치킨 10EA: 스트로베리먼치킨/카카오하니딥먼치킨/올드훼션드먼치킨/바바리안 먼치킨/레드벨벳 먼치킨 중 10EA 임의구성 (점포 재고 상황에 따라서 품목이 제한적일 수 있습니다.)
4	1290	63	95% (19개)
4	1290	149	ㆍ
4	1290	193	리뷰 (7)
4	1364	36	글레이즈드팩(6개입)
4	1418	36	11,400원
4	1441	121	지금 와우 가입하면 배달비 0원 + 25,000원 쿠폰
4	1458	781	가입하기
4	1476	36	촉촉하고 부드러운 달콤한 정통 글레이즈드 패키지 구성:  페이머스 글레이즈드 6개
4	1554	63	100% (10개)
4	1554	159	ㆍ
4	1554	203	리뷰 (5)
4	1556	24	배달비 0원 적용 중
5	0	0	(캔)망고 코코넛 컵빙수
5	0	0	100% (1개)
5	0	0	ㆍ
5	0	0	리뷰 (2)
5	0	0	여름 대표 과일 오렌지와 망고 필링이 가득한 도넛
5	49	36	달콤한 망고와 부드러운 코코넛이 어우러진 트로피컬 컵빙수(매장에서 바로 제조한 음료를 캔 용기에 담아서 제공해드립니다)
5	66	155	던킨 서울역 서부점 내 메뉴를 찾아보세요
5	151	114	추천상품
5	151	262	이달의신제품
5	151	454	도너츠(팩)
5	151	618	고메도넛
5	151	766	라마다 시그니처
5	157	36	버라이어티(10개입)
5	182	51	2 / 3
5	211	36	22,900원
5	248	331	던킨 서울역 서부점
5	269	36	던킨에서 가장 잘나가는 도너츠로 구성된 버라이어티 10EA! 버라이어티10EA: 페이머스 글레이즈드 2개, 허니후리터, 던킨 카페모카롤, 올리브츄이스티, 카푸치노츄이스티, 스트로베리필드,바바리안필드, 카카오 후로스티드, 보스톤크림 (기본 구성품목 결품시 동일가격 타품목 대체 제공: 1700원 2EA, 2000원 5EA, 2500원 3EA)
5	298	412	5.0(783)
5	347	63	100% (8개)
5	347	149	ㆍ
5	347	193	리뷰 (4)
5	421	36	해피먼치킨컵 10EA
5	466	761	오늘만 품절
5	475	36	5,400원
5	533	36	동글동글 맛있는 먼치킨 10개 세트 (구성) 먼치킨 10EA: 스트로베리먼치킨/카카오하니딥먼치킨/올드훼션드먼치킨/바바리안 먼치킨/레드벨벳 먼치킨 중 10EA 임의구성 (점포 재고 상황에 따라서 품목이 제한적일 수 있습니다.)
5	611	63	95% (19개)
5	611	149	ㆍ
5	611	193	리뷰 (7)
5	685	36	글레이즈드팩(6개입)
5	739	36	11,400원
5	797	36	촉촉하고 부드러운 달콤한 정통 글레이즈드 패키지 구성:  페이머스 글레이즈드 6개
5	875	63	100% (10개)
5	875	159	ㆍ
5	875	203	리뷰 (5)
5	949	36	올스타 도넛세트
5	994	761	오늘만 품절
5	1003	36	18,800원
5	1061	36	던킨에서 잘나가는 버라이어티 6EA와 먼치킨 10EA 세트 (기본 구성품목 결품시 동일가격 타품목 대체 제공: 1700원 1EA, 2000원 4EA, 2500원 1EA) (점포 재고 상황에 따라서 품목이 제한적일 수 있습니다.)
5	1139	63	100% (5개)
5	1139	149	ㆍ
5	1139	193	리뷰 (2)
5	1243	42	이달의신제품
5	1325	36	호박인절미카스텔라도넛
5	1379	36	3,900원
5	1437	36	호박 풍미를 살린 쫀득한 찹쌀 도넛 위에 고운 카스텔라 고물을 듬뿍 올린 떡 감성 도넛
5	1441	121	지금 와우 가입하면 배달비 0원 + 25,000원 쿠폰
5	1458	781	가입하기
5	1515	63	100% (3개)
5	1515	149	ㆍ
5	1515	193	리뷰 (2)
5	1556	24	배달비 0원 적용 중
5	1589	36	오렌지망고필드
6	0	0	DC자이언트 버킷 아메리카노
6	0	0	깊은 카카오의 풍미와 풍부한 바디감을 느낄 수 있는1.4L 초대용량 사이즈 아이스 아메리카노(디카페인) (카페인 함유제품) 어린이, 임산부 및 카페인에 민감한 사람은 섭취에 주의해주시기 바랍니다.
6	0	36	글레이즈드팩(6개입)
6	66	155	던킨 서울역 서부점 내 메뉴를 찾아보세요
6	108	36	촉촉하고 부드러운 달콤한 정통 글레이즈드 패키지 구성:  페이머스 글레이즈드 6개
6	151	114	추천상품
6	151	262	이달의신제품
6	151	454	도너츠(팩)
6	151	618	고메도넛
6	151	766	라마다 시그니처
6	182	51	3 / 3
6	186	63	100% (10개)
6	186	159	ㆍ
6	186	203	리뷰 (5)
6	248	331	던킨 서울역 서부점
6	260	36	올스타 도넛세트
6	298	412	5.0(783)
6	305	761	오늘만 품절
6	314	36	18,800원
6	372	36	던킨에서 잘나가는 버라이어티 6EA와 먼치킨 10EA 세트 (기본 구성품목 결품시 동일가격 타품목 대체 제공: 1700원 1EA, 2000원 4EA, 2500원 1EA) (점포 재고 상황에 따라서 품목이 제한적일 수 있습니다.)
6	450	63	100% (5개)
6	450	149	ㆍ
6	450	193	리뷰 (2)
6	554	42	이달의신제품
6	636	36	호박인절미카스텔라도넛
6	690	36	3,900원
6	748	36	호박 풍미를 살린 쫀득한 찹쌀 도넛 위에 고운 카스텔라 고물을 듬뿍 올린 떡 감성 도넛
6	826	63	100% (3개)
6	826	149	ㆍ
6	826	193	리뷰 (2)
6	900	36	오렌지망고필드
6	954	36	3,100원
6	1012	36	여름 대표 과일 오렌지와 망고 필링이 가득한 도넛
6	1060	63	100% (1개)
6	1060	149	ㆍ
6	1060	193	리뷰 (2)
6	1134	36	황치즈 올드훼션드
6	1188	36	3,100원
6	1246	36	진하고 고소한 황치즈 풍미를 느낄 수 있는 올드훼션드 도넛
6	1347	36	자이언트 버킷 아메리카노
6	1401	36	10,900원
6	1441	121	지금 와우 가입하면 배달비 0원 + 25,000원 쿠폰
6	1458	781	가입하기
6	1459	36	깊은 카카오의 풍미와 풍부한 바디감을 느낄 수 있는1.4L 초대용량 사이즈 아이스 아메리카노 (카페인 함유제품) 어린이, 임산부 및 카페인에 민감한 사람은 섭취에 주의해주시기 바랍니다.
6	1537	63	리뷰 (1)
6	1556	24	배달비 0원 적용 중
7	0	0	100% (1개)
7	0	0	ㆍ
7	0	0	리뷰 (1)
7	0	0	은은하고 고소한 버터풍미가 느껴지는 클래식한 도넛
7	0	0	클래식 올드훼션드
7	0	0	호박인절미카스텔라도넛
7	61	36	호박 풍미를 살린 쫀득한 찹쌀 도넛 위에 고운 카스텔라 고물을 듬뿍 올린 떡 감성 도넛
7	66	155	던킨 서울역 서부점 내 메뉴를 찾아보세요
7	139	63	100% (3개)
7	139	149	ㆍ
7	139	193	리뷰 (2)
7	151	114	이달의신제품
7	151	306	도너츠(팩)
7	151	470	고메도넛
7	151	618	라마다 시그니처
7	151	838	도너츠(단품)
7	182	51	1 / 3
7	213	36	오렌지망고필드
7	248	331	던킨 서울역 서부점
7	267	36	3,100원
7	298	412	5.0(783)
7	325	36	여름 대표 과일 오렌지와 망고 필링이 가득한 도넛
7	373	63	100% (1개)
7	373	149	ㆍ
7	373	193	리뷰 (2)
7	447	36	황치즈 올드훼션드
7	501	36	3,100원
7	559	36	진하고 고소한 황치즈 풍미를 느낄 수 있는 올드훼션드 도넛
7	660	36	자이언트 버킷 아메리카노
7	714	36	10,900원
7	772	36	깊은 카카오의 풍미와 풍부한 바디감을 느낄 수 있는1.4L 초대용량 사이즈 아이스 아메리카노 (카페인 함유제품) 어린이, 임산부 및 카페인에 민감한 사람은 섭취에 주의해주시기 바랍니다.
7	850	63	리뷰 (1)
7	924	36	DC자이언트 버킷 아메리카노
7	978	36	10,900원
7	1036	36	깊은 카카오의 풍미와 풍부한 바디감을 느낄 수 있는1.4L 초대용량 사이즈 아이스 아메리카노(디카페인) (카페인 함유제품) 어린이, 임산부 및 카페인에 민감한 사람은 섭취에 주의해주시기 바랍니다.
7	1144	36	자이언트 버킷 피치
7	1198	36	10,500원
7	1256	36	달콤한 복숭아의 맛과 향을 느낄 수 있는 1.4L 초대용량 사이즈 피치 아이스티
7	1334	63	100% (1개)
7	1334	149	ㆍ
7	1334	193	리뷰 (2)
7	1408	36	아몬드 크런치 봉봉
7	1441	121	지금 와우 가입하면 배달비 0원 + 25,000원 쿠폰
7	1453	761	오늘만 품절
7	1458	781	가입하기
7	1462	36	3,100원
7	1520	36	바삭한 아몬드 토핑과 달콤한 초콜릿이 조화로운 도넛
7	1556	24	배달비 0원 적용 중
8	0	0	100% (2개)
8	0	0	ㆍ
8	0	0	리뷰 (1)
8	0	36	자이언트 버킷 아메리카노
8	66	155	던킨 서울역 서부점 내 메뉴를 찾아보세요
8	85	36	깊은 카카오의 풍미와 풍부한 바디감을 느낄 수 있는1.4L 초대용량 사이즈 아이스 아메리카노 (카페인 함유제품) 어린이, 임산부 및 카페인에 민감한 사람은 섭취에 주의해주시기 바랍니다.
8	151	114	이달의신제품
8	151	306	도너츠(팩)
8	151	470	고메도넛
8	151	618	라마다 시그니처
8	151	838	도너츠(단품)
8	163	63	리뷰 (1)
8	182	51	2 / 3
8	237	36	DC자이언트 버킷 아메리카노
8	248	331	던킨 서울역 서부점
8	291	36	10,900원
8	298	412	5.0(783)
8	349	36	깊은 카카오의 풍미와 풍부한 바디감을 느낄 수 있는1.4L 초대용량 사이즈 아이스 아메리카노(디카페인) (카페인 함유제품) 어린이, 임산부 및 카페인에 민감한 사람은 섭취에 주의해주시기 바랍니다.
8	457	36	자이언트 버킷 피치
8	511	36	10,500원
8	569	36	달콤한 복숭아의 맛과 향을 느낄 수 있는 1.4L 초대용량 사이즈 피치 아이스티
8	647	63	100% (1개)
8	647	149	ㆍ
8	647	193	리뷰 (2)
8	721	36	아몬드 크런치 봉봉
8	766	761	오늘만 품절
8	775	36	3,100원
8	833	36	바삭한 아몬드 토핑과 달콤한 초콜릿이 조화로운 도넛
8	919	36	클래식 올드훼션드
8	973	36	2,500원
8	1031	36	은은하고 고소한 버터풍미가 느껴지는 클래식한 도넛
8	1079	63	100% (1개)
8	1079	149	ㆍ
8	1079	193	리뷰 (1)
8	1153	36	콘버터바이츠
8	1207	36	3,100원
8	1265	36	달콤 고소한 옥수수와 버터 풍미를 느낄 수 있는 도넛
8	1396	42	도너츠(팩)
8	1441	121	지금 와우 가입하면 배달비 0원 + 25,000원 쿠폰
8	1458	781	가입하기
8	1478	36	약과선물세트(12개입)
8	1532	36	5,000원
8	1556	24	배달비 0원 적용 중
8	1590	36	도넛 닮은 미니 약과(허니 글레이즈드&맛탕 츄이스티 약과) (기본구성(6:6)으로 포장되며 점포 재고에 따라 구성이 상이할수 있습니다. 세부 구성 변경은 점포에 문의해주세요.) *약과 원료 특성상 온도가 낮아지면 식감이 딱딱해질수 있으니 실온 보관 바랍니다*
9	0	0	100% (1개)
9	26	36	아몬드 크런치 봉봉
9	66	155	던킨 서울역 서부점 내 메뉴를 찾아보세요
9	71	761	오늘만 품절
9	138	36	바삭한 아몬드 토핑과 달콤한 초콜릿이 조화로운 도넛
9	151	114	이달의신제품
9	151	306	도너츠(팩)
9	151	470	고메도넛
9	151	618	라마다 시그니처
9	151	838	도너츠(단품)
9	182	51	3 / 3
9	224	36	클래식 올드훼션드
9	248	331	던킨 서울역 서부점
9	278	36	2,500원
9	298	412	5.0(783)
9	336	36	은은하고 고소한 버터풍미가 느껴지는 클래식한 도넛
9	384	63	100% (1개)
9	384	149	ㆍ
9	384	193	리뷰 (1)
9	458	36	콘버터바이츠
9	512	36	3,100원
9	570	36	달콤 고소한 옥수수와 버터 풍미를 느낄 수 있는 도넛
9	701	42	도너츠(팩)
9	783	36	약과선물세트(12개입)
9	837	36	5,000원
9	895	36	도넛 닮은 미니 약과(허니 글레이즈드&맛탕 츄이스티 약과) (기본구성(6:6)으로 포장되며 점포 재고에 따라 구성이 상이할수 있습니다. 세부 구성 변경은 점포에 문의해주세요.) *약과 원료 특성상 온도가 낮아지면 식감이 딱딱해질수 있으니 실온 보관 바랍니다*
9	973	63	100% (2개)
9	973	149	ㆍ
9	973	193	리뷰 (1)
9	1047	36	약과선물세트(24개입)
9	1101	36	9,500원
9	1159	36	도넛 닮은 미니 약과(허니 글레이즈드&맛탕 츄이스티 약과) (기본구성(12:12)으로 포장되며 점포 재고에 따라 구성이 상이할수 있습니다. 세부 구성 변경은 점포에 문의해주세요.) *약과 원료 특성상 온도가 낮아지면 식감이 딱딱해질수 있으니 실온 보관 바랍니다*
9	1267	36	약과선물세트(45개입)
9	1321	36	17,800원
9	1379	36	도넛 닮은 미니 약과(허니 글레이즈드&맛탕 츄이스티 약과) (기본구성(30:15)으로 포장되며 점포 재고에 따라 구성이 상이할수 있습니다. 세부 구성 변경은 점포에 문의해주세요.) *약과 원료 특성상 온도가 낮아지면 식감이 딱딱해질수 있으니 실온 보관 바랍니다*
9	1441	121	지금 와우 가입하면 배달비 0원 + 25,000원 쿠폰
9	1458	781	가입하기
9	1487	36	(P) 미니도넛 간식세트
9	1532	761	오늘만 품절
9	1541	36	13,300원
9	1556	24	배달비 0원 적용 중
9	1599	36	미니도넛6개와 먼치킨10개, 뽀로로 워터젤리 2종으로 구성된 간식 세트 구성: 미니도넛6개(미니글레이즈드,미니초코링,미니 스트로베리필드 각2개씩 구성) 구성) 먼치킨 10EA : 스트로베리먼치킨/카카오하니딥먼치킨/올드훼션드먼치킨/바바리안 먼치킨/레드벨벳 먼치킨 중 10EA 임의구성 뽀로로 워터젤리 2개는 랜덤으로 제공됩니다.  (점포 재고 상황에 따라서 품목이 제한적일 수 있습니다.)
10	0	0	100% (7개)
10	0	0	ㆍ
10	0	0	던킨에서 가장 잘나가는 도너츠로 구성된 버라이어티6EA   버라이어티6EA: 페이머스 글레이즈드, 올리브츄이스티, 허니후리터, 카푸치노츄이스티, 스트로베리필드, 바바리안필드 (기본 구성품목 결품시 동일가격 타품목 대체 제공: 1700원 1EA, 2000원 4EA, 2500원 1EA)
10	0	0	리뷰 (4)
10	66	155	던킨 서울역 서부점 내 메뉴를 찾아보세요
10	101	36	약과선물세트(12개입)
10	151	114	도너츠(팩)
10	151	278	고메도넛
10	151	426	라마다 시그니처
10	151	646	도너츠(단품)
10	151	832	디카페인커피(캔)
10	155	36	5,000원
10	182	51	1 / 3
10	213	36	도넛 닮은 미니 약과(허니 글레이즈드&맛탕 츄이스티 약과) (기본구성(6:6)으로 포장되며 점포 재고에 따라 구성이 상이할수 있습니다. 세부 구성 변경은 점포에 문의해주세요.) *약과 원료 특성상 온도가 낮아지면 식감이 딱딱해질수 있으니 실온 보관 바랍니다*
10	248	331	던킨 서울역 서부점
10	291	63	100% (2개)
10	291	149	ㆍ
10	291	193	리뷰 (1)
10	298	412	5.0(783)
10	365	36	약과선물세트(24개입)
10	419	36	9,500원
10	477	36	도넛 닮은 미니 약과(허니 글레이즈드&맛탕 츄이스티 약과) (기본구성(12:12)으로 포장되며 점포 재고에 따라 구성이 상이할수 있습니다. 세부 구성 변경은 점포에 문의해주세요.) *약과 원료 특성상 온도가 낮아지면 식감이 딱딱해질수 있으니 실온 보관 바랍니다*
10	585	36	약과선물세트(45개입)
10	639	36	17,800원
10	697	36	도넛 닮은 미니 약과(허니 글레이즈드&맛탕 츄이스티 약과) (기본구성(30:15)으로 포장되며 점포 재고에 따라 구성이 상이할수 있습니다. 세부 구성 변경은 점포에 문의해주세요.) *약과 원료 특성상 온도가 낮아지면 식감이 딱딱해질수 있으니 실온 보관 바랍니다*
10	805	36	(P) 미니도넛 간식세트
10	850	761	오늘만 품절
10	859	36	13,300원
10	917	36	미니도넛6개와 먼치킨10개, 뽀로로 워터젤리 2종으로 구성된 간식 세트 구성: 미니도넛6개(미니글레이즈드,미니초코링,미니 스트로베리필드 각2개씩 구성) 구성) 먼치킨 10EA : 스트로베리먼치킨/카카오하니딥먼치킨/올드훼션드먼치킨/바바리안 먼치킨/레드벨벳 먼치킨 중 10EA 임의구성 뽀로로 워터젤리 2개는 랜덤으로 제공됩니다.  (점포 재고 상황에 따라서 품목이 제한적일 수 있습니다.)
10	995	63	100% (1개)
10	1069	36	올스타 도넛세트
10	1114	761	오늘만 품절
10	1123	36	18,800원
10	1181	36	던킨에서 잘나가는 버라이어티 6EA와 먼치킨 10EA 세트 (기본 구성품목 결품시 동일가격 타품목 대체 제공: 1700원 1EA, 2000원 4EA, 2500원 1EA) (점포 재고 상황에 따라서 품목이 제한적일 수 있습니다.)
10	1259	63	100% (5개)
10	1259	149	ㆍ
10	1259	193	리뷰 (2)
10	1333	36	버라이어티(10개입)
10	1387	36	22,900원
10	1441	121	지금 와우 가입하면 배달비 0원 + 25,000원 쿠폰
10	1445	36	던킨에서 가장 잘나가는 도너츠로 구성된 버라이어티 10EA! 버라이어티10EA: 페이머스 글레이즈드 2개, 허니후리터, 던킨 카페모카롤, 올리브츄이스티, 카푸치노츄이스티, 스트로베리필드,바바리안필드, 카카오 후로스티드, 보스톤크림 (기본 구성품목 결품시 동일가격 타품목 대체 제공: 1700원 2EA, 2000원 5EA, 2500원 3EA)
10	1458	781	가입하기
10	1523	63	100% (8개)
10	1523	149	ㆍ
10	1523	193	리뷰 (4)
10	1556	24	배달비 0원 적용 중
10	1597	36	버라이어티(6개입)
11	0	0	100% (5개)
11	0	0	ㆍ
11	0	0	리뷰 (3)
11	66	155	던킨 서울역 서부점 내 메뉴를 찾아보세요
11	120	36	(P) 미니도넛 간식세트
11	151	114	도너츠(팩)
11	151	278	고메도넛
11	151	426	라마다 시그니처
11	151	646	도너츠(단품)
11	151	832	디카페인커피(캔)
11	165	761	오늘만 품절
11	174	36	13,300원
11	182	51	2 / 3
11	232	36	미니도넛6개와 먼치킨10개, 뽀로로 워터젤리 2종으로 구성된 간식 세트 구성: 미니도넛6개(미니글레이즈드,미니초코링,미니 스트로베리필드 각2개씩 구성) 구성) 먼치킨 10EA : 스트로베리먼치킨/카카오하니딥먼치킨/올드훼션드먼치킨/바바리안 먼치킨/레드벨벳 먼치킨 중 10EA 임의구성 뽀로로 워터젤리 2개는 랜덤으로 제공됩니다.  (점포 재고 상황에 따라서 품목이 제한적일 수 있습니다.)
11	248	331	던킨 서울역 서부점
11	298	412	5.0(783)
11	310	63	100% (1개)
11	384	36	올스타 도넛세트
11	429	761	오늘만 품절
11	438	36	18,800원
11	496	36	던킨에서 잘나가는 버라이어티 6EA와 먼치킨 10EA 세트 (기본 구성품목 결품시 동일가격 타품목 대체 제공: 1700원 1EA, 2000원 4EA, 2500원 1EA) (점포 재고 상황에 따라서 품목이 제한적일 수 있습니다.)
11	574	63	100% (5개)
11	574	149	ㆍ
11	574	193	리뷰 (2)
11	648	36	버라이어티(10개입)
11	702	36	22,900원
11	760	36	던킨에서 가장 잘나가는 도너츠로 구성된 버라이어티 10EA! 버라이어티10EA: 페이머스 글레이즈드 2개, 허니후리터, 던킨 카페모카롤, 올리브츄이스티, 카푸치노츄이스티, 스트로베리필드,바바리안필드, 카카오 후로스티드, 보스톤크림 (기본 구성품목 결품시 동일가격 타품목 대체 제공: 1700원 2EA, 2000원 5EA, 2500원 3EA)
11	838	63	100% (8개)
11	838	149	ㆍ
11	838	193	리뷰 (4)
11	912	36	버라이어티(6개입)
11	966	36	13,400원
11	1024	36	던킨에서 가장 잘나가는 도너츠로 구성된 버라이어티6EA   버라이어티6EA: 페이머스 글레이즈드, 올리브츄이스티, 허니후리터, 카푸치노츄이스티, 스트로베리필드, 바바리안필드 (기본 구성품목 결품시 동일가격 타품목 대체 제공: 1700원 1EA, 2000원 4EA, 2500원 1EA)
11	1102	63	100% (7개)
11	1102	149	ㆍ
11	1102	193	리뷰 (4)
11	1176	36	해피먼치킨컵 10EA
11	1221	761	오늘만 품절
11	1230	36	5,400원
11	1288	36	동글동글 맛있는 먼치킨 10개 세트 (구성) 먼치킨 10EA: 스트로베리먼치킨/카카오하니딥먼치킨/올드훼션드먼치킨/바바리안 먼치킨/레드벨벳 먼치킨 중 10EA 임의구성 (점포 재고 상황에 따라서 품목이 제한적일 수 있습니다.)
11	1366	63	95% (19개)
11	1366	149	ㆍ
11	1366	193	리뷰 (7)
11	1440	36	미니도넛세트(6개입)
11	1441	121	지금 와우 가입하면 배달비 0원 + 25,000원 쿠폰
11	1458	781	가입하기
11	1485	761	오늘만 품절
11	1494	36	4,900원
11	1552	36	미니도넛6개(미니글레이즈드,미니초코링,미니 스트로베리필드 각2개씩 구성) 세트
11	1556	24	배달비 0원 적용 중
12	0	0	버라이어티(10개입)
12	66	155	던킨 서울역 서부점 내 메뉴를 찾아보세요
12	69	36	던킨에서 가장 잘나가는 도너츠로 구성된 버라이어티 10EA! 버라이어티10EA: 페이머스 글레이즈드 2개, 허니후리터, 던킨 카페모카롤, 올리브츄이스티, 카푸치노츄이스티, 스트로베리필드,바바리안필드, 카카오 후로스티드, 보스톤크림 (기본 구성품목 결품시 동일가격 타품목 대체 제공: 1700원 2EA, 2000원 5EA, 2500원 3EA)
12	147	63	100% (8개)
12	147	149	ㆍ
12	147	193	리뷰 (4)
12	151	114	도너츠(팩)
12	151	278	고메도넛
12	151	426	라마다 시그니처
12	151	646	도너츠(단품)
12	151	832	디카페인커피(캔)
12	182	51	3 / 3
12	221	36	버라이어티(6개입)
12	248	331	던킨 서울역 서부점
12	275	36	13,400원
12	298	412	5.0(783)
12	333	36	던킨에서 가장 잘나가는 도너츠로 구성된 버라이어티6EA   버라이어티6EA: 페이머스 글레이즈드, 올리브츄이스티, 허니후리터, 카푸치노츄이스티, 스트로베리필드, 바바리안필드 (기본 구성품목 결품시 동일가격 타품목 대체 제공: 1700원 1EA, 2000원 4EA, 2500원 1EA)
12	411	63	100% (7개)
12	411	149	ㆍ
12	411	193	리뷰 (4)
12	485	36	해피먼치킨컵 10EA
12	530	761	오늘만 품절
12	539	36	5,400원
12	597	36	동글동글 맛있는 먼치킨 10개 세트 (구성) 먼치킨 10EA: 스트로베리먼치킨/카카오하니딥먼치킨/올드훼션드먼치킨/바바리안 먼치킨/레드벨벳 먼치킨 중 10EA 임의구성 (점포 재고 상황에 따라서 품목이 제한적일 수 있습니다.)
12	675	63	95% (19개)
12	675	149	ㆍ
12	675	193	리뷰 (7)
12	749	36	미니도넛세트(6개입)
12	794	761	오늘만 품절
12	803	36	4,900원
12	861	36	미니도넛6개(미니글레이즈드,미니초코링,미니 스트로베리필드 각2개씩 구성) 세트
12	939	63	100% (5개)
12	939	149	ㆍ
12	939	193	리뷰 (3)
12	1013	36	글레이즈드팩(6개입)
12	1067	36	11,400원
12	1125	36	촉촉하고 부드러운 달콤한 정통 글레이즈드 패키지 구성:  페이머스 글레이즈드 6개
12	1203	63	100% (10개)
12	1203	159	ㆍ
12	1203	203	리뷰 (5)
12	1307	42	고메도넛
12	1389	36	호박인절미카스텔라도넛
12	1441	121	지금 와우 가입하면 배달비 0원 + 25,000원 쿠폰
12	1443	36	3,900원
12	1458	781	가입하기
12	1501	36	호박 풍미를 살린 쫀득한 찹쌀 도넛 위에 고운 카스텔라 고물을 듬뿍 올린 떡 감성 도넛
12	1556	24	배달비 0원 적용 중
12	1579	63	100% (3개)
12	1579	149	ㆍ
12	1579	193	리뷰 (2)
13	0	0	100% (3개)
13	0	0	ㆍ
13	0	0	리뷰 (3)
13	65	36	미니도넛세트(6개입)
13	66	155	던킨 서울역 서부점 내 메뉴를 찾아보세요
13	110	761	오늘만 품절
13	132	36	4,900원
13	151	114	도너츠(팩)
13	151	278	고메도넛
13	151	426	라마다 시그니처
13	151	646	도너츠(단품)
13	151	832	디카페인커피(캔)
13	177	36	미니도넛6개(미니글레이즈드,미니초코링,미니 스트로베리필드 각2개씩 구성) 세트
13	182	51	1 / 3
13	248	331	던킨 서울역 서부점
13	255	63	100% (5개)
13	255	149	ㆍ
13	255	193	리뷰 (3)
13	298	412	5.0(783)
13	329	36	글레이즈드팩(6개입)
13	383	36	11,400원
13	441	36	촉촉하고 부드러운 달콤한 정통 글레이즈드 패키지 구성:  페이머스 글레이즈드 6개
13	519	63	100% (10개)
13	519	159	ㆍ
13	519	203	리뷰 (5)
13	623	42	고메도넛
13	705	36	호박인절미카스텔라도넛
13	759	36	3,900원
13	817	36	호박 풍미를 살린 쫀득한 찹쌀 도넛 위에 고운 카스텔라 고물을 듬뿍 올린 떡 감성 도넛
13	895	63	100% (3개)
13	895	149	ㆍ
13	895	193	리뷰 (2)
13	969	36	헤이즐넛 로쉐
13	1023	36	4,300원
13	1081	36	달콤한 초코링 도넛에 고소한 헤이즐넛 분태를 토핑한 후 헤이즐넛 초코볼을 토핑한 제품
13	1159	63	100% (2개)
13	1233	36	딸기 필링 듬뿍 초코 생도넛
13	1287	36	4,900원
13	1345	36	달콤한 초코 풍미의 초코 생도넛에 상큼한 딸기 필링이 가득 들어간 제품
13	1441	121	지금 와우 가입하면 배달비 0원 + 25,000원 쿠폰
13	1446	36	카카오 파운드 케익
13	1458	781	가입하기
13	1500	36	4,900원
13	1556	24	배달비 0원 적용 중
13	1558	36	리얼초콜릿으로 만든 초코 코팅과  초코 토핑으로 진한 달콤함과 부드럽고 촉촉한 식감이 특징인 파운드 케익 도넛
14	0	0	80% (5개)
14	0	0	ㆍ
14	0	0	리뷰 (1)
14	13	36	호박인절미카스텔라도넛
14	66	155	던킨 서울역 서부점 내 메뉴를 찾아보세요
14	125	36	호박 풍미를 살린 쫀득한 찹쌀 도넛 위에 고운 카스텔라 고물을 듬뿍 올린 떡 감성 도넛
14	151	114	고메도넛
14	151	262	라마다 시그니처
14	151	482	도너츠(단품)
14	151	668	디카페인커피(캔)
14	182	51	2 / 3
14	203	63	100% (3개)
14	203	149	ㆍ
14	203	193	리뷰 (2)
14	248	331	던킨 서울역 서부점
14	277	36	헤이즐넛 로쉐
14	298	412	5.0(783)
14	331	36	4,300원
14	389	36	달콤한 초코링 도넛에 고소한 헤이즐넛 분태를 토핑한 후 헤이즐넛 초코볼을 토핑한 제품
14	467	63	100% (2개)
14	541	36	딸기 필링 듬뿍 초코 생도넛
14	595	36	4,900원
14	653	36	달콤한 초코 풍미의 초코 생도넛에 상큼한 딸기 필링이 가득 들어간 제품
14	754	36	카카오 파운드 케익
14	808	36	4,900원
14	866	36	리얼초콜릿으로 만든 초코 코팅과  초코 토핑으로 진한 달콤함과 부드럽고 촉촉한 식감이 특징인 파운드 케익 도넛
14	944	63	100% (3개)
14	944	149	ㆍ
14	944	193	리뷰 (3)
14	1018	36	초코 크러쉬 도넛
14	1072	36	4,300원
14	1130	36	초코 크림 필링이 가득 들어가고 초코 코팅 위에 초콜릿 컬스가 풍성하게 토핑된 도넛
14	1238	36	딸기크림 가득 수줍은 스마일
14	1292	36	3,100원
14	1350	36	새콤한 딸기 크림을 품은 핑크빛 스마일의 도넛
14	1398	63	100% (6개)
14	1398	149	ㆍ
14	1398	193	리뷰 (3)
14	1441	121	지금 와우 가입하면 배달비 0원 + 25,000원 쿠폰
14	1458	781	가입하기
14	1472	36	카스텔라 도넛
14	1526	36	4,300원
14	1556	24	배달비 0원 적용 중
14	1584	36	부드러운 크림에 보송보송 카스텔라 고물을 묻힌 도넛
15	63	36	카카오 파운드 케익
15	66	155	던킨 서울역 서부점 내 메뉴를 찾아보세요
15	132	36	4,900원
15	151	114	고메도넛
15	151	262	라마다 시그니처
15	151	482	도너츠(단품)
15	151	668	디카페인커피(캔)
15	175	36	리얼초콜릿으로 만든 초코 코팅과  초코 토핑으로 진한 달콤함과 부드럽고 촉촉한 식감이 특징인 파운드 케익 도넛
15	182	51	3 / 3
15	248	331	던킨 서울역 서부점
15	253	63	100% (3개)
15	253	149	ㆍ
15	253	193	리뷰 (3)
15	298	412	5.0(783)
15	327	36	초코 크러쉬 도넛
15	381	36	4,300원
15	439	36	초코 크림 필링이 가득 들어가고 초코 코팅 위에 초콜릿 컬스가 풍성하게 토핑된 도넛
15	547	36	딸기크림 가득 수줍은 스마일
15	601	36	3,100원
15	659	36	새콤한 딸기 크림을 품은 핑크빛 스마일의 도넛
15	707	63	100% (6개)
15	707	149	ㆍ
15	707	193	리뷰 (3)
15	781	36	카스텔라 도넛
15	835	36	4,300원
15	893	36	부드러운 크림에 보송보송 카스텔라 고물을 묻힌 도넛
15	941	63	80% (5개)
15	941	139	ㆍ
15	941	183	리뷰 (1)
15	1045	42	라마다 시그니처
15	1136	36	보냉 포장
15	1184	36	500원
15	1242	36	아이스팩+보냉팩+비닐 쇼핑백 (크림도넛 주문시 함께 주문하면 좋아요!)
15	1350	42	도너츠(단품)
15	1432	36	오렌지망고필드
15	1441	121	지금 와우 가입하면 배달비 0원 + 25,000원 쿠폰
15	1458	781	가입하기
15	1486	36	3,100원
15	1544	36	여름 대표 과일 오렌지와 망고 필링이 가득한 도넛
15	1556	24	배달비 0원 적용 중
15	1592	63	100% (1개)
15	1592	149	ㆍ
15	1592	193	리뷰 (2)
16	0	0	100% (1개)
16	0	0	ㆍ
16	0	0	리뷰 (1)
16	66	155	던킨 서울역 서부점 내 메뉴를 찾아보세요
16	95	36	카스텔라 도넛
16	149	36	4,300원
16	151	114	고메도넛
16	151	262	라마다 시그니처
16	151	482	도너츠(단품)
16	151	668	디카페인커피(캔)
16	182	51	1 / 3
16	207	36	부드러운 크림에 보송보송 카스텔라 고물을 묻힌 도넛
16	248	331	던킨 서울역 서부점
16	255	63	80% (5개)
16	255	139	ㆍ
16	255	183	리뷰 (1)
16	298	412	5.0(783)
16	359	42	라마다 시그니처
16	450	36	보냉 포장
16	498	36	500원
16	556	36	아이스팩+보냉팩+비닐 쇼핑백 (크림도넛 주문시 함께 주문하면 좋아요!)
16	664	42	도너츠(단품)
16	746	36	오렌지망고필드
16	800	36	3,100원
16	858	36	여름 대표 과일 오렌지와 망고 필링이 가득한 도넛
16	906	63	100% (1개)
16	906	149	ㆍ
16	906	193	리뷰 (2)
16	980	36	황치즈 올드훼션드
16	1034	36	3,100원
16	1092	36	진하고 고소한 황치즈 풍미를 느낄 수 있는 올드훼션드 도넛
16	1193	36	우베 츄이스티
16	1247	36	2,700원
16	1305	36	쫀득한 식감에 우베의 달콤함을 더한 보라빛 매력의 츄이스티 도넛
16	1353	63	100% (4개)
16	1353	149	ㆍ
16	1353	193	리뷰 (3)
16	1427	36	말돈소금우유도넛
16	1441	121	지금 와우 가입하면 배달비 0원 + 25,000원 쿠폰
16	1458	781	가입하기
16	1481	36	3,100원
16	1539	36	락토프리 우유를 사용한 반죽에 말돈 소금과 연유 글레이즈를 더한 단짠 도넛 (유청 포함 원료 사용)
16	1556	24	배달비 0원 적용 중
17	55	36	오렌지망고필드
17	66	155	던킨 서울역 서부점 내 메뉴를 찾아보세요
17	132	36	3,100원
17	151	114	도너츠(단품)
17	151	300	디카페인커피(캔)
17	151	530	디카페인커피
17	151	722	커피(캔)
17	151	864	커피
17	167	36	여름 대표 과일 오렌지와 망고 필링이 가득한 도넛
17	182	51	2 / 3
17	215	63	100% (1개)
17	215	149	ㆍ
17	215	193	리뷰 (2)
17	248	331	던킨 서울역 서부점
17	289	36	황치즈 올드훼션드
17	298	412	5.0(783)
17	343	36	3,100원
17	401	36	진하고 고소한 황치즈 풍미를 느낄 수 있는 올드훼션드 도넛
17	502	36	우베 츄이스티
17	556	36	2,700원
17	614	36	쫀득한 식감에 우베의 달콤함을 더한 보라빛 매력의 츄이스티 도넛
17	662	63	100% (4개)
17	662	149	ㆍ
17	662	193	리뷰 (3)
17	736	36	말돈소금우유도넛
17	790	36	3,100원
17	848	36	락토프리 우유를 사용한 반죽에 말돈 소금과 연유 글레이즈를 더한 단짠 도넛 (유청 포함 원료 사용)
17	926	63	100% (1개)
17	926	149	ㆍ
17	926	193	리뷰 (1)
17	1000	36	아몬드 크런치 봉봉
17	1045	761	오늘만 품절
17	1054	36	3,100원
17	1112	36	바삭한 아몬드 토핑과 달콤한 초콜릿이 조화로운 도넛
17	1198	36	클래식 올드훼션드
17	1252	36	2,500원
17	1310	36	은은하고 고소한 버터풍미가 느껴지는 클래식한 도넛
17	1358	63	100% (1개)
17	1358	149	ㆍ
17	1358	193	리뷰 (1)
17	1432	36	콘버터바이츠
17	1441	121	지금 와우 가입하면 배달비 0원 + 25,000원 쿠폰
17	1458	781	가입하기
17	1486	36	3,100원
17	1544	36	달콤 고소한 옥수수와 버터 풍미를 느낄 수 있는 도넛
17	1556	24	배달비 0원 적용 중
18	0	0	100% (1개)
18	48	36	말돈소금우유도넛
18	66	155	던킨 서울역 서부점 내 메뉴를 찾아보세요
18	132	36	3,100원
18	151	114	도너츠(단품)
18	151	300	디카페인커피(캔)
18	151	530	디카페인커피
18	151	722	커피(캔)
18	151	864	커피
18	160	36	락토프리 우유를 사용한 반죽에 말돈 소금과 연유 글레이즈를 더한 단짠 도넛 (유청 포함 원료 사용)
18	182	51	3 / 3
18	238	63	100% (1개)
18	238	149	ㆍ
18	238	193	리뷰 (1)
18	248	331	던킨 서울역 서부점
18	298	412	5.0(783)
18	312	36	아몬드 크런치 봉봉
18	357	761	오늘만 품절
18	366	36	3,100원
18	424	36	바삭한 아몬드 토핑과 달콤한 초콜릿이 조화로운 도넛
18	510	36	클래식 올드훼션드
18	564	36	2,500원
18	622	36	은은하고 고소한 버터풍미가 느껴지는 클래식한 도넛
18	670	63	100% (1개)
18	670	149	ㆍ
18	670	193	리뷰 (1)
18	744	36	콘버터바이츠
18	798	36	3,100원
18	856	36	달콤 고소한 옥수수와 버터 풍미를 느낄 수 있는 도넛
18	957	36	핑크듀얼하트
18	1011	36	3,900원
18	1069	36	알록달록한 스프링클과 하트모양으로 러블리한 듀얼 필링 도넛
18	1117	63	100% (1개)
18	1117	149	ㆍ
18	1117	193	리뷰 (2)
18	1191	36	블루베리 크림치즈 도넛
18	1245	36	4,300원
18	1303	36	부드러운 크림치즈와 상큼한 블루베리 필링이 조화로운 도넛
18	1351	63	100% (1개)
18	1351	149	ㆍ
18	1351	193	리뷰 (3)
18	1425	36	씨앗츄이스틱
18	1441	121	지금 와우 가입하면 배달비 0원 + 25,000원 쿠폰
18	1458	781	가입하기
18	1479	36	2,700원
18	1537	36	해바라기씨·호박씨·땅콩분태가 듬뿍 올라가고 달콤한 꿀 글레이즈로 마무리한 바삭·쫀득 스틱 도넛
18	1556	24	배달비 0원 적용 중
19	0	0	83% (6개)
19	0	0	ㆍ
19	0	0	리뷰 (3)
19	0	0	화려한 컬러 스프링클이 토핑된 진한 카카오맛 도넛
19	60	36	콘버터바이츠
19	66	155	던킨 서울역 서부점 내 메뉴를 찾아보세요
19	132	36	3,100원
19	151	114	도너츠(단품)
19	151	300	디카페인커피(캔)
19	151	530	디카페인커피
19	151	722	커피(캔)
19	151	864	커피
19	172	36	달콤 고소한 옥수수와 버터 풍미를 느낄 수 있는 도넛
19	182	51	1 / 3
19	248	331	던킨 서울역 서부점
19	273	36	핑크듀얼하트
19	298	412	5.0(783)
19	327	36	3,900원
19	385	36	알록달록한 스프링클과 하트모양으로 러블리한 듀얼 필링 도넛
19	433	63	100% (1개)
19	433	149	ㆍ
19	433	193	리뷰 (2)
19	507	36	블루베리 크림치즈 도넛
19	561	36	4,300원
19	619	36	부드러운 크림치즈와 상큼한 블루베리 필링이 조화로운 도넛
19	667	63	100% (1개)
19	667	149	ㆍ
19	667	193	리뷰 (3)
19	741	36	씨앗츄이스틱
19	795	36	2,700원
19	853	36	해바라기씨·호박씨·땅콩분태가 듬뿍 올라가고 달콤한 꿀 글레이즈로 마무리한 바삭·쫀득 스틱 도넛
19	931	63	100% (1개)
19	1005	36	콘버터꽈배기 with 에쉬레 버터
19	1059	36	3,900원
19	1117	36	프랑스산 명품 에쉬레 버터로 만든 달콤 고소한 콘버터딥을 입힌 꽈배기
19	1219	45	주문많음
19	1245	36	보스톤크림
19	1299	36	2,700원
19	1357	36	부드러운 바바리안 크림을 채운 후 달콤한 초코와 화려한 컬러 스프링클을 토핑한 도넛
19	1435	63	100% (5개)
19	1435	149	ㆍ
19	1435	193	리뷰 (6)
19	1441	121	지금 와우 가입하면 배달비 0원 + 25,000원 쿠폰
19	1458	781	가입하기
19	1509	36	카카오후로스티드
19	1556	24	배달비 0원 적용 중
19	1563	36	2,200원
20	0	0	100% (11개)
20	0	0	ㆍ
20	0	0	리뷰 (5)
20	0	0	올리브유 함량을 높여 향긋하고 쫄깃한 도넛
20	52	36	씨앗츄이스틱
20	66	155	던킨 서울역 서부점 내 메뉴를 찾아보세요
20	132	36	2,700원
20	151	114	도너츠(단품)
20	151	300	디카페인커피(캔)
20	151	530	디카페인커피
20	151	722	커피(캔)
20	151	864	커피
20	164	36	해바라기씨·호박씨·땅콩분태가 듬뿍 올라가고 달콤한 꿀 글레이즈로 마무리한 바삭·쫀득 스틱 도넛
20	182	51	2 / 3
20	242	63	100% (1개)
20	248	331	던킨 서울역 서부점
20	298	412	5.0(783)
20	316	36	콘버터꽈배기 with 에쉬레 버터
20	370	36	3,900원
20	428	36	프랑스산 명품 에쉬레 버터로 만든 달콤 고소한 콘버터딥을 입힌 꽈배기
20	530	45	주문많음
20	556	36	보스톤크림
20	610	36	2,700원
20	668	36	부드러운 바바리안 크림을 채운 후 달콤한 초코와 화려한 컬러 스프링클을 토핑한 도넛
20	746	63	100% (5개)
20	746	149	ㆍ
20	746	193	리뷰 (6)
20	820	36	카카오후로스티드
20	874	36	2,200원
20	932	36	화려한 컬러 스프링클이 토핑된 진한 카카오맛 도넛
20	980	63	83% (6개)
20	980	139	ㆍ
20	980	183	리뷰 (3)
20	1054	36	페이머스 글레이즈드
20	1108	36	1,900원
20	1166	36	더욱 촉촉하고 부드러워진 달콤한 정통 도넛
20	1214	63	리뷰 (10)
20	1289	45	리뷰최고
20	1315	36	바바리안필드
20	1369	36	2,200원
20	1427	36	부드러운 바바리안크림과 부드러운 도넛이 조화를 이룬 도넛
20	1441	121	지금 와우 가입하면 배달비 0원 + 25,000원 쿠폰
20	1458	781	가입하기
20	1475	63	96% (25개)
20	1475	149	ㆍ
20	1475	193	리뷰 (11)
20	1549	36	올리브츄이스티
20	1556	24	배달비 0원 적용 중
21	0	0	달달한 초코맛의 촉촉한 케익 도넛
21	0	0	리뷰 (12)
21	66	155	던킨 서울역 서부점 내 메뉴를 찾아보세요
21	137	36	카카오후로스티드
21	151	114	도너츠(단품)
21	151	300	디카페인커피(캔)
21	151	530	디카페인커피
21	151	722	커피(캔)
21	151	864	커피
21	182	51	3 / 3
21	191	36	2,200원
21	248	331	던킨 서울역 서부점
21	249	36	화려한 컬러 스프링클이 토핑된 진한 카카오맛 도넛
21	297	63	83% (6개)
21	297	139	ㆍ
21	297	183	리뷰 (3)
21	298	412	5.0(783)
21	371	36	페이머스 글레이즈드
21	425	36	1,900원
21	483	36	더욱 촉촉하고 부드러워진 달콤한 정통 도넛
21	531	63	리뷰 (10)
21	606	45	리뷰최고
21	632	36	바바리안필드
21	686	36	2,200원
21	744	36	부드러운 바바리안크림과 부드러운 도넛이 조화를 이룬 도넛
21	792	63	96% (25개)
21	792	149	ㆍ
21	792	193	리뷰 (11)
21	866	36	올리브츄이스티
21	920	36	2,200원
21	978	36	올리브유 함량을 높여 향긋하고 쫄깃한 도넛
21	1026	63	100% (11개)
21	1026	159	ㆍ
21	1026	203	리뷰 (5)
21	1101	45	주문많음
21	1101	133	리뷰최고
21	1127	36	스트로베리필드
21	1145	761	오늘만 품절
21	1181	36	2,200원
21	1239	36	맛있는 딸기가 상큼, 새하얀 슈가파우더가 입안에서 사르륵
21	1287	63	100% (22개)
21	1287	159	ㆍ
21	1287	203	리뷰 (6)
21	1361	36	카푸치노츄이스티
21	1415	36	2,200원
21	1441	121	지금 와우 가입하면 배달비 0원 + 25,000원 쿠폰
21	1458	781	가입하기
21	1473	36	저지우유로 부드러운 카푸치노 풍미를 살린 쫄깃 도넛
21	1521	63	100% (13개)
21	1521	159	ㆍ
21	1521	203	리뷰 (9)
21	1556	24	배달비 0원 적용 중
21	1595	36	카카오하니딥
22	0	0	리뷰최고
22	0	0	바바리안필드
22	57	36	부드러운 바바리안크림과 부드러운 도넛이 조화를 이룬 도넛
22	66	155	던킨 서울역 서부점 내 메뉴를 찾아보세요
22	105	63	96% (25개)
22	105	149	ㆍ
22	105	193	리뷰 (11)
22	151	114	도너츠(단품)
22	151	300	디카페인커피(캔)
22	151	530	디카페인커피
22	151	722	커피(캔)
22	151	864	커피
22	179	36	올리브츄이스티
22	182	51	1 / 3
22	233	36	2,200원
22	248	331	던킨 서울역 서부점
22	291	36	올리브유 함량을 높여 향긋하고 쫄깃한 도넛
22	298	412	5.0(783)
22	339	63	100% (11개)
22	339	159	ㆍ
22	339	203	리뷰 (5)
22	414	45	주문많음
22	414	133	리뷰최고
22	440	36	스트로베리필드
22	458	761	오늘만 품절
22	494	36	2,200원
22	552	36	맛있는 딸기가 상큼, 새하얀 슈가파우더가 입안에서 사르륵
22	600	63	100% (22개)
22	600	159	ㆍ
22	600	203	리뷰 (6)
22	674	36	카푸치노츄이스티
22	728	36	2,200원
22	786	36	저지우유로 부드러운 카푸치노 풍미를 살린 쫄깃 도넛
22	834	63	100% (13개)
22	834	159	ㆍ
22	834	203	리뷰 (9)
22	908	36	카카오하니딥
22	962	36	1,900원
22	1020	36	달달한 초코맛의 촉촉한 케익 도넛
22	1068	63	리뷰 (12)
22	1142	36	던킨 카페모카롤
22	1187	761	오늘만 품절
22	1196	36	2,700원
22	1254	36	향긋한 모카의 맛과 향을 느낄 수 있는 제품
22	1302	63	100% (10개)
22	1302	159	ㆍ
22	1302	203	리뷰 (5)
22	1376	36	허니후리터
22	1421	761	오늘만 품절
22	1430	36	2,700원
22	1441	121	지금 와우 가입하면 배달비 0원 + 25,000원 쿠폰
22	1458	781	가입하기
22	1488	36	도너츠 틈새 사이로 진한 벌꿀시럽이 스며들어 울퉁불퉁할수록 더욱 맛있는 도넛
22	1556	24	배달비 0원 적용 중
22	1566	63	100% (9개)
22	1566	149	ㆍ
22	1566	193	리뷰 (3)
23	0	0	리뷰 (3)
23	0	36	카푸치노츄이스티
23	66	155	던킨 서울역 서부점 내 메뉴를 찾아보세요
23	98	36	저지우유로 부드러운 카푸치노 풍미를 살린 쫄깃 도넛
23	146	63	100% (13개)
23	146	159	ㆍ
23	146	203	리뷰 (9)
23	151	114	도너츠(단품)
23	151	300	디카페인커피(캔)
23	151	530	디카페인커피
23	151	722	커피(캔)
23	151	864	커피
23	182	51	2 / 3
23	220	36	카카오하니딥
23	248	331	던킨 서울역 서부점
23	274	36	1,900원
23	298	412	5.0(783)
23	332	36	달달한 초코맛의 촉촉한 케익 도넛
23	380	63	리뷰 (12)
23	454	36	던킨 카페모카롤
23	499	761	오늘만 품절
23	508	36	2,700원
23	566	36	향긋한 모카의 맛과 향을 느낄 수 있는 제품
23	614	63	100% (10개)
23	614	159	ㆍ
23	614	203	리뷰 (5)
23	688	36	허니후리터
23	733	761	오늘만 품절
23	742	36	2,700원
23	800	36	도너츠 틈새 사이로 진한 벌꿀시럽이 스며들어 울퉁불퉁할수록 더욱 맛있는 도넛
23	878	63	100% (9개)
23	878	149	ㆍ
23	878	193	리뷰 (3)
23	952	36	플레인베이글
23	1006	36	2,700원
23	1064	36	씹을수록 고소하고 쫄깃한 플레인 베이글
23	1112	63	100% (2개)
23	1112	149	ㆍ
23	1112	193	리뷰 (1)
23	1186	36	블루베리베이글
23	1240	36	2,700원
23	1298	36	상큼한 블루베리 맛을 즐길 수 있는 인기 만점의 담백한 던킨베이글. 크림치즈 추가 선택 (옵션) 구매 가능
23	1376	63	100% (1개)
23	1441	121	지금 와우 가입하면 배달비 0원 + 25,000원 쿠폰
23	1450	36	크림치즈(플레인)
23	1458	781	가입하기
23	1504	36	1,100원
23	1556	24	배달비 0원 적용 중
23	1562	36	베이글을 더욱 맛있게 즐길 수 있는 포션형 플레인 크림치즈
24	0	0	100% (2개)
24	0	0	풍부한 향이 있는 미디엄 로스팅의 디카페인 아이스 아메리카노(매장에서 바로 제조한 음료를 캔 용기에 담아서 제공해드립니다)(카페인 함유제품) 어린이, 임산부 및 카페인에 민감한 사람은 섭취에 주의해주시기 바랍니다.
24	2	36	허니후리터
24	47	761	오늘만 품절
24	66	155	던킨 서울역 서부점 내 메뉴를 찾아보세요
24	114	36	도너츠 틈새 사이로 진한 벌꿀시럽이 스며들어 울퉁불퉁할수록 더욱 맛있는 도넛
24	151	114	도너츠(단품)
24	151	300	디카페인커피(캔)
24	151	530	디카페인커피
24	151	722	커피(캔)
24	151	864	커피
24	182	51	3 / 3
24	192	63	100% (9개)
24	192	149	ㆍ
24	192	193	리뷰 (3)
24	248	331	던킨 서울역 서부점
24	266	36	플레인베이글
24	298	412	5.0(783)
24	320	36	2,700원
24	378	36	씹을수록 고소하고 쫄깃한 플레인 베이글
24	426	63	100% (2개)
24	426	149	ㆍ
24	426	193	리뷰 (1)
24	500	36	블루베리베이글
24	554	36	2,700원
24	612	36	상큼한 블루베리 맛을 즐길 수 있는 인기 만점의 담백한 던킨베이글. 크림치즈 추가 선택 (옵션) 구매 가능
24	690	63	100% (1개)
24	764	36	크림치즈(플레인)
24	818	36	1,100원
24	876	36	베이글을 더욱 맛있게 즐길 수 있는 포션형 플레인 크림치즈
24	924	63	리뷰 (3)
24	1028	42	디카페인커피(캔)
24	1110	36	(캔)DC폼폼푸린 카라멜 던카치노
24	1164	36	5,200원
24	1222	36	달콤한 카라멜과 쌉쌀한 에스프레소 샷의 환상적인 만남얼음과 함께 갈아 시원하게 즐기는 아이스 커피 메뉴(카페인 함유제품) 어린이, 임산부 및 카페인에 민감한 사람은 섭취에 주의해주시기 바랍니다. 슬리브 소진 시 미제공 될 수 있습니다(배달채널용).(매장에서 바로 제조한 음료를 캔 용기에 담아서 제공해드립니다)
24	1330	36	(캔)DC 던카치노 오리지널
24	1384	36	4,900원
24	1441	121	지금 와우 가입하면 배달비 0원 + 25,000원 쿠폰
24	1442	36	달콤한 바닐라 향과 부드러운 우유, 디카페인 샷이 들어간 오리지널 던카치노 (매장에서 바로 제조한 음료를 캔 용기에 담아서 제공해드립니다) (카페인 함유제품) 어린이, 임산부 및 카페인에 민감한 사람은 섭취에 주의해주시기 바랍니다. / 카페인 함유
24	1458	781	가입하기
24	1520	63	100% (2개)
24	1520	149	ㆍ
24	1520	193	리뷰 (1)
24	1556	24	배달비 0원 적용 중
24	1594	36	(캔)DC 아이스 아메리카노
25	0	0	100% (2개)
25	66	155	던킨 서울역 서부점 내 메뉴를 찾아보세요
25	77	36	크림치즈(플레인)
25	132	36	1,100원
25	151	114	도너츠(단품)
25	151	300	디카페인커피(캔)
25	151	530	디카페인커피
25	151	722	커피(캔)
25	151	864	커피
25	182	51	1 / 3
25	189	36	베이글을 더욱 맛있게 즐길 수 있는 포션형 플레인 크림치즈
25	237	63	리뷰 (3)
25	248	331	던킨 서울역 서부점
25	298	412	5.0(783)
25	341	42	디카페인커피(캔)
25	423	36	(캔)DC폼폼푸린 카라멜 던카치노
25	477	36	5,200원
25	535	36	달콤한 카라멜과 쌉쌀한 에스프레소 샷의 환상적인 만남얼음과 함께 갈아 시원하게 즐기는 아이스 커피 메뉴(카페인 함유제품) 어린이, 임산부 및 카페인에 민감한 사람은 섭취에 주의해주시기 바랍니다. 슬리브 소진 시 미제공 될 수 있습니다(배달채널용).(매장에서 바로 제조한 음료를 캔 용기에 담아서 제공해드립니다)
25	643	36	(캔)DC 던카치노 오리지널
25	697	36	4,900원
25	755	36	달콤한 바닐라 향과 부드러운 우유, 디카페인 샷이 들어간 오리지널 던카치노 (매장에서 바로 제조한 음료를 캔 용기에 담아서 제공해드립니다) (카페인 함유제품) 어린이, 임산부 및 카페인에 민감한 사람은 섭취에 주의해주시기 바랍니다. / 카페인 함유
25	833	63	100% (2개)
25	833	149	ㆍ
25	833	193	리뷰 (1)
25	907	36	(캔)DC 아이스 아메리카노
25	961	36	3,900원
25	1019	36	풍부한 향이 있는 미디엄 로스팅의 디카페인 아이스 아메리카노(매장에서 바로 제조한 음료를 캔 용기에 담아서 제공해드립니다)(카페인 함유제품) 어린이, 임산부 및 카페인에 민감한 사람은 섭취에 주의해주시기 바랍니다.
25	1097	63	100% (2개)
25	1171	36	(캔)DC 아이스 카페라떼
25	1225	36	4,400원
25	1283	36	우유의 고소함과 부드러움이 잘 어울리는 디카페인 커피(매장에서 바로 제조한 음료를 캔 용기에 담아서 제공해드립니다)(카페인 함유제품) 어린이, 임산부 및 카페인에 민감한 사람은 섭취에 주의해주시기 바랍니다.
25	1361	63	100% (2개)
25	1435	36	(캔)DC 아이스 카페모카
25	1441	121	지금 와우 가입하면 배달비 0원 + 25,000원 쿠폰
25	1458	781	가입하기
25	1489	36	4,900원
25	1547	36	진한 에스프레소와 달콤한 초코가 조화로운 디카페인 커피(매장에서 바로 제조한 음료를 캔 용기에 담아서 제공해드립니다)(배달주문시 휘핑크림은 제공되지 않습니다) (카페인 함유제품) 어린이, 임산부 및 카페인에 민감한 사람은 섭취에 주의해주시기 바랍니다.
25	1556	24	배달비 0원 적용 중
26	0	0	(캔)DC 던카치노 오리지널
26	0	0	100% (1개)
26	0	0	풍부한 향이 있는 미디엄 로스팅의 디카페인 아메리카노(매장에서 바로 제조한 음료를 캔 용기에 담아서 제공해드립니다)(카페인 함유제품) 어린이, 임산부 및 카페인에 민감한 사람은 섭취에 주의해주시기 바랍니다.
26	64	36	달콤한 바닐라 향과 부드러운 우유, 디카페인 샷이 들어간 오리지널 던카치노 (매장에서 바로 제조한 음료를 캔 용기에 담아서 제공해드립니다) (카페인 함유제품) 어린이, 임산부 및 카페인에 민감한 사람은 섭취에 주의해주시기 바랍니다. / 카페인 함유
26	66	155	던킨 서울역 서부점 내 메뉴를 찾아보세요
26	142	63	100% (2개)
26	142	149	ㆍ
26	142	193	리뷰 (1)
26	151	114	디카페인커피(캔)
26	151	344	디카페인커피
26	151	536	커피(캔)
26	151	678	커피
26	151	782	음료(캔)
26	182	51	2 / 3
26	216	36	(캔)DC 아이스 아메리카노
26	248	331	던킨 서울역 서부점
26	270	36	3,900원
26	298	412	5.0(783)
26	328	36	풍부한 향이 있는 미디엄 로스팅의 디카페인 아이스 아메리카노(매장에서 바로 제조한 음료를 캔 용기에 담아서 제공해드립니다)(카페인 함유제품) 어린이, 임산부 및 카페인에 민감한 사람은 섭취에 주의해주시기 바랍니다.
26	406	63	100% (2개)
26	480	36	(캔)DC 아이스 카페라떼
26	534	36	4,400원
26	592	36	우유의 고소함과 부드러움이 잘 어울리는 디카페인 커피(매장에서 바로 제조한 음료를 캔 용기에 담아서 제공해드립니다)(카페인 함유제품) 어린이, 임산부 및 카페인에 민감한 사람은 섭취에 주의해주시기 바랍니다.
26	670	63	100% (2개)
26	744	36	(캔)DC 아이스 카페모카
26	798	36	4,900원
26	856	36	진한 에스프레소와 달콤한 초코가 조화로운 디카페인 커피(매장에서 바로 제조한 음료를 캔 용기에 담아서 제공해드립니다)(배달주문시 휘핑크림은 제공되지 않습니다) (카페인 함유제품) 어린이, 임산부 및 카페인에 민감한 사람은 섭취에 주의해주시기 바랍니다.
26	934	63	100% (2개)
26	1008	36	(캔)DC 아이스 바닐라라떼
26	1062	36	4,900원
26	1120	36	향긋한 바닐라가 조화로운 달콤한 디카페인 아이스 바닐라 라떼(매장에서 바로 제조한 음료를 캔 용기에 담아서 제공해드립니다)(배달주문시 휘핑크림은 제공되지 않습니다) (카페인 함유제품) 어린이, 임산부 및 카페인에 민감한 사람은 섭취에 주의해주시기 바랍니다.
26	1198	63	100% (1개)
26	1198	149	ㆍ
26	1198	193	리뷰 (1)
26	1272	36	(캔)DC 아이스 카라멜마끼아또
26	1326	36	4,900원
26	1384	36	시원한 우유, 달콤한 카라멜이 조화로운 디카페인 아이스 카라멜마끼아또(매장에서 바로 제조한 음료를 캔 용기에 담아서 제공해드립니다)(카페인 함유제품) 어린이, 임산부 및 카페인에 민감한 사람은 섭취에 주의해주시기 바랍니다.
26	1441	121	지금 와우 가입하면 배달비 0원 + 25,000원 쿠폰
26	1458	781	가입하기
26	1492	36	(캔)DC 아메리카노
26	1546	36	3,900원
26	1556	24	배달비 0원 적용 중
27	0	0	진한 에스프레소와 달콤한 초코가 조화로운 디카페인 커피(매장에서 바로 제조한 음료를 캔 용기에 담아서 제공해드립니다)(배달주문시 휘핑크림은 제공되지 않습니다) (카페인 함유제품) 어린이, 임산부 및 카페인에 민감한 사람은 섭취에 주의해주시기 바랍니다.
27	54	36	(캔)DC 아이스 카페모카
27	66	155	던킨 서울역 서부점 내 메뉴를 찾아보세요
27	132	36	4,900원
27	151	114	디카페인커피(캔)
27	151	344	디카페인커피
27	151	536	커피(캔)
27	151	678	커피
27	151	782	음료(캔)
27	166	36	진한 에스프레소와 달콤한 초코가 조화로운 디카페인 커피(매장에서 바로 제조한 음료를 캔 용기에 담아서 제공해드립니다)(배달주문시 휘핑크림은 제공되지 않습니다) (카페인 함유제품) 어린이, 임산부 및 카페인에 민감한 사람은 섭취에 주의해주시기 바랍니다.
27	182	51	3 / 3
27	244	63	100% (2개)
27	248	331	던킨 서울역 서부점
27	298	412	5.0(783)
27	318	36	(캔)DC 아이스 바닐라라떼
27	372	36	4,900원
27	430	36	향긋한 바닐라가 조화로운 달콤한 디카페인 아이스 바닐라 라떼(매장에서 바로 제조한 음료를 캔 용기에 담아서 제공해드립니다)(배달주문시 휘핑크림은 제공되지 않습니다) (카페인 함유제품) 어린이, 임산부 및 카페인에 민감한 사람은 섭취에 주의해주시기 바랍니다.
27	508	63	100% (1개)
27	508	149	ㆍ
27	508	193	리뷰 (1)
27	582	36	(캔)DC 아이스 카라멜마끼아또
27	636	36	4,900원
27	694	36	시원한 우유, 달콤한 카라멜이 조화로운 디카페인 아이스 카라멜마끼아또(매장에서 바로 제조한 음료를 캔 용기에 담아서 제공해드립니다)(카페인 함유제품) 어린이, 임산부 및 카페인에 민감한 사람은 섭취에 주의해주시기 바랍니다.
27	802	36	(캔)DC 아메리카노
27	856	36	3,900원
27	914	36	풍부한 향이 있는 미디엄 로스팅의 디카페인 아메리카노(매장에서 바로 제조한 음료를 캔 용기에 담아서 제공해드립니다)(카페인 함유제품) 어린이, 임산부 및 카페인에 민감한 사람은 섭취에 주의해주시기 바랍니다.
27	992	63	100% (1개)
27	1066	36	(캔)DC 카페라떼
27	1120	36	4,400원
27	1178	36	우유의 고소함과 부드러움이 잘 어울리는 디카페인 커피(매장에서 바로 제조한 음료를 캔 용기에 담아서 제공해드립니다)(카페인 함유제품) 어린이, 임산부 및 카페인에 민감한 사람은 섭취에 주의해주시기 바랍니다.
27	1256	63	100% (1개)
27	1330	36	(캔)DC 카푸치노
27	1384	36	4,400원
27	1441	121	지금 와우 가입하면 배달비 0원 + 25,000원 쿠폰
27	1442	36	폭신한 우유거품과 진한 에스프레소가 조화로운 디카페인 카푸치노(매장에서 바로 제조한 음료를 캔 용기에 담아서 제공해드립니다)(카페인 함유제품) 어린이, 임산부 및 카페인에 민감한 사람은 섭취에 주의해주시기 바랍니다.
27	1458	781	가입하기
27	1550	36	(캔)DC 카페모카
27	1556	24	배달비 0원 적용 중
28	66	155	던킨 서울역 서부점 내 메뉴를 찾아보세요
28	116	36	(캔)DC 아메리카노
28	151	114	디카페인커피(캔)
28	151	344	디카페인커피
28	151	536	커피(캔)
28	151	678	커피
28	151	782	음료(캔)
28	170	36	3,900원
28	182	51	1 / 3
28	228	36	풍부한 향이 있는 미디엄 로스팅의 디카페인 아메리카노(매장에서 바로 제조한 음료를 캔 용기에 담아서 제공해드립니다)(카페인 함유제품) 어린이, 임산부 및 카페인에 민감한 사람은 섭취에 주의해주시기 바랍니다.
28	248	331	던킨 서울역 서부점
28	298	412	5.0(783)
28	306	63	100% (1개)
28	380	36	(캔)DC 카페라떼
28	434	36	4,400원
28	492	36	우유의 고소함과 부드러움이 잘 어울리는 디카페인 커피(매장에서 바로 제조한 음료를 캔 용기에 담아서 제공해드립니다)(카페인 함유제품) 어린이, 임산부 및 카페인에 민감한 사람은 섭취에 주의해주시기 바랍니다.
28	570	63	100% (1개)
28	644	36	(캔)DC 카푸치노
28	698	36	4,400원
28	756	36	폭신한 우유거품과 진한 에스프레소가 조화로운 디카페인 카푸치노(매장에서 바로 제조한 음료를 캔 용기에 담아서 제공해드립니다)(카페인 함유제품) 어린이, 임산부 및 카페인에 민감한 사람은 섭취에 주의해주시기 바랍니다.
28	864	36	(캔)DC 카페모카
28	918	36	4,900원
28	976	36	진한 에스프레소와 달콤한 초코가 조화로운 디카페인 커피(매장에서 바로 제조한 음료를 캔 용기에 담아서 제공해드립니다)(배달주문시 휘핑크림은 제공되지 않습니다) (카페인 함유제품) 어린이, 임산부 및 카페인에 민감한 사람은 섭취에 주의해주시기 바랍니다.
28	1084	36	(캔)DC 바닐라라떼
28	1138	36	4,900원
28	1196	36	향긋한 바닐라가 조화로운 달콤한 디카페인 바닐라 라떼(매장에서 바로 제조한 음료를 캔 용기에 담아서 제공해드립니다)(배달주문시 휘핑크림은 제공되지 않습니다) (카페인 함유제품) 어린이, 임산부 및 카페인에 민감한 사람은 섭취에 주의해주시기 바랍니다.
28	1304	36	(캔)DC 카라멜마끼아또
28	1358	36	4,900원
28	1416	36	따뜻한 우유, 달콤한 카라멜이 조화로운 디카페인 카라멜마끼아또(매장에서 바로 제조한 음료를 캔 용기에 담아서 제공해드립니다)(카페인 함유제품) 어린이, 임산부 및 카페인에 민감한 사람은 섭취에 주의해주시기 바랍니다.
28	1441	121	지금 와우 가입하면 배달비 0원 + 25,000원 쿠폰
28	1458	781	가입하기
28	1494	63	100% (1개)
28	1556	24	배달비 0원 적용 중
28	1598	42	디카페인커피
29	0	0	(캔)DC 카푸치노
29	0	0	100% (11개)
29	0	0	ㆍ
29	0	0	깊은 카카오의 풍미와 풍부한 바디감을 느낄수 있는 던킨 아이스 아메리카노(매장에서 바로 제조한 음료를 캔 용기에 담아서 제공해드립니다)(카페인 함유제품) 어린이, 임산부 및 카페인에 민감한 사람은 섭취에 주의해주시기 바랍니다. / 고카페인 함유
29	0	0	리뷰 (4)
29	64	36	폭신한 우유거품과 진한 에스프레소가 조화로운 디카페인 카푸치노(매장에서 바로 제조한 음료를 캔 용기에 담아서 제공해드립니다)(카페인 함유제품) 어린이, 임산부 및 카페인에 민감한 사람은 섭취에 주의해주시기 바랍니다.
29	66	155	던킨 서울역 서부점 내 메뉴를 찾아보세요
29	151	114	디카페인커피(캔)
29	151	344	디카페인커피
29	151	536	커피(캔)
29	151	678	커피
29	151	782	음료(캔)
29	172	36	(캔)DC 카페모카
29	182	51	2 / 3
29	226	36	4,900원
29	248	331	던킨 서울역 서부점
29	284	36	진한 에스프레소와 달콤한 초코가 조화로운 디카페인 커피(매장에서 바로 제조한 음료를 캔 용기에 담아서 제공해드립니다)(배달주문시 휘핑크림은 제공되지 않습니다) (카페인 함유제품) 어린이, 임산부 및 카페인에 민감한 사람은 섭취에 주의해주시기 바랍니다.
29	298	412	5.0(783)
29	392	36	(캔)DC 바닐라라떼
29	446	36	4,900원
29	504	36	향긋한 바닐라가 조화로운 달콤한 디카페인 바닐라 라떼(매장에서 바로 제조한 음료를 캔 용기에 담아서 제공해드립니다)(배달주문시 휘핑크림은 제공되지 않습니다) (카페인 함유제품) 어린이, 임산부 및 카페인에 민감한 사람은 섭취에 주의해주시기 바랍니다.
29	612	36	(캔)DC 카라멜마끼아또
29	666	36	4,900원
29	724	36	따뜻한 우유, 달콤한 카라멜이 조화로운 디카페인 카라멜마끼아또(매장에서 바로 제조한 음료를 캔 용기에 담아서 제공해드립니다)(카페인 함유제품) 어린이, 임산부 및 카페인에 민감한 사람은 섭취에 주의해주시기 바랍니다.
29	802	63	100% (1개)
29	906	42	디카페인커피
29	988	36	DC자이언트 버킷 아메리카노
29	1042	36	10,900원
29	1100	36	깊은 카카오의 풍미와 풍부한 바디감을 느낄 수 있는1.4L 초대용량 사이즈 아이스 아메리카노(디카페인) (카페인 함유제품) 어린이, 임산부 및 카페인에 민감한 사람은 섭취에 주의해주시기 바랍니다.
29	1238	42	커피(캔)
29	1320	36	(캔)폼폼푸린 카라멜 던카치노
29	1374	36	5,200원
29	1432	36	달콤한 카라멜과 쌉쌀한 에스프레소 샷의 환상적인 만남 얼음과 함께 갈아 시원하게 즐기는 아이스 커피 메뉴 (카페인 함유제품) 어린이, 임산부 및 카페인에 민감한 사람은 섭취에 주의해주시기 바랍니다.  슬리브 소진 시 미제공 될 수 있습니다(배달채널용). (매장에서 바로 제조한 음료를 캔 용기에 담아서 제공해드립니다)
29	1441	121	지금 와우 가입하면 배달비 0원 + 25,000원 쿠폰
29	1458	781	가입하기
29	1510	63	100% (1개)
29	1556	24	배달비 0원 적용 중
29	1584	36	(캔)아이스아메리카노
30	0	0	(캔)DC 카라멜마끼아또
30	34	36	따뜻한 우유, 달콤한 카라멜이 조화로운 디카페인 카라멜마끼아또(매장에서 바로 제조한 음료를 캔 용기에 담아서 제공해드립니다)(카페인 함유제품) 어린이, 임산부 및 카페인에 민감한 사람은 섭취에 주의해주시기 바랍니다.
30	66	155	던킨 서울역 서부점 내 메뉴를 찾아보세요
30	112	63	100% (1개)
30	151	114	디카페인커피(캔)
30	151	344	디카페인커피
30	151	536	커피(캔)
30	151	678	커피
30	151	782	음료(캔)
30	182	51	3 / 3
30	216	42	디카페인커피
30	248	331	던킨 서울역 서부점
30	298	36	DC자이언트 버킷 아메리카노
30	298	412	5.0(783)
30	352	36	10,900원
30	410	36	깊은 카카오의 풍미와 풍부한 바디감을 느낄 수 있는1.4L 초대용량 사이즈 아이스 아메리카노(디카페인) (카페인 함유제품) 어린이, 임산부 및 카페인에 민감한 사람은 섭취에 주의해주시기 바랍니다.
30	548	42	커피(캔)
30	630	36	(캔)폼폼푸린 카라멜 던카치노
30	684	36	5,200원
30	742	36	달콤한 카라멜과 쌉쌀한 에스프레소 샷의 환상적인 만남 얼음과 함께 갈아 시원하게 즐기는 아이스 커피 메뉴 (카페인 함유제품) 어린이, 임산부 및 카페인에 민감한 사람은 섭취에 주의해주시기 바랍니다.  슬리브 소진 시 미제공 될 수 있습니다(배달채널용). (매장에서 바로 제조한 음료를 캔 용기에 담아서 제공해드립니다)
30	820	63	100% (1개)
30	894	36	(캔)아이스아메리카노
30	948	36	3,900원
30	1006	36	깊은 카카오의 풍미와 풍부한 바디감을 느낄수 있는 던킨 아이스 아메리카노(매장에서 바로 제조한 음료를 캔 용기에 담아서 제공해드립니다)(카페인 함유제품) 어린이, 임산부 및 카페인에 민감한 사람은 섭취에 주의해주시기 바랍니다. / 고카페인 함유
30	1084	63	100% (11개)
30	1084	159	ㆍ
30	1084	203	리뷰 (4)
30	1158	36	(캔)아이스카페라떼
30	1212	36	4,400원
30	1270	36	진한 에스프레소와 신선한 우유의 만남(매장에서 바로 제조한 음료를 캔 용기에 담아서 제공해드립니다)(카페인 함유제품) 어린이, 임산부 및 카페인에 민감한 사람은 섭취에 주의해주시기 바랍니다. / 고카페인 함유
30	1348	63	100% (4개)
30	1348	149	ㆍ
30	1348	193	리뷰 (2)
30	1422	36	(캔)아이스바닐라라떼
30	1441	121	지금 와우 가입하면 배달비 0원 + 25,000원 쿠폰
30	1458	781	가입하기
30	1476	36	4,900원
30	1534	36	진한 에스프레소와 향긋한 바닐라가 조화로운 달콤한 커피  (매장에서 바로 제조한 음료를 캔 용기에 담아서 제공해드립니다) (배달주문시 휘핑크림은 제공되지 않습니다) (카페인 함유제품) 어린이, 임산부 및 카페인에 민감한 사람은 섭취에 주의해주시기 바랍니다. / 고카페인 함유
30	1556	24	배달비 0원 적용 중
31	0	0	(캔)폼폼푸린 카라멜 던카치노
31	0	0	100% (5개)
31	0	0	ㆍ
31	0	0	리뷰 (1)
31	55	36	달콤한 카라멜과 쌉쌀한 에스프레소 샷의 환상적인 만남 얼음과 함께 갈아 시원하게 즐기는 아이스 커피 메뉴 (카페인 함유제품) 어린이, 임산부 및 카페인에 민감한 사람은 섭취에 주의해주시기 바랍니다.  슬리브 소진 시 미제공 될 수 있습니다(배달채널용). (매장에서 바로 제조한 음료를 캔 용기에 담아서 제공해드립니다)
31	66	155	던킨 서울역 서부점 내 메뉴를 찾아보세요
31	133	63	100% (1개)
31	151	114	커피(캔)
31	151	256	커피
31	151	360	음료(캔)
31	151	502	음료
31	151	711	핫샌드위치
31	151	881	냉동간편식
31	155	606	RTD
31	182	51	1 / 3
31	207	36	(캔)아이스아메리카노
31	248	331	던킨 서울역 서부점
31	261	36	3,900원
31	298	412	5.0(783)
31	319	36	깊은 카카오의 풍미와 풍부한 바디감을 느낄수 있는 던킨 아이스 아메리카노(매장에서 바로 제조한 음료를 캔 용기에 담아서 제공해드립니다)(카페인 함유제품) 어린이, 임산부 및 카페인에 민감한 사람은 섭취에 주의해주시기 바랍니다. / 고카페인 함유
31	397	63	100% (11개)
31	397	159	ㆍ
31	397	203	리뷰 (4)
31	471	36	(캔)아이스카페라떼
31	525	36	4,400원
31	583	36	진한 에스프레소와 신선한 우유의 만남(매장에서 바로 제조한 음료를 캔 용기에 담아서 제공해드립니다)(카페인 함유제품) 어린이, 임산부 및 카페인에 민감한 사람은 섭취에 주의해주시기 바랍니다. / 고카페인 함유
31	661	63	100% (4개)
31	661	149	ㆍ
31	661	193	리뷰 (2)
31	735	36	(캔)아이스바닐라라떼
31	789	36	4,900원
31	847	36	진한 에스프레소와 향긋한 바닐라가 조화로운 달콤한 커피  (매장에서 바로 제조한 음료를 캔 용기에 담아서 제공해드립니다) (배달주문시 휘핑크림은 제공되지 않습니다) (카페인 함유제품) 어린이, 임산부 및 카페인에 민감한 사람은 섭취에 주의해주시기 바랍니다. / 고카페인 함유
31	955	36	(캔)아이스카페모카
31	1009	36	4,900원
31	1067	36	진한 에스프레소와 달콤한 초코가 조화로운 커피  (매장에서 바로 제조한 음료를 캔 용기에 담아서 제공해드립니다) (배달주문시 휘핑크림은 제공되지 않습니다) (카페인 함유제품) 어린이, 임산부 및 카페인에 민감한 사람은 섭취에 주의해주시기 바랍니다. / 고카페인 함유
31	1145	63	100% (1개)
31	1219	36	(캔)아이스카라멜마끼아또
31	1273	36	4,900원
31	1331	36	따뜻한 우유, 달콤한 카라멜이 조화로운 아이스 카라멜마끼아또(카페인 함유제품) 어린이, 임산부 및 카페인에 민감한 사람은 섭취에 주의해주시기 바랍니다. / 고카페인 함유(매장에서 바로 제조한 음료를 캔 용기에 담아서 제공해드립니다)
31	1439	36	(캔)아메리카노
31	1441	121	지금 와우 가입하면 배달비 0원 + 25,000원 쿠폰
31	1458	781	가입하기
31	1493	36	3,900원
31	1551	36	깊은 카카오의 풍미와 풍부한 바디감을 느낄수 있는 던킨 아메리카노(매장에서 바로 제조한 음료를 캔 용기에 담아서 제공해드립니다)(카페인 함유제품) 어린이, 임산부 및 카페인에 민감한 사람은 섭취에 주의해주시기 바랍니다. / 고카페인 함유
31	1556	24	배달비 0원 적용 중
32	0	0	100% (1개)
32	0	0	진한 에스프레소와 향긋한 바닐라가 조화로운 달콤한 커피  (매장에서 바로 제조한 음료를 캔 용기에 담아서 제공해드립니다) (배달주문시 휘핑크림은 제공되지 않습니다) (카페인 함유제품) 어린이, 임산부 및 카페인에 민감한 사람은 섭취에 주의해주시기 바랍니다. / 고카페인 함유
32	44	36	(캔)아이스바닐라라떼
32	66	155	던킨 서울역 서부점 내 메뉴를 찾아보세요
32	132	36	4,900원
32	151	114	커피(캔)
32	151	256	커피
32	151	360	음료(캔)
32	151	502	음료
32	151	711	핫샌드위치
32	151	881	냉동간편식
32	155	606	RTD
32	156	36	진한 에스프레소와 향긋한 바닐라가 조화로운 달콤한 커피  (매장에서 바로 제조한 음료를 캔 용기에 담아서 제공해드립니다) (배달주문시 휘핑크림은 제공되지 않습니다) (카페인 함유제품) 어린이, 임산부 및 카페인에 민감한 사람은 섭취에 주의해주시기 바랍니다. / 고카페인 함유
32	182	51	2 / 3
32	248	331	던킨 서울역 서부점
32	264	36	(캔)아이스카페모카
32	298	412	5.0(783)
32	318	36	4,900원
32	376	36	진한 에스프레소와 달콤한 초코가 조화로운 커피  (매장에서 바로 제조한 음료를 캔 용기에 담아서 제공해드립니다) (배달주문시 휘핑크림은 제공되지 않습니다) (카페인 함유제품) 어린이, 임산부 및 카페인에 민감한 사람은 섭취에 주의해주시기 바랍니다. / 고카페인 함유
32	454	63	100% (1개)
32	528	36	(캔)아이스카라멜마끼아또
32	582	36	4,900원
32	640	36	따뜻한 우유, 달콤한 카라멜이 조화로운 아이스 카라멜마끼아또(카페인 함유제품) 어린이, 임산부 및 카페인에 민감한 사람은 섭취에 주의해주시기 바랍니다. / 고카페인 함유(매장에서 바로 제조한 음료를 캔 용기에 담아서 제공해드립니다)
32	748	36	(캔)아메리카노
32	802	36	3,900원
32	860	36	깊은 카카오의 풍미와 풍부한 바디감을 느낄수 있는 던킨 아메리카노(매장에서 바로 제조한 음료를 캔 용기에 담아서 제공해드립니다)(카페인 함유제품) 어린이, 임산부 및 카페인에 민감한 사람은 섭취에 주의해주시기 바랍니다. / 고카페인 함유
32	938	63	100% (5개)
32	938	149	ㆍ
32	938	193	리뷰 (1)
32	1012	36	(캔)카페라떼
32	1066	36	4,400원
32	1124	36	진한 에스프레소와 따뜻한 우유의 만남(매장에서 바로 제조한 음료를 캔 용기에 담아서 제공해드립니다)(카페인 함유제품) 어린이, 임산부 및 카페인에 민감한 사람은 섭취에 주의해주시기 바랍니다. / 고카페인 함유
32	1202	63	100% (1개)
32	1276	36	(캔)카푸치노
32	1330	36	4,400원
32	1388	36	진한 에스프레소와 따뜻한 우유, 부드러운 우유거품이 조화로운 커피 (매장에서 바로 제조한 음료를 캔 용기에 담아서 제공해드립니다) (카페인 함유제품) 어린이, 임산부 및 카페인에 민감한 사람은 섭취에 주의해주시기 바랍니다. / 고카페인 함유
32	1441	121	지금 와우 가입하면 배달비 0원 + 25,000원 쿠폰
32	1458	781	가입하기
32	1496	36	(캔)바닐라라떼
32	1550	36	4,900원
32	1556	24	배달비 0원 적용 중
33	58	36	(캔)아메리카노
33	66	155	던킨 서울역 서부점 내 메뉴를 찾아보세요
33	132	36	3,900원
33	151	114	커피(캔)
33	151	256	커피
33	151	360	음료(캔)
33	151	502	음료
33	151	711	핫샌드위치
33	151	881	냉동간편식
33	155	606	RTD
33	170	36	깊은 카카오의 풍미와 풍부한 바디감을 느낄수 있는 던킨 아메리카노(매장에서 바로 제조한 음료를 캔 용기에 담아서 제공해드립니다)(카페인 함유제품) 어린이, 임산부 및 카페인에 민감한 사람은 섭취에 주의해주시기 바랍니다. / 고카페인 함유
33	182	51	3 / 3
33	248	63	100% (5개)
33	248	149	ㆍ
33	248	193	리뷰 (1)
33	248	331	던킨 서울역 서부점
33	298	412	5.0(783)
33	322	36	(캔)카페라떼
33	376	36	4,400원
33	434	36	진한 에스프레소와 따뜻한 우유의 만남(매장에서 바로 제조한 음료를 캔 용기에 담아서 제공해드립니다)(카페인 함유제품) 어린이, 임산부 및 카페인에 민감한 사람은 섭취에 주의해주시기 바랍니다. / 고카페인 함유
33	512	63	100% (1개)
33	586	36	(캔)카푸치노
33	640	36	4,400원
33	698	36	진한 에스프레소와 따뜻한 우유, 부드러운 우유거품이 조화로운 커피 (매장에서 바로 제조한 음료를 캔 용기에 담아서 제공해드립니다) (카페인 함유제품) 어린이, 임산부 및 카페인에 민감한 사람은 섭취에 주의해주시기 바랍니다. / 고카페인 함유
33	806	36	(캔)바닐라라떼
33	860	36	4,900원
33	918	36	진한 에스프레소와 향긋한 바닐라가 조화로운 달콤한 커피  (매장에서 바로 제조한 음료를 캔 용기에 담아서 제공해드립니다) (배달주문시 휘핑크림은 제공되지 않습니다) (카페인 함유제품) 어린이, 임산부 및 카페인에 민감한 사람은 섭취에 주의해주시기 바랍니다. / 고카페인 함유
33	996	63	100% (1개)
33	1070	36	(캔)카페모카
33	1124	36	4,900원
33	1182	36	진한 에스프레소와 달콤한 초코가 조화로운 커피  (매장에서 바로 제조한 음료를 캔 용기에 담아서 제공해드립니다) (배달주문시 휘핑크림은 제공되지 않습니다) (카페인 함유제품) 어린이, 임산부 및 카페인에 민감한 사람은 섭취에 주의해주시기 바랍니다. / 고카페인 함유
33	1260	63	100% (4개)
33	1334	36	(캔)카라멜마끼야또(H)
33	1388	36	4,900원
33	1441	121	지금 와우 가입하면 배달비 0원 + 25,000원 쿠폰
33	1446	36	따뜻한 우유, 달콤한 카라멜이 조화로운 카라멜마끼아또(카페인 함유제품) 어린이, 임산부 및 카페인에 민감한 사람은 섭취에 주의해주시기 바랍니다. / 고카페인 함유(매장에서 바로 제조한 음료를 캔 용기에 담아서 제공해드립니다)
33	1458	781	가입하기
33	1524	63	100% (1개)
33	1556	24	배달비 0원 적용 중
34	0	0	100% (1개)
34	0	0	황금 블렌딩으로 즐기는 특별한 커피맛 클래식 라떼
34	66	155	던킨 서울역 서부점 내 메뉴를 찾아보세요
34	116	36	(캔)바닐라라떼
34	151	114	커피(캔)
34	151	256	커피
34	151	360	음료(캔)
34	151	502	음료
34	151	711	핫샌드위치
34	151	881	냉동간편식
34	155	606	RTD
34	170	36	4,900원
34	182	51	1 / 3
34	228	36	진한 에스프레소와 향긋한 바닐라가 조화로운 달콤한 커피  (매장에서 바로 제조한 음료를 캔 용기에 담아서 제공해드립니다) (배달주문시 휘핑크림은 제공되지 않습니다) (카페인 함유제품) 어린이, 임산부 및 카페인에 민감한 사람은 섭취에 주의해주시기 바랍니다. / 고카페인 함유
34	248	331	던킨 서울역 서부점
34	298	412	5.0(783)
34	306	63	100% (1개)
34	380	36	(캔)카페모카
34	434	36	4,900원
34	492	36	진한 에스프레소와 달콤한 초코가 조화로운 커피  (매장에서 바로 제조한 음료를 캔 용기에 담아서 제공해드립니다) (배달주문시 휘핑크림은 제공되지 않습니다) (카페인 함유제품) 어린이, 임산부 및 카페인에 민감한 사람은 섭취에 주의해주시기 바랍니다. / 고카페인 함유
34	570	63	100% (4개)
34	644	36	(캔)카라멜마끼야또(H)
34	698	36	4,900원
34	756	36	따뜻한 우유, 달콤한 카라멜이 조화로운 카라멜마끼아또(카페인 함유제품) 어린이, 임산부 및 카페인에 민감한 사람은 섭취에 주의해주시기 바랍니다. / 고카페인 함유(매장에서 바로 제조한 음료를 캔 용기에 담아서 제공해드립니다)
34	834	63	100% (1개)
34	938	42	커피
34	1020	36	자이언트 버킷 아메리카노
34	1074	36	10,900원
34	1132	36	깊은 카카오의 풍미와 풍부한 바디감을 느낄 수 있는1.4L 초대용량 사이즈 아이스 아메리카노 (카페인 함유제품) 어린이, 임산부 및 카페인에 민감한 사람은 섭취에 주의해주시기 바랍니다.
34	1210	63	리뷰 (1)
34	1284	36	던킨 아메리카노 400ml
34	1338	36	3,000원
34	1396	36	황금 블렌딩으로 즐기는 특별한 커피맛 리얼 던킨 아메리카노
34	1441	121	지금 와우 가입하면 배달비 0원 + 25,000원 쿠폰
34	1444	63	100% (4개)
34	1458	781	가입하기
34	1518	36	던킨 밀키 라떼 400ml
34	1556	24	배달비 0원 적용 중
34	1572	36	3,000원
35	0	0	(캔)카라멜마끼야또(H)
35	0	0	바디감이 풍부한 던킨에스프레소 샷에 따뜻한 물을 섞어 카카오의 플레이버와 깔끔한 에프터 테이스트를 즐길 수 있는 베이직한 커피.  회의나 미팅시 단체주문으로 7잔 단위 주문하여 편하게 이용하실 수 있습니다. 박스 내부에서 커피가 약 3시간 따뜻하게 유지됩니다. ※ 커피컵, 리드, 홀더가 함께 제공됩니다. (아메리카노 7잔 기준) (카페인 함유제품) 어린이, 임산부 및 카페인에 민감한 사람은 섭취에 주의해주시기 바랍니다. / 고카페인 함유
35	66	155	던킨 서울역 서부점 내 메뉴를 찾아보세요
35	70	36	따뜻한 우유, 달콤한 카라멜이 조화로운 카라멜마끼아또(카페인 함유제품) 어린이, 임산부 및 카페인에 민감한 사람은 섭취에 주의해주시기 바랍니다. / 고카페인 함유(매장에서 바로 제조한 음료를 캔 용기에 담아서 제공해드립니다)
35	148	63	100% (1개)
35	151	114	커피(캔)
35	151	256	커피
35	151	360	음료(캔)
35	151	502	음료
35	151	711	핫샌드위치
35	151	881	냉동간편식
35	155	606	RTD
35	182	51	2 / 3
35	248	331	던킨 서울역 서부점
35	252	42	커피
35	298	412	5.0(783)
35	334	36	자이언트 버킷 아메리카노
35	388	36	10,900원
35	446	36	깊은 카카오의 풍미와 풍부한 바디감을 느낄 수 있는1.4L 초대용량 사이즈 아이스 아메리카노 (카페인 함유제품) 어린이, 임산부 및 카페인에 민감한 사람은 섭취에 주의해주시기 바랍니다.
35	524	63	리뷰 (1)
35	598	36	던킨 아메리카노 400ml
35	652	36	3,000원
35	710	36	황금 블렌딩으로 즐기는 특별한 커피맛 리얼 던킨 아메리카노
35	758	63	100% (4개)
35	832	36	던킨 밀키 라떼 400ml
35	886	36	3,000원
35	944	36	황금 블렌딩으로 즐기는 특별한 커피맛 클래식 라떼
35	992	63	100% (1개)
35	1066	36	던카치노 오리지널
35	1120	36	4,900원
35	1178	36	달콤한 바닐라 향과 부드러운 우유, 에스프레소 샷이 들어간 오리지널 던카치노(카페인 함유제품) 어린이, 임산부 및 카페인에 민감한 사람은 섭취에 주의해주시기 바랍니다. / 고카페인 함유
35	1286	36	킹 사이즈 아메리카노
35	1340	36	4,900원
35	1398	36	충분하게, 시원하게 즐기는 대용량 아이스 아메리카노 (카페인 함유제품) 어린이, 임산부 및 카페인에 민감한 사람은 섭취에 주의해주시기 바랍니다. / 고카페인 함유
35	1441	121	지금 와우 가입하면 배달비 0원 + 25,000원 쿠폰
35	1458	781	가입하기
35	1476	63	100% (2개)
35	1476	149	ㆍ
35	1476	193	리뷰 (2)
35	1550	36	커피팩 (7잔)
35	1556	24	배달비 0원 적용 중
36	66	155	던킨 서울역 서부점 내 메뉴를 찾아보세요
36	144	36	던킨 밀키 라떼 400ml
36	151	114	커피
36	151	218	음료(캔)
36	151	360	음료
36	151	569	핫샌드위치
36	151	739	냉동간편식
36	155	464	RTD
36	182	51	3 / 3
36	198	36	3,000원
36	248	331	던킨 서울역 서부점
36	256	36	황금 블렌딩으로 즐기는 특별한 커피맛 클래식 라떼
36	298	412	5.0(783)
36	304	63	100% (1개)
36	378	36	던카치노 오리지널
36	432	36	4,900원
36	490	36	달콤한 바닐라 향과 부드러운 우유, 에스프레소 샷이 들어간 오리지널 던카치노(카페인 함유제품) 어린이, 임산부 및 카페인에 민감한 사람은 섭취에 주의해주시기 바랍니다. / 고카페인 함유
36	598	36	킹 사이즈 아메리카노
36	652	36	4,900원
36	710	36	충분하게, 시원하게 즐기는 대용량 아이스 아메리카노 (카페인 함유제품) 어린이, 임산부 및 카페인에 민감한 사람은 섭취에 주의해주시기 바랍니다. / 고카페인 함유
36	788	63	100% (2개)
36	788	149	ㆍ
36	788	193	리뷰 (2)
36	862	36	커피팩 (7잔)
36	916	36	27,300원
36	974	36	바디감이 풍부한 던킨에스프레소 샷에 따뜻한 물을 섞어 카카오의 플레이버와 깔끔한 에프터 테이스트를 즐길 수 있는 베이직한 커피.  회의나 미팅시 단체주문으로 7잔 단위 주문하여 편하게 이용하실 수 있습니다. 박스 내부에서 커피가 약 3시간 따뜻하게 유지됩니다. ※ 커피컵, 리드, 홀더가 함께 제공됩니다. (아메리카노 7잔 기준) (카페인 함유제품) 어린이, 임산부 및 카페인에 민감한 사람은 섭취에 주의해주시기 바랍니다. / 고카페인 함유
36	1082	36	커피팩 (10잔)
36	1136	36	39,000원
36	1194	36	바디감이 풍부한 던킨에스프레소 샷에 따뜻한 물을 섞어 카카오의 플레이버와 깔끔한 에프터 테이스트를 즐길 수 있는 베이직한 커피. 회의나 미팅시 단체주문으로 10잔 단위 주문하여 편하게 이용하실 수 있습니다. 박스 내부에서 커피가 약 3시간 따뜻하게 유지됩니다. ※ 커피컵, 리드, 홀더가 함께 제공됩니다. (아메리카노 10잔 기준) (카페인 함유제품) 어린이, 임산부 및 카페인에 민감한 사람은 섭취에 주의해주시기 바랍니다. / 고카페인 함유
36	1332	42	음료(캔)
36	1414	36	(캔)망고 코코넛 컵빙수
36	1441	121	지금 와우 가입하면 배달비 0원 + 25,000원 쿠폰
36	1458	781	가입하기
36	1468	36	5,500원
36	1526	36	달콤한 망고와 부드러운 코코넛이 어우러진 트로피컬 컵빙수(매장에서 바로 제조한 음료를 캔 용기에 담아서 제공해드립니다)
36	1556	24	배달비 0원 적용 중
37	0	0	(캔)오렌지 주스
37	0	0	오렌지 본연의 산미와 진한 당도가 조화롭게 어우러져 입안 가득 상큼하고 청량한 풍미를 선사하는 음료(매장에서 바로 제조한 음료를 캔 용기에 담아서 제공해드립니다)
37	0	0	킹 사이즈 아메리카노
37	25	36	충분하게, 시원하게 즐기는 대용량 아이스 아메리카노 (카페인 함유제품) 어린이, 임산부 및 카페인에 민감한 사람은 섭취에 주의해주시기 바랍니다. / 고카페인 함유
37	66	155	던킨 서울역 서부점 내 메뉴를 찾아보세요
37	103	63	100% (2개)
37	103	149	ㆍ
37	103	193	리뷰 (2)
37	151	114	커피
37	151	218	음료(캔)
37	151	360	음료
37	151	569	핫샌드위치
37	151	739	냉동간편식
37	155	464	RTD
37	177	36	커피팩 (7잔)
37	182	51	1 / 3
37	231	36	27,300원
37	248	331	던킨 서울역 서부점
37	289	36	바디감이 풍부한 던킨에스프레소 샷에 따뜻한 물을 섞어 카카오의 플레이버와 깔끔한 에프터 테이스트를 즐길 수 있는 베이직한 커피.  회의나 미팅시 단체주문으로 7잔 단위 주문하여 편하게 이용하실 수 있습니다. 박스 내부에서 커피가 약 3시간 따뜻하게 유지됩니다. ※ 커피컵, 리드, 홀더가 함께 제공됩니다. (아메리카노 7잔 기준) (카페인 함유제품) 어린이, 임산부 및 카페인에 민감한 사람은 섭취에 주의해주시기 바랍니다. / 고카페인 함유
37	298	412	5.0(783)
37	397	36	커피팩 (10잔)
37	451	36	39,000원
37	509	36	바디감이 풍부한 던킨에스프레소 샷에 따뜻한 물을 섞어 카카오의 플레이버와 깔끔한 에프터 테이스트를 즐길 수 있는 베이직한 커피. 회의나 미팅시 단체주문으로 10잔 단위 주문하여 편하게 이용하실 수 있습니다. 박스 내부에서 커피가 약 3시간 따뜻하게 유지됩니다. ※ 커피컵, 리드, 홀더가 함께 제공됩니다. (아메리카노 10잔 기준) (카페인 함유제품) 어린이, 임산부 및 카페인에 민감한 사람은 섭취에 주의해주시기 바랍니다. / 고카페인 함유
37	647	42	음료(캔)
37	729	36	(캔)망고 코코넛 컵빙수
37	783	36	5,500원
37	841	36	달콤한 망고와 부드러운 코코넛이 어우러진 트로피컬 컵빙수(매장에서 바로 제조한 음료를 캔 용기에 담아서 제공해드립니다)
37	949	36	(캔)수박 쿨라타
37	1003	36	5,200원
37	1061	36	제철 수박의 달콤함을 시원하게 즐길 수 있는 청량한 쿨라타 (매장에서 바로 제조한 음료를 캔 용기에 담아서 제공해드립니다)
37	1169	36	(캔)구아바 오렌지 쿨라타
37	1223	36	4,900원
37	1281	36	이국적인 구아바와 오렌지가 블렌딩된 상큼한 쿨라타 (매장에서 바로 제조한 음료를 캔 용기에 담아서 제공해드립니다)
37	1389	36	(캔)폼폼푸린X마이멜로디딸기연유라떼
37	1441	121	지금 와우 가입하면 배달비 0원 + 25,000원 쿠폰
37	1443	36	4,900원
37	1458	781	가입하기
37	1501	36	부드럽고 달콤한 연유와 딸기과육이 들어있는 새콤달콤한 딸기 라떼슬리브 소진 시 미제공 될 수 있습니다(배달채널용).(매장에서 바로 제조한 음료를 캔 용기에 담아서 제공해드립니다)
37	1556	24	배달비 0원 적용 중
38	39	36	(캔)망고 코코넛 컵빙수
38	66	155	던킨 서울역 서부점 내 메뉴를 찾아보세요
38	132	36	5,500원
38	151	36	달콤한 망고와 부드러운 코코넛이 어우러진 트로피컬 컵빙수(매장에서 바로 제조한 음료를 캔 용기에 담아서 제공해드립니다)
38	151	114	음료(캔)
38	151	256	음료
38	151	465	핫샌드위치
38	151	635	냉동간편식
38	151	805	스낵
38	155	360	RTD
38	182	51	2 / 3
38	248	331	던킨 서울역 서부점
38	259	36	(캔)수박 쿨라타
38	298	412	5.0(783)
38	313	36	5,200원
38	371	36	제철 수박의 달콤함을 시원하게 즐길 수 있는 청량한 쿨라타 (매장에서 바로 제조한 음료를 캔 용기에 담아서 제공해드립니다)
38	479	36	(캔)구아바 오렌지 쿨라타
38	533	36	4,900원
38	591	36	이국적인 구아바와 오렌지가 블렌딩된 상큼한 쿨라타 (매장에서 바로 제조한 음료를 캔 용기에 담아서 제공해드립니다)
38	699	36	(캔)폼폼푸린X마이멜로디딸기연유라떼
38	753	36	4,900원
38	811	36	부드럽고 달콤한 연유와 딸기과육이 들어있는 새콤달콤한 딸기 라떼슬리브 소진 시 미제공 될 수 있습니다(배달채널용).(매장에서 바로 제조한 음료를 캔 용기에 담아서 제공해드립니다)
38	919	36	(캔)오렌지 주스
38	973	36	4,200원
38	1031	36	오렌지 본연의 산미와 진한 당도가 조화롭게 어우러져 입안 가득 상큼하고 청량한 풍미를 선사하는 음료(매장에서 바로 제조한 음료를 캔 용기에 담아서 제공해드립니다)
38	1139	36	(캔)아이스 자몽 캐모마일 티
38	1193	36	4,500원
38	1251	36	은은한 캐모마일과 상큼한 자몽이 어우러져 향긋하게 즐길 수 있는 블렌딩티
38	1329	63	리뷰 (1)
38	1403	36	(캔)아이스 유자 캐모마일 티
38	1441	121	지금 와우 가입하면 배달비 0원 + 25,000원 쿠폰
38	1457	36	4,500원
38	1458	781	가입하기
38	1515	36	은은한 캐모마일과 상큼한 유자가 어우러져 향긋하게 즐길 수 있는 블렌딩티
38	1556	24	배달비 0원 적용 중
38	1593	63	리뷰 (1)
39	0	0	100% (1개)
39	0	0	ㆍ
39	0	0	리뷰 (1)
39	12	36	(캔)폼폼푸린X마이멜로디딸기연유라떼
39	66	155	던킨 서울역 서부점 내 메뉴를 찾아보세요
39	124	36	부드럽고 달콤한 연유와 딸기과육이 들어있는 새콤달콤한 딸기 라떼슬리브 소진 시 미제공 될 수 있습니다(배달채널용).(매장에서 바로 제조한 음료를 캔 용기에 담아서 제공해드립니다)
39	151	114	음료(캔)
39	151	256	음료
39	151	465	핫샌드위치
39	151	635	냉동간편식
39	151	805	스낵
39	155	360	RTD
39	182	51	3 / 3
39	232	36	(캔)오렌지 주스
39	248	331	던킨 서울역 서부점
39	286	36	4,200원
39	298	412	5.0(783)
39	344	36	오렌지 본연의 산미와 진한 당도가 조화롭게 어우러져 입안 가득 상큼하고 청량한 풍미를 선사하는 음료(매장에서 바로 제조한 음료를 캔 용기에 담아서 제공해드립니다)
39	452	36	(캔)아이스 자몽 캐모마일 티
39	506	36	4,500원
39	564	36	은은한 캐모마일과 상큼한 자몽이 어우러져 향긋하게 즐길 수 있는 블렌딩티
39	642	63	리뷰 (1)
39	716	36	(캔)아이스 유자 캐모마일 티
39	770	36	4,500원
39	828	36	은은한 캐모마일과 상큼한 유자가 어우러져 향긋하게 즐길 수 있는 블렌딩티
39	906	63	리뷰 (1)
39	980	36	(캔)자몽 캐모마일 티
39	1034	36	4,500원
39	1092	36	은은한 캐모마일과 상큼한 자몽이 어우러져 향긋하게 즐길 수 있는 블렌딩티
39	1200	36	(캔)유자 캐모마일 티
39	1254	36	4,500원
39	1312	36	은은한 캐모마일과 상큼한 유자가 어우러져 향긋하게 즐길 수 있는 블렌딩티
39	1420	36	(캔)히비스커스 애플티
39	1441	121	지금 와우 가입하면 배달비 0원 + 25,000원 쿠폰
39	1458	781	가입하기
39	1474	36	3,500원
39	1532	36	허브 히비스커스와 상큼한 사과가 조화를 이루는 티(매장에서 바로 제조한 음료를 캔 용기에 담아서 제공해드립니다)
39	1556	24	배달비 0원 적용 중
40	0	0	100% (1개)
40	0	0	ㆍ
40	0	0	리뷰 (2)
40	22	36	(캔)아이스 유자 캐모마일 티
40	66	155	던킨 서울역 서부점 내 메뉴를 찾아보세요
40	134	36	은은한 캐모마일과 상큼한 유자가 어우러져 향긋하게 즐길 수 있는 블렌딩티
40	151	114	음료(캔)
40	151	256	음료
40	151	465	핫샌드위치
40	151	635	냉동간편식
40	151	805	스낵
40	155	360	RTD
40	182	51	1 / 3
40	212	63	리뷰 (1)
40	248	331	던킨 서울역 서부점
40	286	36	(캔)자몽 캐모마일 티
40	298	412	5.0(783)
40	340	36	4,500원
40	398	36	은은한 캐모마일과 상큼한 자몽이 어우러져 향긋하게 즐길 수 있는 블렌딩티
40	506	36	(캔)유자 캐모마일 티
40	560	36	4,500원
40	618	36	은은한 캐모마일과 상큼한 유자가 어우러져 향긋하게 즐길 수 있는 블렌딩티
40	726	36	(캔)히비스커스 애플티
40	780	36	3,500원
40	838	36	허브 히비스커스와 상큼한 사과가 조화를 이루는 티(매장에서 바로 제조한 음료를 캔 용기에 담아서 제공해드립니다)
40	916	63	100% (1개)
40	916	149	ㆍ
40	916	193	리뷰 (1)
40	990	36	(캔)아이스 히비스커스 애플티
40	1044	36	3,500원
40	1102	36	허브 히비스커스와 상큼한 사과가 조화를 이루는 티(매장에서 바로 제조한 음료를 캔 용기에 담아서 제공해드립니다)
40	1210	36	(캔)레몬 그린티
40	1264	36	3,500원
40	1322	36	향긋한 레몬그라스와 깔끔한 제주산 녹차, 그리고 진한 우롱차가 싱그러운 티 (매장에서 바로 제조한 음료를 캔 용기에 담아서 제공해드립니다)
40	1430	36	(캔)아이스 레몬그린 티
40	1441	121	지금 와우 가입하면 배달비 0원 + 25,000원 쿠폰
40	1458	781	가입하기
40	1484	36	3,500원
40	1542	36	향긋한 레몬그라스와 깔끔한 제주산 녹차, 그리고 진한 우롱차가 싱그러운 티 (매장에서 바로 제조한 음료를 캔 용기에 담아서 제공해드립니다)
40	1556	24	배달비 0원 적용 중
41	0	0	요거트와 우유로 만들어 상큼하고 부드럽게 마시는 플레인 요거트 스무디 (매장에서 바로 제조한 음료를 캔 용기에 담아서 제공해드립니다)
41	39	36	(캔)히비스커스 애플티
41	66	155	던킨 서울역 서부점 내 메뉴를 찾아보세요
41	132	36	3,500원
41	151	36	허브 히비스커스와 상큼한 사과가 조화를 이루는 티(매장에서 바로 제조한 음료를 캔 용기에 담아서 제공해드립니다)
41	151	114	음료(캔)
41	151	256	음료
41	151	465	핫샌드위치
41	151	635	냉동간편식
41	151	805	스낵
41	155	360	RTD
41	182	51	2 / 3
41	229	63	100% (1개)
41	229	149	ㆍ
41	229	193	리뷰 (1)
41	248	331	던킨 서울역 서부점
41	298	412	5.0(783)
41	303	36	(캔)아이스 히비스커스 애플티
41	357	36	3,500원
41	415	36	허브 히비스커스와 상큼한 사과가 조화를 이루는 티(매장에서 바로 제조한 음료를 캔 용기에 담아서 제공해드립니다)
41	523	36	(캔)레몬 그린티
41	577	36	3,500원
41	635	36	향긋한 레몬그라스와 깔끔한 제주산 녹차, 그리고 진한 우롱차가 싱그러운 티 (매장에서 바로 제조한 음료를 캔 용기에 담아서 제공해드립니다)
41	743	36	(캔)아이스 레몬그린 티
41	797	36	3,500원
41	855	36	향긋한 레몬그라스와 깔끔한 제주산 녹차, 그리고 진한 우롱차가 싱그러운 티 (매장에서 바로 제조한 음료를 캔 용기에 담아서 제공해드립니다)
41	933	63	100% (1개)
41	933	149	ㆍ
41	933	193	리뷰 (2)
41	1007	36	(캔)딸기쿨라타
41	1061	36	4,900원
41	1119	36	새콤달콤한 딸기의 맛을 그대로 느낄 수 있는 딸기 스무디(매장에서 바로 제조한 음료를 캔 용기에 담아서 제공해드립니다)
41	1197	63	100% (2개)
41	1271	36	(캔)허니딸기라떼
41	1325	36	5,200원
41	1383	36	달콤한 꿀과 씹히는 식감의 딸기과육을 우유와 함께 부드럽게 즐기는 라떼 타입의 딸기 음료 (매장에서 바로 제조한 음료를 캔 용기에 담아서 제공해드립니다)
41	1441	121	지금 와우 가입하면 배달비 0원 + 25,000원 쿠폰
41	1458	781	가입하기
41	1461	63	100% (1개)
41	1461	149	ㆍ
41	1461	193	리뷰 (2)
41	1535	36	(캔)플레인요거트 쿨라타
41	1556	24	배달비 0원 적용 중
41	1589	36	5,200원
42	0	0	달콤한 복숭아의 맛과 향을 느낄 수 있는 아이스티(매장에서 바로 제조한 음료를 캔 용기에 담아서 제공해드립니다)
42	53	36	(캔)아이스 레몬그린 티
42	66	155	던킨 서울역 서부점 내 메뉴를 찾아보세요
42	132	36	3,500원
42	151	114	음료(캔)
42	151	256	음료
42	151	465	핫샌드위치
42	151	635	냉동간편식
42	151	805	스낵
42	155	360	RTD
42	165	36	향긋한 레몬그라스와 깔끔한 제주산 녹차, 그리고 진한 우롱차가 싱그러운 티 (매장에서 바로 제조한 음료를 캔 용기에 담아서 제공해드립니다)
42	182	51	3 / 3
42	243	63	100% (1개)
42	243	149	ㆍ
42	243	193	리뷰 (2)
42	248	331	던킨 서울역 서부점
42	298	412	5.0(783)
42	317	36	(캔)딸기쿨라타
42	371	36	4,900원
42	429	36	새콤달콤한 딸기의 맛을 그대로 느낄 수 있는 딸기 스무디(매장에서 바로 제조한 음료를 캔 용기에 담아서 제공해드립니다)
42	507	63	100% (2개)
42	581	36	(캔)허니딸기라떼
42	635	36	5,200원
42	693	36	달콤한 꿀과 씹히는 식감의 딸기과육을 우유와 함께 부드럽게 즐기는 라떼 타입의 딸기 음료 (매장에서 바로 제조한 음료를 캔 용기에 담아서 제공해드립니다)
42	771	63	100% (1개)
42	771	149	ㆍ
42	771	193	리뷰 (2)
42	845	36	(캔)플레인요거트 쿨라타
42	899	36	5,200원
42	957	36	요거트와 우유로 만들어 상큼하고 부드럽게 마시는 플레인 요거트 스무디 (매장에서 바로 제조한 음료를 캔 용기에 담아서 제공해드립니다)
42	1065	36	(캔)망고 쿨라타
42	1119	36	4,900원
42	1177	36	산뜻한 청량감이 느껴지는 달콤한 망고 쿨라타 (매장에서 바로 제조한 음료를 캔 용기에 담아서 제공해드립니다)
42	1255	63	100% (1개)
42	1255	149	ㆍ
42	1255	193	리뷰 (1)
42	1329	36	(캔)레몬에이드
42	1383	36	4,200원
42	1441	36	새콤달콤하고 청량한 레몬에이드 (레귤러사이즈)(매장에서 바로 제조한 음료를 캔 용기에 담아서 제공해드립니다)
42	1441	121	지금 와우 가입하면 배달비 0원 + 25,000원 쿠폰
42	1458	781	가입하기
42	1549	36	(캔)피치아이스티
42	1556	24	배달비 0원 적용 중
43	0	0	(캔)허니딸기라떼
43	0	0	진하고 향기로운 홍차와 우유가 감미롭게 조화를 이룬 시원한 라떼(매장에서 바로 제조한 음료를 캔 용기에 담아서 제공해드립니다)
43	6	36	달콤한 꿀과 씹히는 식감의 딸기과육을 우유와 함께 부드럽게 즐기는 라떼 타입의 딸기 음료 (매장에서 바로 제조한 음료를 캔 용기에 담아서 제공해드립니다)
43	66	155	던킨 서울역 서부점 내 메뉴를 찾아보세요
43	84	63	100% (1개)
43	84	149	ㆍ
43	84	193	리뷰 (2)
43	151	114	음료(캔)
43	151	256	음료
43	151	465	핫샌드위치
43	151	635	냉동간편식
43	151	805	스낵
43	155	360	RTD
43	158	36	(캔)플레인요거트 쿨라타
43	182	51	1 / 3
43	212	36	5,200원
43	248	331	던킨 서울역 서부점
43	270	36	요거트와 우유로 만들어 상큼하고 부드럽게 마시는 플레인 요거트 스무디 (매장에서 바로 제조한 음료를 캔 용기에 담아서 제공해드립니다)
43	298	412	5.0(783)
43	378	36	(캔)망고 쿨라타
43	432	36	4,900원
43	490	36	산뜻한 청량감이 느껴지는 달콤한 망고 쿨라타 (매장에서 바로 제조한 음료를 캔 용기에 담아서 제공해드립니다)
43	568	63	100% (1개)
43	568	149	ㆍ
43	568	193	리뷰 (1)
43	642	36	(캔)레몬에이드
43	696	36	4,200원
43	754	36	새콤달콤하고 청량한 레몬에이드 (레귤러사이즈)(매장에서 바로 제조한 음료를 캔 용기에 담아서 제공해드립니다)
43	862	36	(캔)피치아이스티
43	916	36	3,500원
43	974	36	달콤한 복숭아의 맛과 향을 느낄 수 있는 아이스티(매장에서 바로 제조한 음료를 캔 용기에 담아서 제공해드립니다)
43	1082	36	(캔)아이스 제주 그린티라떼
43	1136	36	4,000원
43	1194	36	제주산 녹차와 부드럽고 고소한 우유가 조화로운 아이스 그린티 라떼 (매장에서 바로 제조한 음료를 캔 용기에 담아서 제공해드립니다)
43	1302	36	(캔)제주 그린티라떼
43	1356	36	4,000원
43	1414	36	제주산 녹차와 부드럽고 고소한 우유가 조화로운 그린티 라떼 (매장에서 바로 제조한 음료를 캔 용기에 담아서 제공해드립니다)
43	1441	121	지금 와우 가입하면 배달비 0원 + 25,000원 쿠폰
43	1458	781	가입하기
43	1492	63	100% (1개)
43	1492	149	ㆍ
43	1492	193	리뷰 (1)
43	1556	24	배달비 0원 적용 중
43	1566	36	(캔)(아이스)밀크티
44	0	0	(캔)레몬에이드
44	0	0	달콤하고 진한 초콜릿의 풍미를 느낄 수 있는 음료 (매장에서 바로 제조한 음료를 캔 용기에 담아서 제공해드립니다)
44	66	155	던킨 서울역 서부점 내 메뉴를 찾아보세요
44	67	36	새콤달콤하고 청량한 레몬에이드 (레귤러사이즈)(매장에서 바로 제조한 음료를 캔 용기에 담아서 제공해드립니다)
44	151	114	음료(캔)
44	151	256	음료
44	151	465	핫샌드위치
44	151	635	냉동간편식
44	151	805	스낵
44	155	360	RTD
44	175	36	(캔)피치아이스티
44	182	51	2 / 3
44	229	36	3,500원
44	248	331	던킨 서울역 서부점
44	287	36	달콤한 복숭아의 맛과 향을 느낄 수 있는 아이스티(매장에서 바로 제조한 음료를 캔 용기에 담아서 제공해드립니다)
44	298	412	5.0(783)
44	395	36	(캔)아이스 제주 그린티라떼
44	449	36	4,000원
44	507	36	제주산 녹차와 부드럽고 고소한 우유가 조화로운 아이스 그린티 라떼 (매장에서 바로 제조한 음료를 캔 용기에 담아서 제공해드립니다)
44	615	36	(캔)제주 그린티라떼
44	669	36	4,000원
44	727	36	제주산 녹차와 부드럽고 고소한 우유가 조화로운 그린티 라떼 (매장에서 바로 제조한 음료를 캔 용기에 담아서 제공해드립니다)
44	805	63	100% (1개)
44	805	149	ㆍ
44	805	193	리뷰 (1)
44	879	36	(캔)(아이스)밀크티
44	933	36	4,000원
44	991	36	진하고 향기로운 홍차와 우유가 감미롭게 조화를 이룬 시원한 라떼(매장에서 바로 제조한 음료를 캔 용기에 담아서 제공해드립니다)
44	1099	36	(캔)(핫)밀크티
44	1153	36	4,000원
44	1211	36	진하고 향기로운 홍차와 우유가 감미롭게 조화를 이룬 따뜻한 라떼(매장에서 바로 제조한 음료를 캔 용기에 담아서 제공해드립니다)
44	1319	36	(캔)아이스 초코
44	1373	36	4,000원
44	1431	36	달콤하고 진한 초콜릿의 풍미를 느낄 수 있는 음료 (매장에서 바로 제조한 음료를 캔 용기에 담아서 제공해드립니다)
44	1441	121	지금 와우 가입하면 배달비 0원 + 25,000원 쿠폰
44	1458	781	가입하기
44	1509	63	100% (4개)
44	1509	149	ㆍ
44	1509	193	리뷰 (1)
44	1556	24	배달비 0원 적용 중
44	1583	36	(캔)핫초코
45	0	0	(캔)제주 그린티라떼
45	34	36	제주산 녹차와 부드럽고 고소한 우유가 조화로운 그린티 라떼 (매장에서 바로 제조한 음료를 캔 용기에 담아서 제공해드립니다)
45	66	155	던킨 서울역 서부점 내 메뉴를 찾아보세요
45	112	63	100% (1개)
45	112	149	ㆍ
45	112	193	리뷰 (1)
45	151	114	음료(캔)
45	151	256	음료
45	151	465	핫샌드위치
45	151	635	냉동간편식
45	151	805	스낵
45	155	360	RTD
45	182	51	3 / 3
45	186	36	(캔)(아이스)밀크티
45	240	36	4,000원
45	248	331	던킨 서울역 서부점
45	298	36	진하고 향기로운 홍차와 우유가 감미롭게 조화를 이룬 시원한 라떼(매장에서 바로 제조한 음료를 캔 용기에 담아서 제공해드립니다)
45	298	412	5.0(783)
45	406	36	(캔)(핫)밀크티
45	460	36	4,000원
45	518	36	진하고 향기로운 홍차와 우유가 감미롭게 조화를 이룬 따뜻한 라떼(매장에서 바로 제조한 음료를 캔 용기에 담아서 제공해드립니다)
45	626	36	(캔)아이스 초코
45	680	36	4,000원
45	738	36	달콤하고 진한 초콜릿의 풍미를 느낄 수 있는 음료 (매장에서 바로 제조한 음료를 캔 용기에 담아서 제공해드립니다)
45	816	63	100% (4개)
45	816	149	ㆍ
45	816	193	리뷰 (1)
45	890	36	(캔)핫초코
45	944	36	4,000원
45	1002	36	달콤하고 진한 초콜릿의 풍미를 느낄 수 있는 음료 (매장에서 바로 제조한 음료를 캔 용기에 담아서 제공해드립니다)
45	1140	42	음료
45	1222	36	자이언트 버킷 피치
45	1276	36	10,500원
45	1334	36	달콤한 복숭아의 맛과 향을 느낄 수 있는 1.4L 초대용량 사이즈 피치 아이스티
45	1412	63	100% (1개)
45	1412	149	ㆍ
45	1412	193	리뷰 (2)
45	1441	121	지금 와우 가입하면 배달비 0원 + 25,000원 쿠폰
45	1458	781	가입하기
45	1486	36	수박 쿨라타
45	1540	36	5,200원
45	1556	24	배달비 0원 적용 중
45	1598	36	제철 수박의 달콤함을 시원하게 즐길 수 있는 청량한 쿨라타
46	0	0	(캔)아이스 초코
46	0	0	신선한 레드비트에 핑크 구아바, 용과 착즙액을 넣고 맛있게 배합하여 만든 주스
46	54	36	달콤하고 진한 초콜릿의 풍미를 느낄 수 있는 음료 (매장에서 바로 제조한 음료를 캔 용기에 담아서 제공해드립니다)
46	66	155	던킨 서울역 서부점 내 메뉴를 찾아보세요
46	132	63	100% (4개)
46	132	149	ㆍ
46	132	193	리뷰 (1)
46	151	114	음료(캔)
46	151	256	음료
46	151	465	핫샌드위치
46	151	635	냉동간편식
46	151	805	스낵
46	155	360	RTD
46	182	51	1 / 3
46	206	36	(캔)핫초코
46	248	331	던킨 서울역 서부점
46	260	36	4,000원
46	298	412	5.0(783)
46	318	36	달콤하고 진한 초콜릿의 풍미를 느낄 수 있는 음료 (매장에서 바로 제조한 음료를 캔 용기에 담아서 제공해드립니다)
46	456	42	음료
46	538	36	자이언트 버킷 피치
46	592	36	10,500원
46	650	36	달콤한 복숭아의 맛과 향을 느낄 수 있는 1.4L 초대용량 사이즈 피치 아이스티
46	728	63	100% (1개)
46	728	149	ㆍ
46	728	193	리뷰 (2)
46	802	36	수박 쿨라타
46	856	36	5,200원
46	914	36	제철 수박의 달콤함을 시원하게 즐길 수 있는 청량한 쿨라타
46	1045	42	RTD
46	1124	36	르프룻오렌지
46	1178	36	5,000원
46	1236	36	태양 가득 머금은 신선한 오렌지를 착즙한 프리미엄 쥬스
46	1284	63	리뷰 (1)
46	1358	36	르프룻핑크구아바
46	1412	36	5,000원
46	1441	121	지금 와우 가입하면 배달비 0원 + 25,000원 쿠폰
46	1458	781	가입하기
46	1470	36	신선한 핑크 구아바 착즙액과 사탕수수, 라임, 아세로라체리를 넣어 만든 주스
46	1556	24	배달비 0원 적용 중
46	1578	36	르프릇구아바용과
47	66	155	던킨 서울역 서부점 내 메뉴를 찾아보세요
47	115	36	수박 쿨라타
47	151	78	음료(캔)
47	151	145	음료
47	151	354	핫샌드위치
47	151	524	냉동간편식
47	151	694	스낵
47	151	798	홈카페
47	155	249	RTD
47	169	36	5,200원
47	182	51	2 / 3
47	227	36	제철 수박의 달콤함을 시원하게 즐길 수 있는 청량한 쿨라타
47	248	331	던킨 서울역 서부점
47	298	412	5.0(783)
47	358	42	RTD
47	437	36	르프룻오렌지
47	491	36	5,000원
47	549	36	태양 가득 머금은 신선한 오렌지를 착즙한 프리미엄 쥬스
47	597	63	리뷰 (1)
47	671	36	르프룻핑크구아바
47	725	36	5,000원
47	783	36	신선한 핑크 구아바 착즙액과 사탕수수, 라임, 아세로라체리를 넣어 만든 주스
47	891	36	르프릇구아바용과
47	945	36	5,000원
47	1003	36	신선한 레드비트에 핑크 구아바, 용과 착즙액을 넣고 맛있게 배합하여 만든 주스
47	1141	42	핫샌드위치
47	1223	36	베이컨에그랩
47	1277	36	3,500원
47	1335	36	미국 던킨의 대표적인 핫샌 메뉴로 또띠아 속에 베이컨,에그패티, 치즈를 넣어 간단하게 먹을 수 있는 가성비 좋은 핫샌 메뉴
47	1413	63	리뷰 (1)
47	1441	121	지금 와우 가입하면 배달비 0원 + 25,000원 쿠폰
47	1458	781	가입하기
47	1487	36	에그치즈 잉글리쉬머핀
47	1541	36	3,500원
47	1556	24	배달비 0원 적용 중
47	1599	36	잉글리쉬 머핀에 에그패티와 치즈만을 넣어 담백하고 가볍게 즐길 수 있는 아침 메뉴로 리뉴얼
48	0	0	육즙 가득 소고기와 쉐프 특제 알리올리 소스를 넣고 피망, 양파, 라이스를 더해 하나로도 든든한 식사대용 브리또
48	0	36	르프룻핑크구아바
48	66	155	던킨 서울역 서부점 내 메뉴를 찾아보세요
48	91	36	신선한 핑크 구아바 착즙액과 사탕수수, 라임, 아세로라체리를 넣어 만든 주스
48	151	78	음료(캔)
48	151	144	음료
48	151	354	핫샌드위치
48	151	524	냉동간편식
48	151	694	스낵
48	151	798	홈카페
48	155	248	RTD
48	182	51	3 / 3
48	199	36	르프릇구아바용과
48	248	331	던킨 서울역 서부점
48	253	36	5,000원
48	298	412	5.0(783)
48	311	36	신선한 레드비트에 핑크 구아바, 용과 착즙액을 넣고 맛있게 배합하여 만든 주스
48	449	42	핫샌드위치
48	531	36	베이컨에그랩
48	585	36	3,500원
48	643	36	미국 던킨의 대표적인 핫샌 메뉴로 또띠아 속에 베이컨,에그패티, 치즈를 넣어 간단하게 먹을 수 있는 가성비 좋은 핫샌 메뉴
48	721	63	리뷰 (1)
48	795	36	에그치즈 잉글리쉬머핀
48	849	36	3,500원
48	907	36	잉글리쉬 머핀에 에그패티와 치즈만을 넣어 담백하고 가볍게 즐길 수 있는 아침 메뉴로 리뉴얼
48	1015	36	에그듬뿍 브리또
48	1069	36	5,500원
48	1127	36	밀또띠아 속에 베이컨, 에그 스크램블,치즈, 감자 등을 가득 넣어 아침에 든든하게 먹을 수 있는 담백한 브리또
48	1235	36	클래식 핫도그
48	1289	36	5,500원
48	1347	36	육즙이 풍부한 킬바사 소시지와 케찹, 머스타드, 피클이 어우러진 정통 오리지널 핫도그
48	1425	63	100% (1개)
48	1441	121	지금 와우 가입하면 배달비 0원 + 25,000원 쿠폰
48	1458	781	가입하기
48	1499	36	고기듬뿍 브리또
48	1553	36	6,000원
48	1556	24	배달비 0원 적용 중
49	0	0	100% (1개)
49	0	0	부드러운 계란과 베이컨, 치즈가 담백한 잉글리쉬머핀과 어우러진 샌드위치
49	66	155	던킨 서울역 서부점 내 메뉴를 찾아보세요
49	105	36	에그치즈 잉글리쉬머핀
49	151	78	음료(캔)
49	151	145	음료
49	151	354	핫샌드위치
49	151	524	냉동간편식
49	151	694	스낵
49	151	798	홈카페
49	155	249	RTD
49	159	36	3,500원
49	182	51	1 / 3
49	217	36	잉글리쉬 머핀에 에그패티와 치즈만을 넣어 담백하고 가볍게 즐길 수 있는 아침 메뉴로 리뉴얼
49	248	331	던킨 서울역 서부점
49	298	412	5.0(783)
49	325	36	에그듬뿍 브리또
49	379	36	5,500원
49	437	36	밀또띠아 속에 베이컨, 에그 스크램블,치즈, 감자 등을 가득 넣어 아침에 든든하게 먹을 수 있는 담백한 브리또
49	545	36	클래식 핫도그
49	599	36	5,500원
49	657	36	육즙이 풍부한 킬바사 소시지와 케찹, 머스타드, 피클이 어우러진 정통 오리지널 핫도그
49	735	63	100% (1개)
49	809	36	고기듬뿍 브리또
49	863	36	6,000원
49	921	36	육즙 가득 소고기와 쉐프 특제 알리올리 소스를 넣고 피망, 양파, 라이스를 더해 하나로도 든든한 식사대용 브리또
49	1059	42	냉동간편식
49	1141	36	(At Home) 소금우유 쿠키슈
49	1195	36	3,700원
49	1253	36	쿠키크럼블 속 부드러운 크림이 가득 들어간 쿠키슈 은은한 소금의 맛으로 단맛을 더욱 깊게 살린 우유크림 가득한 소금우유
49	1361	36	(At Home) 에스프레소 쿠키슈
49	1415	36	3,700원
49	1441	121	지금 와우 가입하면 배달비 0원 + 25,000원 쿠폰
49	1458	781	가입하기
49	1473	36	쿠키크럼블 속 부드러운 크림이 가득 들어간 쿠키슈 진한 커피 풍미의 달콤쌉싸름한 에스프레소맛
49	1556	24	배달비 0원 적용 중
49	1581	36	(At home)햄에그 잉글리쉬머핀
50	0	0	(At Home) 소시지 핫도그 (그릭슈바인)
50	0	0	100% (2개)
50	0	0	100% 국산 돼지고기로 만들어 풍부한 육즙의 그릭슈바인 소시지가 들어간 프리미엄 핫도그 (냉동제품으로 가정에서 포장지에 표시된 조리법에 따라 전자레인지 등으로 가열하여 섭취 가능합니다.)
50	66	155	던킨 서울역 서부점 내 메뉴를 찾아보세요
50	125	36	고기듬뿍 브리또
50	151	78	음료(캔)
50	151	145	음료
50	151	354	핫샌드위치
50	151	524	냉동간편식
50	151	694	스낵
50	151	798	홈카페
50	155	249	RTD
50	179	36	6,000원
50	182	51	2 / 3
50	237	36	육즙 가득 소고기와 쉐프 특제 알리올리 소스를 넣고 피망, 양파, 라이스를 더해 하나로도 든든한 식사대용 브리또
50	248	331	던킨 서울역 서부점
50	298	412	5.0(783)
50	375	42	냉동간편식
50	457	36	(At Home) 소금우유 쿠키슈
50	511	36	3,700원
50	569	36	쿠키크럼블 속 부드러운 크림이 가득 들어간 쿠키슈 은은한 소금의 맛으로 단맛을 더욱 깊게 살린 우유크림 가득한 소금우유
50	677	36	(At Home) 에스프레소 쿠키슈
50	731	36	3,700원
50	789	36	쿠키크럼블 속 부드러운 크림이 가득 들어간 쿠키슈 진한 커피 풍미의 달콤쌉싸름한 에스프레소맛
50	897	36	(At home)햄에그 잉글리쉬머핀
50	951	36	4,000원
50	1009	36	부드러운 계란과 베이컨, 치즈가 담백한 잉글리쉬머핀과 어우러진 샌드위치
50	1057	63	100% (1개)
50	1131	36	(At Home)크리스피 치즈볼
50	1185	36	3,800원
50	1243	36	겉은 바삭하고 속은 쫄깃한 에어프라이어 전용 치즈볼 (냉동제품으로 에어프라이어 170도에 7분간 조리후 섭취가능합니다. )
50	1351	36	(At Home) 소시지로 만든 모짜렐라 (그릭슈바인)
50	1405	36	2,300원
50	1441	121	지금 와우 가입하면 배달비 0원 + 25,000원 쿠폰
50	1458	781	가입하기
50	1463	36	맛있는 그릭슈바인 소시지와 고소한 모짜렐라 치즈가 반반 들어있어 두 가지 재미를 느낄 수 있는 핫도그 (냉동제품으로 가정에서 포장지에 표시된 조리법에 따라 전자레인지 등으로 가열하여 섭취 가능합니다.)
50	1541	63	100% (2개)
50	1556	24	배달비 0원 적용 중
51	0	0	100% (2개)
51	0	36	(At Home) 에스프레소 쿠키슈
51	66	155	던킨 서울역 서부점 내 메뉴를 찾아보세요
51	97	36	쿠키크럼블 속 부드러운 크림이 가득 들어간 쿠키슈 진한 커피 풍미의 달콤쌉싸름한 에스프레소맛
51	151	78	음료(캔)
51	151	145	음료
51	151	354	핫샌드위치
51	151	524	냉동간편식
51	151	694	스낵
51	151	798	홈카페
51	155	249	RTD
51	182	51	3 / 3
51	205	36	(At home)햄에그 잉글리쉬머핀
51	248	331	던킨 서울역 서부점
51	259	36	4,000원
51	298	412	5.0(783)
51	317	36	부드러운 계란과 베이컨, 치즈가 담백한 잉글리쉬머핀과 어우러진 샌드위치
51	365	63	100% (1개)
51	439	36	(At Home)크리스피 치즈볼
51	493	36	3,800원
51	551	36	겉은 바삭하고 속은 쫄깃한 에어프라이어 전용 치즈볼 (냉동제품으로 에어프라이어 170도에 7분간 조리후 섭취가능합니다. )
51	659	36	(At Home) 소시지로 만든 모짜렐라 (그릭슈바인)
51	713	36	2,300원
51	771	36	맛있는 그릭슈바인 소시지와 고소한 모짜렐라 치즈가 반반 들어있어 두 가지 재미를 느낄 수 있는 핫도그 (냉동제품으로 가정에서 포장지에 표시된 조리법에 따라 전자레인지 등으로 가열하여 섭취 가능합니다.)
51	849	63	100% (2개)
51	923	36	(At Home) 소시지 핫도그 (그릭슈바인)
51	977	36	2,300원
51	1035	36	100% 국산 돼지고기로 만들어 풍부한 육즙의 그릭슈바인 소시지가 들어간 프리미엄 핫도그 (냉동제품으로 가정에서 포장지에 표시된 조리법에 따라 전자레인지 등으로 가열하여 섭취 가능합니다.)
51	1113	63	100% (2개)
51	1187	36	(At Home)던킨 플레인베이글 5입
51	1241	36	13,000원
51	1299	36	담백하고 쫄깃한 정통 던킨 베이글 (냉동제품으로 가정에서 포장지에 표시된 조리법에 따라 실온 해동등의 방법으로 섭취 가능합니다.)
51	1377	63	100% (2개)
51	1441	121	지금 와우 가입하면 배달비 0원 + 25,000원 쿠폰
51	1451	36	(At Home)던킨 블루베리베이글 5입
51	1458	781	가입하기
51	1505	36	13,000원
51	1556	24	배달비 0원 적용 중
51	1563	36	상큼한 블루베리 맛을 즐길 수 있는 인기 만점의 담백한 던킨 베이글(냉동제품으로 가정에서 포장지에 표시된 조리법에 따라 실온 2시간이상 해동등의 방법으로 섭취 가능합니다.)
52	0	0	구워 만든 달콤한 블루베리 맛의 베이글칩
52	0	36	(At Home) 소시지로 만든 모짜렐라 (그릭슈바인)
52	66	155	던킨 서울역 서부점 내 메뉴를 찾아보세요
52	85	36	맛있는 그릭슈바인 소시지와 고소한 모짜렐라 치즈가 반반 들어있어 두 가지 재미를 느낄 수 있는 핫도그 (냉동제품으로 가정에서 포장지에 표시된 조리법에 따라 전자레인지 등으로 가열하여 섭취 가능합니다.)
52	151	78	음료(캔)
52	151	145	음료
52	151	354	핫샌드위치
52	151	524	냉동간편식
52	151	694	스낵
52	151	798	홈카페
52	155	249	RTD
52	163	63	100% (2개)
52	182	51	1 / 3
52	237	36	(At Home) 소시지 핫도그 (그릭슈바인)
52	248	331	던킨 서울역 서부점
52	291	36	2,300원
52	298	412	5.0(783)
52	349	36	100% 국산 돼지고기로 만들어 풍부한 육즙의 그릭슈바인 소시지가 들어간 프리미엄 핫도그 (냉동제품으로 가정에서 포장지에 표시된 조리법에 따라 전자레인지 등으로 가열하여 섭취 가능합니다.)
52	427	63	100% (2개)
52	501	36	(At Home)던킨 플레인베이글 5입
52	555	36	13,000원
52	613	36	담백하고 쫄깃한 정통 던킨 베이글 (냉동제품으로 가정에서 포장지에 표시된 조리법에 따라 실온 해동등의 방법으로 섭취 가능합니다.)
52	691	63	100% (2개)
52	765	36	(At Home)던킨 블루베리베이글 5입
52	819	36	13,000원
52	877	36	상큼한 블루베리 맛을 즐길 수 있는 인기 만점의 담백한 던킨 베이글(냉동제품으로 가정에서 포장지에 표시된 조리법에 따라 실온 2시간이상 해동등의 방법으로 섭취 가능합니다.)
52	955	63	100% (2개)
52	1059	42	스낵
52	1141	36	리콜라 캔디(레몬)
52	1195	36	3,300원
52	1253	36	스위스의 다양한 허브로 만든 레몬 맛 캔디
52	1354	36	하리보 골드베렌
52	1408	36	2,500원
52	1441	121	지금 와우 가입하면 배달비 0원 + 25,000원 쿠폰
52	1458	781	가입하기
52	1466	36	알록달록하고 새콤달콤한 곰모양 젤리
52	1514	63	100% (1개)
52	1556	24	배달비 0원 적용 중
52	1588	36	블루베리 베이글칩
53	66	155	던킨 서울역 서부점 내 메뉴를 찾아보세요
53	79	36	(At Home)던킨 블루베리베이글 5입
53	133	36	13,000원
53	151	78	음료(캔)
53	151	145	음료
53	151	354	핫샌드위치
53	151	524	냉동간편식
53	151	694	스낵
53	151	798	홈카페
53	155	249	RTD
53	182	51	2 / 3
53	191	36	상큼한 블루베리 맛을 즐길 수 있는 인기 만점의 담백한 던킨 베이글(냉동제품으로 가정에서 포장지에 표시된 조리법에 따라 실온 2시간이상 해동등의 방법으로 섭취 가능합니다.)
53	248	331	던킨 서울역 서부점
53	269	63	100% (2개)
53	298	412	5.0(783)
53	373	42	스낵
53	455	36	리콜라 캔디(레몬)
53	509	36	3,300원
53	567	36	스위스의 다양한 허브로 만든 레몬 맛 캔디
53	668	36	하리보 골드베렌
53	722	36	2,500원
53	780	36	알록달록하고 새콤달콤한 곰모양 젤리
53	828	63	100% (1개)
53	902	36	블루베리 베이글칩
53	956	36	2,800원
53	1014	36	구워 만든 달콤한 블루베리 맛의 베이글칩
53	1145	42	홈카페
53	1227	36	(캡슐)던킨 디카페인 블렌드 (10개입)
53	1281	36	7,000원
53	1339	36	신선하고 플로럴한 향과 좋은 산미를 가진 미디엄 로스팅의 디카페인 블렌드 캡슐 10개입 (네스프레소 호환) *카누, 돌체구스토, 일리, 네스프레소버츄오 호환불가
53	1441	121	지금 와우 가입하면 배달비 0원 + 25,000원 쿠폰
53	1447	36	(캡슐)던킨 에스프레소 블렌드 (10개입)
53	1458	781	가입하기
53	1501	36	7,000원
53	1556	24	배달비 0원 적용 중
53	1559	36	던킨 에스프레소 고유의 다크초콜렛, 카카오의 풍미를 느낄수 있는 캡슐 10개입 (네스프레소 호환) *카누, 돌체구스토, 일리, 네스프레소버츄오 호환불가
54	0	36	하리보 골드베렌
54	66	155	던킨 서울역 서부점 내 메뉴를 찾아보세요
54	83	36	알록달록하고 새콤달콤한 곰모양 젤리
54	131	63	100% (1개)
54	151	78	음료(캔)
54	151	145	음료
54	151	354	핫샌드위치
54	151	524	냉동간편식
54	151	694	스낵
54	151	798	홈카페
54	155	249	RTD
54	182	51	3 / 3
54	205	36	블루베리 베이글칩
54	248	331	던킨 서울역 서부점
54	259	36	2,800원
54	298	412	5.0(783)
54	317	36	구워 만든 달콤한 블루베리 맛의 베이글칩
54	448	42	홈카페
54	530	36	(캡슐)던킨 디카페인 블렌드 (10개입)
54	584	36	7,000원
54	642	36	신선하고 플로럴한 향과 좋은 산미를 가진 미디엄 로스팅의 디카페인 블렌드 캡슐 10개입 (네스프레소 호환) *카누, 돌체구스토, 일리, 네스프레소버츄오 호환불가
54	750	36	(캡슐)던킨 에스프레소 블렌드 (10개입)
54	804	36	7,000원
54	862	36	던킨 에스프레소 고유의 다크초콜렛, 카카오의 풍미를 느낄수 있는 캡슐 10개입 (네스프레소 호환) *카누, 돌체구스토, 일리, 네스프레소버츄오 호환불가
54	970	36	던킨에스프레소커피빈 (250g)
54	1024	36	20,500원
54	1082	36	던킨 에스프레소 고유의 다크초콜렛, 카카오의 풍미를 느낄수 있는 커피
54	1183	36	드립백 커피_브라질의 열정(브라질 8개입)
54	1237	36	8,500원
54	1295	36	한국인의 입맛에 잘 맛는 구수한 맛이 느껴지는, 남녀노소 누구나 무난하게 즐길 수 있는 커피
54	1403	36	드립백 커피_에티오피아의 축복(에티오피아 8개입)
54	1441	121	지금 와우 가입하면 배달비 0원 + 25,000원 쿠폰
54	1457	36	8,500원
54	1458	781	가입하기
54	1515	36	깊고 향긋한 향이 일품, 상큼한 신 맛과 커피의 단 맛이 잘 어우러지는 고급스러운 커피
54	1556	24	배달비 0원 적용 중
55	66	155	던킨 서울역 서부점 내 메뉴를 찾아보세요
55	133	42	홈카페
55	151	78	음료(캔)
55	151	145	음료
55	151	354	핫샌드위치
55	151	524	냉동간편식
55	151	694	스낵
55	151	798	홈카페
55	155	249	RTD
55	182	51	1 / 3
55	215	36	(캡슐)던킨 디카페인 블렌드 (10개입)
55	248	331	던킨 서울역 서부점
55	269	36	7,000원
55	298	412	5.0(783)
55	327	36	신선하고 플로럴한 향과 좋은 산미를 가진 미디엄 로스팅의 디카페인 블렌드 캡슐 10개입 (네스프레소 호환) *카누, 돌체구스토, 일리, 네스프레소버츄오 호환불가
55	435	36	(캡슐)던킨 에스프레소 블렌드 (10개입)
55	489	36	7,000원
55	547	36	던킨 에스프레소 고유의 다크초콜렛, 카카오의 풍미를 느낄수 있는 캡슐 10개입 (네스프레소 호환) *카누, 돌체구스토, 일리, 네스프레소버츄오 호환불가
55	655	36	던킨에스프레소커피빈 (250g)
55	709	36	20,500원
55	767	36	던킨 에스프레소 고유의 다크초콜렛, 카카오의 풍미를 느낄수 있는 커피
55	868	36	드립백 커피_브라질의 열정(브라질 8개입)
55	922	36	8,500원
55	980	36	한국인의 입맛에 잘 맛는 구수한 맛이 느껴지는, 남녀노소 누구나 무난하게 즐길 수 있는 커피
55	1088	36	드립백 커피_에티오피아의 축복(에티오피아 8개입)
55	1142	36	8,500원
55	1200	36	깊고 향긋한 향이 일품, 상큼한 신 맛과 커피의 단 맛이 잘 어우러지는 고급스러운 커피
55	1320	36	비슷한 디저트 맛집 추천해요
55	1326	810	광고
55	1396	560	굿베이커리 아현점
55	1397	171	치즈당 카스테라 마포공덕점
55	1430	220	(2,004)ㆍ
55	1431	195	5.0
55	1431	293	2.8km
55	1431	609	(333)ㆍ
55	1432	584	4.9
55	1432	668	2.9km
55	1441	121	지금 와우 가입하면 배달비 0원 + 25,000원 쿠폰
55	1458	781	가입하기
55	1463	171	배달비 0원
55	1464	560	배달비 0원
55	1556	24	배달비 0원 적용 중
