0	446	51	2 / 4
0	512	309	1인피자 고피자 강남점
0	562	404	4.8(1,927)
0	676	0	배달 35분
0	676	450	포장 15분
0	769	674	매장∙원산지정보
0	780	69	도착까지 약 35분
0	841	36	최소주문
0	841	153	16,900원
0	896	36	일반회원
0	897	153	0-2,600원 0원
0	898	294	자세히
0	938	36	와우회원
0	938	153	와우회원은 매 주문 배달비 0원
0	1010	127	지금 와우 가입하면 배달비 0원 + 25,000원 쿠폰
0	1027	766	가입하기
0	1118	54	1,000원 즉시할인 자동 적용
0	1196	90	2,000원 쿠폰 추가 적용 가능
0	1286	168	❤️❤️❤️
0	1286	606	Most delicious pizza of my life! Thick, sweet pizza sauce, lots of mozzarella cheese, perfect crust cook level, slight amount of garlic at the edge of the crust adding that extra zing — and the buffalo cheese I ordered was amazing as a topping &#128523; 10/10 will order again! ❤️
0	1455	114	검색한 메뉴
0	1455	290	&#128293; 인기메뉴
0	1455	813	[세트]
0	1556	42	검색한 메뉴
1	0	0	고피자 피치 SET
1	0	0	리뷰 (1)
1	0	0	피자와 치킨의 조합으로 간편하게 즐기기 좋은 구성입니다.
1	66	155	1인피자 고피자 강남점 내 메뉴를 찾아보세요
1	147	0	배달 35분
1	147	450	포장 15분
1	182	51	3 / 4
1	240	674	매장∙원산지정보
1	248	309	1인피자 고피자 강남점
1	251	69	도착까지 약 35분
1	298	404	4.8(1,927)
1	312	36	최소주문
1	312	153	16,900원
1	367	36	일반회원
1	368	153	0-2,600원 0원
1	369	294	자세히
1	409	36	와우회원
1	409	153	와우회원은 매 주문 배달비 0원
1	481	127	지금 와우 가입하면 배달비 0원 + 25,000원 쿠폰
1	498	766	가입하기
1	589	54	1,000원 즉시할인 자동 적용
1	667	90	2,000원 쿠폰 추가 적용 가능
1	757	168	❤️❤️❤️
1	757	606	Most delicious pizza of my life! Thick, sweet pizza sauce, lots of mozzarella cheese, perfect crust cook level, slight amount of garlic at the edge of the crust adding that extra zing — and the buffalo cheese I ordered was amazing as a topping &#128523; 10/10 will order again! ❤️
1	926	114	검색한 메뉴
1	926	290	&#128293; 인기메뉴
1	926	813	[세트]
1	1027	42	검색한 메뉴
1	1073	36	고피자 검색 결과
1	1147	36	고피자 피파 SET
1	1201	36	19,900원
1	1259	36	피자와 파스타의 조합으로 든든하게 즐길 수 있는 구성입니다.
1	1307	63	100% (4개)
1	1307	149	ㆍ
1	1307	193	리뷰 (3)
1	1381	36	고피자 실속 SET
1	1435	36	14,900원
1	1493	36	피자와 사이드, 음료까지 꼭 필요한 메뉴만 담은 실속 구성입니다.
1	1541	63	100% (1개)
1	1541	149	ㆍ
1	1541	193	리뷰 (3)
1	1556	24	배달비 0원 + 3,000원 할인
2	66	155	1인피자 고피자 강남점 내 메뉴를 찾아보세요
2	132	54	1,000원 즉시할인 자동 적용
2	182	51	4 / 4
2	195	90	2,000원 쿠폰 추가 적용 가능
2	248	309	1인피자 고피자 강남점
2	285	168	❤️❤️❤️
2	285	606	Most delicious pizza of my life! Thick, sweet pizza sauce, lots of mozzarella cheese, perfect crust cook level, slight amount of garlic at the edge of the crust adding that extra zing — and the buffalo cheese I ordered was amazing as a topping &#128523; 10/10 will order again! ❤️
2	298	404	4.8(1,927)
2	454	114	검색한 메뉴
2	454	290	&#128293; 인기메뉴
2	454	813	[세트]
2	555	42	검색한 메뉴
2	601	36	고피자 검색 결과
2	675	36	고피자 피파 SET
2	729	36	19,900원
2	787	36	피자와 파스타의 조합으로 든든하게 즐길 수 있는 구성입니다.
2	835	63	100% (4개)
2	835	149	ㆍ
2	835	193	리뷰 (3)
2	909	36	고피자 실속 SET
2	963	36	14,900원
2	1021	36	피자와 사이드, 음료까지 꼭 필요한 메뉴만 담은 실속 구성입니다.
2	1069	63	100% (1개)
2	1069	149	ㆍ
2	1069	193	리뷰 (3)
2	1143	36	고피자 피치 SET
2	1197	36	18,400원
2	1255	36	피자와 치킨의 조합으로 간편하게 즐기기 좋은 구성입니다.
2	1303	63	리뷰 (1)
2	1407	42	인기메뉴
2	1441	121	지금 와우 가입하면 배달비 0원 + 25,000원 쿠폰
2	1458	781	가입하기
2	1485	88	1위
2	1485	304	2위
2	1485	520	3위
2	1485	708	4위
2	1556	24	배달비 0원 + 3,000원 할인
3	0	0	100% (3개)
3	0	0	ㆍ
3	0	0	리뷰 (2)
3	66	155	1인피자 고피자 강남점 내 메뉴를 찾아보세요
3	132	36	고피자 검색 결과
3	151	114	검색한 메뉴
3	151	290	&#128293; 인기메뉴
3	151	813	[세트]
3	182	51	1 / 4
3	185	36	고피자 피파 SET
3	239	36	19,900원
3	248	309	1인피자 고피자 강남점
3	297	36	피자와 파스타의 조합으로 든든하게 즐길 수 있는 구성입니다.
3	298	404	4.8(1,927)
3	345	63	100% (4개)
3	345	149	ㆍ
3	345	193	리뷰 (3)
3	419	36	고피자 실속 SET
3	473	36	14,900원
3	531	36	피자와 사이드, 음료까지 꼭 필요한 메뉴만 담은 실속 구성입니다.
3	579	63	100% (1개)
3	579	149	ㆍ
3	579	193	리뷰 (3)
3	653	36	고피자 피치 SET
3	707	36	18,400원
3	765	36	피자와 치킨의 조합으로 간편하게 즐기기 좋은 구성입니다.
3	813	63	리뷰 (1)
3	917	42	인기메뉴
3	995	88	1위
3	995	304	2위
3	995	520	3위
3	995	708	4위
3	1194	36	내맘대로 반반 피자
3	1194	252	매니악 페퍼로니+치즈스틱
3	1194	468	슈퍼 콤비네이션 피자
3	1194	684	베이컨 포테이토 +프렌치프라이
3	1235	36	13,900원
3	1270	252	15,300원
3	1270	468	12,900원
3	1270	684	15,300원
3	1441	121	지금 와우 가입하면 배달비 0원 + 25,000원 쿠폰
3	1458	781	가입하기
3	1470	36	바질 마스카포네
3	1515	761	오늘만 품절
3	1524	36	16,900원
3	1556	24	배달비 0원 + 3,000원 할인
3	1582	36	이혜성 아나운서가 만든, 바질에 반하고 토마토에 빠지는 피자
4	0	0	100% (1개)
4	0	0	ㆍ
4	0	0	고피자 실속 SET
4	0	0	고피자 실속 SET
4	0	0	리뷰 (3)
4	0	0	피자와 사이드, 음료까지 꼭 필요한 메뉴만 담은 실속 구성입니다.
4	47	36	피자와 사이드, 음료까지 꼭 필요한 메뉴만 담은 실속 구성입니다.
4	66	155	1인피자 고피자 강남점 내 메뉴를 찾아보세요
4	95	63	100% (1개)
4	95	149	ㆍ
4	95	193	리뷰 (3)
4	151	114	검색한 메뉴
4	151	290	&#128293; 인기메뉴
4	151	813	[세트]
4	169	36	고피자 피치 SET
4	182	51	2 / 4
4	223	36	18,400원
4	248	309	1인피자 고피자 강남점
4	281	36	피자와 치킨의 조합으로 간편하게 즐기기 좋은 구성입니다.
4	298	404	4.8(1,927)
4	329	63	리뷰 (1)
4	433	42	인기메뉴
4	511	88	1위
4	511	304	2위
4	511	520	3위
4	511	708	4위
4	710	36	내맘대로 반반 피자
4	710	252	매니악 페퍼로니+치즈스틱
4	710	468	슈퍼 콤비네이션 피자
4	710	684	베이컨 포테이토 +프렌치프라이
4	751	36	13,900원
4	786	252	15,300원
4	786	468	12,900원
4	786	684	15,300원
4	986	36	바질 마스카포네
4	1031	761	오늘만 품절
4	1040	36	16,900원
4	1098	36	이혜성 아나운서가 만든, 바질에 반하고 토마토에 빠지는 피자
4	1170	63	100% (3개)
4	1170	149	ㆍ
4	1170	193	리뷰 (2)
4	1274	42	[세트]
4	1356	36	내맘대로 반반 SET
4	1410	36	17,900원
4	1441	121	지금 와우 가입하면 배달비 0원 + 25,000원 쿠폰
4	1458	781	가입하기
4	1468	36	두 가지 맛을 한 번에 즐길 수 있는 반반 피자에 사이드와 음료를 더한 구성입니다.
4	1546	63	100% (7개)
4	1546	149	ㆍ
4	1546	193	리뷰 (6)
4	1556	24	배달비 0원 + 3,000원 할인
5	0	0	100% (4개)
5	0	0	ㆍ
5	0	0	고피자 피파 SET
5	0	0	리뷰 (3)
5	0	0	피자와 파스타의 조합으로 든든하게 즐길 수 있는 구성입니다.
5	66	155	1인피자 고피자 강남점 내 메뉴를 찾아보세요
5	151	114	&#128293; 인기메뉴
5	151	637	[세트]
5	151	753	피자
5	151	857	파스타
5	182	51	3 / 4
5	224	36	내맘대로 반반 피자
5	224	252	매니악 페퍼로니+치즈스틱
5	224	468	슈퍼 콤비네이션 피자
5	224	684	베이컨 포테이토 +프렌치프라이
5	248	309	1인피자 고피자 강남점
5	265	36	13,900원
5	298	404	4.8(1,927)
5	300	252	15,300원
5	300	468	12,900원
5	300	684	15,300원
5	500	36	바질 마스카포네
5	545	761	오늘만 품절
5	554	36	16,900원
5	612	36	이혜성 아나운서가 만든, 바질에 반하고 토마토에 빠지는 피자
5	684	63	100% (3개)
5	684	149	ㆍ
5	684	193	리뷰 (2)
5	788	42	[세트]
5	870	36	내맘대로 반반 SET
5	924	36	17,900원
5	982	36	두 가지 맛을 한 번에 즐길 수 있는 반반 피자에 사이드와 음료를 더한 구성입니다.
5	1060	63	100% (7개)
5	1060	149	ㆍ
5	1060	193	리뷰 (6)
5	1134	36	고피자 실속 SET
5	1188	36	14,900원
5	1246	36	피자와 사이드, 음료까지 꼭 필요한 메뉴만 담은 실속 구성입니다.
5	1294	63	100% (1개)
5	1294	149	ㆍ
5	1294	193	리뷰 (3)
5	1368	36	고피자 피치 SET
5	1422	36	18,400원
5	1441	121	지금 와우 가입하면 배달비 0원 + 25,000원 쿠폰
5	1458	781	가입하기
5	1480	36	피자와 치킨의 조합으로 간편하게 즐기기 좋은 구성입니다.
5	1528	63	리뷰 (1)
5	1556	24	배달비 0원 + 3,000원 할인
6	0	0	100% (4개)
6	0	0	ㆍ
6	0	0	리뷰 (2)
6	8	36	바질 마스카포네
6	53	761	오늘만 품절
6	66	155	1인피자 고피자 강남점 내 메뉴를 찾아보세요
6	120	36	이혜성 아나운서가 만든, 바질에 반하고 토마토에 빠지는 피자
6	151	457	[세트]
6	151	573	피자
6	151	677	파스타
6	151	803	사이드
6	182	51	4 / 4
6	192	63	100% (3개)
6	192	149	ㆍ
6	192	193	리뷰 (2)
6	248	309	1인피자 고피자 강남점
6	296	42	[세트]
6	298	404	4.8(1,927)
6	378	36	내맘대로 반반 SET
6	432	36	17,900원
6	490	36	두 가지 맛을 한 번에 즐길 수 있는 반반 피자에 사이드와 음료를 더한 구성입니다.
6	568	63	100% (7개)
6	568	149	ㆍ
6	568	193	리뷰 (6)
6	642	36	고피자 실속 SET
6	696	36	14,900원
6	754	36	피자와 사이드, 음료까지 꼭 필요한 메뉴만 담은 실속 구성입니다.
6	802	63	100% (1개)
6	802	149	ㆍ
6	802	193	리뷰 (3)
6	876	36	고피자 피치 SET
6	930	36	18,400원
6	988	36	피자와 치킨의 조합으로 간편하게 즐기기 좋은 구성입니다.
6	1036	63	리뷰 (1)
6	1110	36	고피자 피파 SET
6	1164	36	19,900원
6	1222	36	피자와 파스타의 조합으로 든든하게 즐길 수 있는 구성입니다.
6	1270	63	100% (4개)
6	1270	149	ㆍ
6	1270	193	리뷰 (3)
6	1374	42	피자
6	1441	121	지금 와우 가입하면 배달비 0원 + 25,000원 쿠폰
6	1457	45	주문많음
6	1458	781	가입하기
6	1483	36	내맘대로 반반 피자
6	1537	36	13,900원
6	1556	24	배달비 0원 + 3,000원 할인
6	1595	36	내 취향대로 골라 즐기는 반반 피자
7	0	0	92% (12개)
7	0	0	ㆍ
7	0	0	달콤한 꿀과 함께~블루치즈의 풍미를 더욱 깊게 즐길 수 있는 정통 이태리 스타일 피자
7	0	0	리뷰 (8)
7	66	155	1인피자 고피자 강남점 내 메뉴를 찾아보세요
7	151	116	[세트]
7	151	234	피자
7	151	338	파스타
7	151	464	사이드
7	151	590	음료
7	151	694	소스
7	151	798	하나만
7	155	36	고피자 실속 SET
7	182	51	1 / 4
7	209	36	14,900원
7	248	309	1인피자 고피자 강남점
7	267	36	피자와 사이드, 음료까지 꼭 필요한 메뉴만 담은 실속 구성입니다.
7	298	404	4.8(1,927)
7	315	63	100% (1개)
7	315	149	ㆍ
7	315	193	리뷰 (3)
7	389	36	고피자 피치 SET
7	443	36	18,400원
7	501	36	피자와 치킨의 조합으로 간편하게 즐기기 좋은 구성입니다.
7	549	63	리뷰 (1)
7	623	36	고피자 피파 SET
7	677	36	19,900원
7	735	36	피자와 파스타의 조합으로 든든하게 즐길 수 있는 구성입니다.
7	783	63	100% (4개)
7	783	149	ㆍ
7	783	193	리뷰 (3)
7	887	42	피자
7	970	45	주문많음
7	996	36	내맘대로 반반 피자
7	1050	36	13,900원
7	1108	36	내 취향대로 골라 즐기는 반반 피자
7	1156	63	100% (4개)
7	1156	149	ㆍ
7	1156	193	리뷰 (2)
7	1230	36	아메리칸 치즈 피자
7	1284	36	10,900원
7	1342	36	고소한 풍미의 치즈와 신선한 토마토가 어우러져 피자 본연의 맛에 충실한 피자
7	1420	63	97% (63개)
7	1420	149	ㆍ
7	1420	193	리뷰 (18)
7	1441	121	지금 와우 가입하면 배달비 0원 + 25,000원 쿠폰
7	1458	781	가입하기
7	1494	36	허니 고르곤졸라 피자(꿀포함)
7	1548	36	11,900원
7	1556	24	배달비 0원 + 3,000원 할인
8	0	0	겉은 바삭, 속은 촉촉 감자와 고소한 갈릭소스가 만난 완벽한 조합의 피자
8	0	0	리뷰 (1)
8	66	155	1인피자 고피자 강남점 내 메뉴를 찾아보세요
8	130	36	고피자 피파 SET
8	151	116	[세트]
8	151	234	피자
8	151	338	파스타
8	151	464	사이드
8	151	590	음료
8	151	694	소스
8	151	798	하나만
8	182	51	2 / 4
8	184	36	19,900원
8	242	36	피자와 파스타의 조합으로 든든하게 즐길 수 있는 구성입니다.
8	248	309	1인피자 고피자 강남점
8	290	63	100% (4개)
8	290	149	ㆍ
8	290	193	리뷰 (3)
8	298	404	4.8(1,927)
8	394	42	피자
8	477	45	주문많음
8	503	36	내맘대로 반반 피자
8	557	36	13,900원
8	615	36	내 취향대로 골라 즐기는 반반 피자
8	663	63	100% (4개)
8	663	149	ㆍ
8	663	193	리뷰 (2)
8	737	36	아메리칸 치즈 피자
8	791	36	10,900원
8	849	36	고소한 풍미의 치즈와 신선한 토마토가 어우러져 피자 본연의 맛에 충실한 피자
8	927	63	97% (63개)
8	927	149	ㆍ
8	927	193	리뷰 (18)
8	1001	36	허니 고르곤졸라 피자(꿀포함)
8	1055	36	11,900원
8	1113	36	달콤한 꿀과 함께~블루치즈의 풍미를 더욱 깊게 즐길 수 있는 정통 이태리 스타일 피자
8	1191	63	92% (12개)
8	1191	149	ㆍ
8	1191	193	리뷰 (8)
8	1265	36	오리지널 페퍼로니 피자
8	1319	36	11,900원
8	1377	36	고소하고 짭조름한 페퍼로니가 듬뿍 들어간 정통 페퍼로니 피자
8	1441	121	지금 와우 가입하면 배달비 0원 + 25,000원 쿠폰
8	1449	63	100% (48개)
8	1449	159	ㆍ
8	1449	203	리뷰 (12)
8	1458	781	가입하기
8	1523	36	갈릭포테이토 피자
8	1556	24	배달비 0원 + 3,000원 할인
8	1577	36	11,900원
9	0	0	96% (49개)
9	0	0	ㆍ
9	0	0	리뷰 (24)
9	0	0	페퍼로니 피자에 페퍼로니를 꽉~ 채운! 찐 페퍼로니 매니아를 위한 피자
9	0	45	주문많음
9	18	36	내맘대로 반반 피자
9	66	155	1인피자 고피자 강남점 내 메뉴를 찾아보세요
9	130	36	내 취향대로 골라 즐기는 반반 피자
9	151	118	[세트]
9	151	234	피자
9	151	338	파스타
9	151	464	사이드
9	151	590	음료
9	151	694	소스
9	151	798	하나만
9	178	63	100% (4개)
9	178	149	ㆍ
9	178	193	리뷰 (2)
9	182	51	3 / 4
9	248	309	1인피자 고피자 강남점
9	252	36	아메리칸 치즈 피자
9	298	404	4.8(1,927)
9	306	36	10,900원
9	364	36	고소한 풍미의 치즈와 신선한 토마토가 어우러져 피자 본연의 맛에 충실한 피자
9	442	63	97% (63개)
9	442	149	ㆍ
9	442	193	리뷰 (18)
9	516	36	허니 고르곤졸라 피자(꿀포함)
9	570	36	11,900원
9	628	36	달콤한 꿀과 함께~블루치즈의 풍미를 더욱 깊게 즐길 수 있는 정통 이태리 스타일 피자
9	706	63	92% (12개)
9	706	149	ㆍ
9	706	193	리뷰 (8)
9	780	36	오리지널 페퍼로니 피자
9	834	36	11,900원
9	892	36	고소하고 짭조름한 페퍼로니가 듬뿍 들어간 정통 페퍼로니 피자
9	964	63	100% (48개)
9	964	159	ㆍ
9	964	203	리뷰 (12)
9	1038	36	갈릭포테이토 피자
9	1092	36	11,900원
9	1150	36	겉은 바삭, 속은 촉촉 감자와 고소한 갈릭소스가 만난 완벽한 조합의 피자
9	1198	63	리뷰 (1)
9	1272	36	옥수수 크런치 피자
9	1326	36	11,900원
9	1384	36	달콤한 통옥수수에 바삭한 크런치 시리얼, 매콤한 시즈닝까지 중독적인 시그니처 메뉴
9	1441	121	지금 와우 가입하면 배달비 0원 + 25,000원 쿠폰
9	1458	781	가입하기
9	1462	63	100% (1개)
9	1462	149	ㆍ
9	1462	193	리뷰 (1)
9	1536	36	매니악 페퍼로니 피자
9	1556	24	배달비 0원 + 3,000원 할인
9	1590	36	12,900원
10	0	0	100% (12개)
10	0	0	ㆍ
10	0	0	리뷰 (6)
10	0	0	짭짤하고 고소한 한국의 맛 불고기가 듬뿍, 남녀노소 사랑하는 맛
10	22	36	허니 고르곤졸라 피자(꿀포함)
10	66	155	1인피자 고피자 강남점 내 메뉴를 찾아보세요
10	134	36	달콤한 꿀과 함께~블루치즈의 풍미를 더욱 깊게 즐길 수 있는 정통 이태리 스타일 피자
10	151	118	[세트]
10	151	234	피자
10	151	338	파스타
10	151	464	사이드
10	151	590	음료
10	151	694	소스
10	151	798	하나만
10	182	51	4 / 4
10	212	63	92% (12개)
10	212	149	ㆍ
10	212	193	리뷰 (8)
10	248	309	1인피자 고피자 강남점
10	286	36	오리지널 페퍼로니 피자
10	298	404	4.8(1,927)
10	340	36	11,900원
10	398	36	고소하고 짭조름한 페퍼로니가 듬뿍 들어간 정통 페퍼로니 피자
10	470	63	100% (48개)
10	470	159	ㆍ
10	470	203	리뷰 (12)
10	544	36	갈릭포테이토 피자
10	598	36	11,900원
10	656	36	겉은 바삭, 속은 촉촉 감자와 고소한 갈릭소스가 만난 완벽한 조합의 피자
10	704	63	리뷰 (1)
10	778	36	옥수수 크런치 피자
10	832	36	11,900원
10	890	36	달콤한 통옥수수에 바삭한 크런치 시리얼, 매콤한 시즈닝까지 중독적인 시그니처 메뉴
10	968	63	100% (1개)
10	968	149	ㆍ
10	968	193	리뷰 (1)
10	1042	36	매니악 페퍼로니 피자
10	1096	36	12,900원
10	1154	36	페퍼로니 피자에 페퍼로니를 꽉~ 채운! 찐 페퍼로니 매니아를 위한 피자
10	1226	63	96% (49개)
10	1226	149	ㆍ
10	1226	193	리뷰 (24)
10	1300	36	하와이안 피자
10	1354	36	12,900원
10	1412	36	큼직한 파인애플이 올라가 컬러풀한 비주얼과 상큼하고 달콤한 맛이 매력적인 피자
10	1441	121	지금 와우 가입하면 배달비 0원 + 25,000원 쿠폰
10	1458	781	가입하기
10	1490	63	100% (1개)
10	1556	24	배달비 0원 + 3,000원 할인
10	1564	36	K-불고기 피자
11	0	0	91% (22개)
11	0	0	ㆍ
11	0	0	담백한 감자와 고소한 베이컨, 햄이 어우러져 짭조름하면서도 풍성한 맛의 피자
11	0	0	리뷰 (12)
11	58	36	갈릭포테이토 피자
11	66	155	1인피자 고피자 강남점 내 메뉴를 찾아보세요
11	132	36	11,900원
11	151	118	[세트]
11	151	234	피자
11	151	338	파스타
11	151	464	사이드
11	151	590	음료
11	151	694	소스
11	151	798	하나만
11	170	36	겉은 바삭, 속은 촉촉 감자와 고소한 갈릭소스가 만난 완벽한 조합의 피자
11	182	51	1 / 4
11	218	63	리뷰 (1)
11	248	309	1인피자 고피자 강남점
11	292	36	옥수수 크런치 피자
11	298	404	4.8(1,927)
11	346	36	11,900원
11	404	36	달콤한 통옥수수에 바삭한 크런치 시리얼, 매콤한 시즈닝까지 중독적인 시그니처 메뉴
11	482	63	100% (1개)
11	482	149	ㆍ
11	482	193	리뷰 (1)
11	556	36	매니악 페퍼로니 피자
11	610	36	12,900원
11	668	36	페퍼로니 피자에 페퍼로니를 꽉~ 채운! 찐 페퍼로니 매니아를 위한 피자
11	740	63	96% (49개)
11	740	149	ㆍ
11	740	193	리뷰 (24)
11	814	36	하와이안 피자
11	868	36	12,900원
11	926	36	큼직한 파인애플이 올라가 컬러풀한 비주얼과 상큼하고 달콤한 맛이 매력적인 피자
11	1004	63	100% (1개)
11	1078	36	K-불고기 피자
11	1132	36	12,900원
11	1190	36	짭짤하고 고소한 한국의 맛 불고기가 듬뿍, 남녀노소 사랑하는 맛
11	1262	63	100% (12개)
11	1262	159	ㆍ
11	1262	203	리뷰 (6)
11	1336	36	달콤 고구마 피자
11	1390	36	12,900원
11	1441	121	지금 와우 가입하면 배달비 0원 + 25,000원 쿠폰
11	1448	36	부드럽고 달콤한 고구마 무스 듬뿍~ 달콤 든든 베스트 셀러
11	1458	781	가입하기
11	1520	63	96% (25개)
11	1520	149	ㆍ
11	1520	193	리뷰 (15)
11	1556	24	배달비 0원 + 3,000원 할인
11	1594	36	베이컨 포테이토 피자
12	61	36	매니악 페퍼로니 피자
12	66	155	1인피자 고피자 강남점 내 메뉴를 찾아보세요
12	132	36	12,900원
12	151	118	[세트]
12	151	234	피자
12	151	338	파스타
12	151	464	사이드
12	151	590	음료
12	151	694	소스
12	151	798	하나만
12	173	36	페퍼로니 피자에 페퍼로니를 꽉~ 채운! 찐 페퍼로니 매니아를 위한 피자
12	182	51	2 / 4
12	245	63	96% (49개)
12	245	149	ㆍ
12	245	193	리뷰 (24)
12	248	309	1인피자 고피자 강남점
12	298	404	4.8(1,927)
12	319	36	하와이안 피자
12	373	36	12,900원
12	431	36	큼직한 파인애플이 올라가 컬러풀한 비주얼과 상큼하고 달콤한 맛이 매력적인 피자
12	509	63	100% (1개)
12	583	36	K-불고기 피자
12	637	36	12,900원
12	695	36	짭짤하고 고소한 한국의 맛 불고기가 듬뿍, 남녀노소 사랑하는 맛
12	767	63	100% (12개)
12	767	159	ㆍ
12	767	203	리뷰 (6)
12	841	36	달콤 고구마 피자
12	895	36	12,900원
12	953	36	부드럽고 달콤한 고구마 무스 듬뿍~ 달콤 든든 베스트 셀러
12	1025	63	96% (25개)
12	1025	149	ㆍ
12	1025	193	리뷰 (15)
12	1099	36	베이컨 포테이토 피자
12	1153	36	12,900원
12	1211	36	담백한 감자와 고소한 베이컨, 햄이 어우러져 짭조름하면서도 풍성한 맛의 피자
12	1289	63	91% (22개)
12	1289	149	ㆍ
12	1289	193	리뷰 (12)
12	1364	45	리뷰최고
12	1390	36	슈퍼 콤비네이션 피자
12	1441	121	지금 와우 가입하면 배달비 0원 + 25,000원 쿠폰
12	1444	36	12,900원
12	1458	781	가입하기
12	1502	36	다양하고 풍부한 토핑의 꿀맛조합, 남녀노소가 좋아하는 베스트 피자
12	1556	24	배달비 0원 + 3,000원 할인
12	1574	63	96% (157개)
12	1574	159	ㆍ
12	1574	203	리뷰 (91)
13	0	0	94% (17개)
13	0	0	ㆍ
13	0	0	리뷰 (4)
13	0	0	토마토소스에 미트를 듬뿍 넣어 끓인 소스와 자연 치즈가 어우러져 감칠맛이 가득한 미트소스 베이스 파스타
13	66	155	1인피자 고피자 강남점 내 메뉴를 찾아보세요
13	95	36	K-불고기 피자
13	149	36	12,900원
13	151	118	[세트]
13	151	234	피자
13	151	338	파스타
13	151	464	사이드
13	151	590	음료
13	151	694	소스
13	151	798	하나만
13	182	51	3 / 4
13	207	36	짭짤하고 고소한 한국의 맛 불고기가 듬뿍, 남녀노소 사랑하는 맛
13	248	309	1인피자 고피자 강남점
13	279	63	100% (12개)
13	279	159	ㆍ
13	279	203	리뷰 (6)
13	298	404	4.8(1,927)
13	353	36	달콤 고구마 피자
13	407	36	12,900원
13	465	36	부드럽고 달콤한 고구마 무스 듬뿍~ 달콤 든든 베스트 셀러
13	537	63	96% (25개)
13	537	149	ㆍ
13	537	193	리뷰 (15)
13	611	36	베이컨 포테이토 피자
13	665	36	12,900원
13	723	36	담백한 감자와 고소한 베이컨, 햄이 어우러져 짭조름하면서도 풍성한 맛의 피자
13	801	63	91% (22개)
13	801	149	ㆍ
13	801	193	리뷰 (12)
13	876	45	리뷰최고
13	902	36	슈퍼 콤비네이션 피자
13	956	36	12,900원
13	1014	36	다양하고 풍부한 토핑의 꿀맛조합, 남녀노소가 좋아하는 베스트 피자
13	1086	63	96% (157개)
13	1086	159	ㆍ
13	1086	203	리뷰 (91)
13	1190	42	파스타
13	1272	36	토마토 치즈 파스타
13	1326	36	8,500원
13	1384	36	신선한 토마토소스에 자연 치즈가 듬뿍 들어간 토마토 베이스 파스타
13	1441	121	지금 와우 가입하면 배달비 0원 + 25,000원 쿠폰
13	1456	63	100% (6개)
13	1456	149	ㆍ
13	1456	193	리뷰 (3)
13	1458	781	가입하기
13	1530	36	미트 치즈 파스타
13	1556	24	배달비 0원 + 3,000원 할인
13	1584	36	8,500원
14	66	155	1인피자 고피자 강남점 내 메뉴를 찾아보세요
14	114	36	베이컨 포테이토 피자
14	151	118	[세트]
14	151	234	피자
14	151	338	파스타
14	151	464	사이드
14	151	590	음료
14	151	694	소스
14	151	798	하나만
14	168	36	12,900원
14	182	51	4 / 4
14	226	36	담백한 감자와 고소한 베이컨, 햄이 어우러져 짭조름하면서도 풍성한 맛의 피자
14	248	309	1인피자 고피자 강남점
14	298	404	4.8(1,927)
14	304	63	91% (22개)
14	304	149	ㆍ
14	304	193	리뷰 (12)
14	379	45	리뷰최고
14	405	36	슈퍼 콤비네이션 피자
14	459	36	12,900원
14	517	36	다양하고 풍부한 토핑의 꿀맛조합, 남녀노소가 좋아하는 베스트 피자
14	589	63	96% (157개)
14	589	159	ㆍ
14	589	203	리뷰 (91)
14	693	42	파스타
14	775	36	토마토 치즈 파스타
14	829	36	8,500원
14	887	36	신선한 토마토소스에 자연 치즈가 듬뿍 들어간 토마토 베이스 파스타
14	959	63	100% (6개)
14	959	149	ㆍ
14	959	193	리뷰 (3)
14	1033	36	미트 치즈 파스타
14	1087	36	8,500원
14	1145	36	토마토소스에 미트를 듬뿍 넣어 끓인 소스와 자연 치즈가 어우러져 감칠맛이 가득한 미트소스 베이스 파스타
14	1223	63	94% (17개)
14	1223	149	ㆍ
14	1223	193	리뷰 (4)
14	1327	42	사이드
14	1409	36	프렌치 프라이
14	1441	121	지금 와우 가입하면 배달비 0원 + 25,000원 쿠폰
14	1458	781	가입하기
14	1463	36	2,400원
14	1521	36	겉은 바삭 속은 촉촉~ 무엇과 먹어도 찰떡궁합 감자튀김
14	1556	24	배달비 0원 + 3,000원 할인
14	1593	63	89% (47개)
14	1593	149	ㆍ
14	1593	193	리뷰 (19)
15	0	0	75% (4개)
15	0	0	ㆍ
15	0	0	리뷰 (2)
15	0	0	리뷰최고
15	0	0	슈퍼 콤비네이션 피자
15	30	36	다양하고 풍부한 토핑의 꿀맛조합, 남녀노소가 좋아하는 베스트 피자
15	66	155	1인피자 고피자 강남점 내 메뉴를 찾아보세요
15	102	63	96% (157개)
15	102	159	ㆍ
15	102	203	리뷰 (91)
15	151	118	[세트]
15	151	234	피자
15	151	338	파스타
15	151	464	사이드
15	151	590	음료
15	151	694	소스
15	151	798	하나만
15	182	51	1 / 4
15	206	42	파스타
15	248	309	1인피자 고피자 강남점
15	288	36	토마토 치즈 파스타
15	298	404	4.8(1,927)
15	342	36	8,500원
15	400	36	신선한 토마토소스에 자연 치즈가 듬뿍 들어간 토마토 베이스 파스타
15	472	63	100% (6개)
15	472	149	ㆍ
15	472	193	리뷰 (3)
15	546	36	미트 치즈 파스타
15	600	36	8,500원
15	658	36	토마토소스에 미트를 듬뿍 넣어 끓인 소스와 자연 치즈가 어우러져 감칠맛이 가득한 미트소스 베이스 파스타
15	736	63	94% (17개)
15	736	149	ㆍ
15	736	193	리뷰 (4)
15	840	42	사이드
15	922	36	프렌치 프라이
15	976	36	2,400원
15	1034	36	겉은 바삭 속은 촉촉~ 무엇과 먹어도 찰떡궁합 감자튀김
15	1106	63	89% (47개)
15	1106	149	ㆍ
15	1106	193	리뷰 (19)
15	1180	36	치즈 스틱 2개
15	1234	36	2,400원
15	1292	36	쭉쭉 늘어나는 스트링 치즈의 고소한 맛의 치즈스틱 (2개)
15	1364	63	100% (23개)
15	1364	159	ㆍ
15	1364	203	리뷰 (9)
15	1438	36	치즈 스틱 4개
15	1441	121	지금 와우 가입하면 배달비 0원 + 25,000원 쿠폰
15	1458	781	가입하기
15	1492	36	3,900원
15	1550	36	쭉쭉 늘어나는 스트링 치즈의 고소한 맛의 치즈스틱 (4개)
15	1556	24	배달비 0원 + 3,000원 할인
16	0	0	100% (19개)
16	0	0	ㆍ
16	0	0	리뷰 (9)
16	61	36	미트 치즈 파스타
16	66	155	1인피자 고피자 강남점 내 메뉴를 찾아보세요
16	132	36	8,500원
16	151	118	[세트]
16	151	234	피자
16	151	338	파스타
16	151	464	사이드
16	151	590	음료
16	151	694	소스
16	151	798	하나만
16	173	36	토마토소스에 미트를 듬뿍 넣어 끓인 소스와 자연 치즈가 어우러져 감칠맛이 가득한 미트소스 베이스 파스타
16	182	51	2 / 4
16	248	309	1인피자 고피자 강남점
16	251	63	94% (17개)
16	251	149	ㆍ
16	251	193	리뷰 (4)
16	298	404	4.8(1,927)
16	355	42	사이드
16	437	36	프렌치 프라이
16	491	36	2,400원
16	549	36	겉은 바삭 속은 촉촉~ 무엇과 먹어도 찰떡궁합 감자튀김
16	621	63	89% (47개)
16	621	149	ㆍ
16	621	193	리뷰 (19)
16	695	36	치즈 스틱 2개
16	749	36	2,400원
16	807	36	쭉쭉 늘어나는 스트링 치즈의 고소한 맛의 치즈스틱 (2개)
16	879	63	100% (23개)
16	879	159	ㆍ
16	879	203	리뷰 (9)
16	953	36	치즈 스틱 4개
16	1007	36	3,900원
16	1065	36	쭉쭉 늘어나는 스트링 치즈의 고소한 맛의 치즈스틱 (4개)
16	1137	63	75% (4개)
16	1137	139	ㆍ
16	1137	183	리뷰 (2)
16	1211	36	버팔로 윙/봉 2개
16	1265	36	3,700원
16	1323	36	짭짤한 맛이 일품인 오리지널 버팔로 윙&봉 (2개)
16	1395	63	100% (14개)
16	1395	159	ㆍ
16	1395	203	리뷰 (8)
16	1441	121	지금 와우 가입하면 배달비 0원 + 25,000원 쿠폰
16	1458	781	가입하기
16	1469	36	버팔로 윙/봉 4개
16	1523	36	6,900원
16	1556	24	배달비 0원 + 3,000원 할인
16	1581	36	짭짤한 맛이 일품인 오리지널 버팔로 윙&봉 (4개)
17	0	0	96% (27개)
17	0	0	ㆍ
17	0	0	리뷰 (10)
17	0	0	짭쪼롬 순살 치킨과 프렌치 프라이를 한 번에!
17	0	0	프렌치 프라이
17	62	36	겉은 바삭 속은 촉촉~ 무엇과 먹어도 찰떡궁합 감자튀김
17	66	155	1인피자 고피자 강남점 내 메뉴를 찾아보세요
17	134	63	89% (47개)
17	134	149	ㆍ
17	134	193	리뷰 (19)
17	151	118	[세트]
17	151	234	피자
17	151	338	파스타
17	151	464	사이드
17	151	590	음료
17	151	694	소스
17	151	798	하나만
17	182	51	3 / 4
17	208	36	치즈 스틱 2개
17	248	309	1인피자 고피자 강남점
17	262	36	2,400원
17	298	404	4.8(1,927)
17	320	36	쭉쭉 늘어나는 스트링 치즈의 고소한 맛의 치즈스틱 (2개)
17	392	63	100% (23개)
17	392	159	ㆍ
17	392	203	리뷰 (9)
17	466	36	치즈 스틱 4개
17	520	36	3,900원
17	578	36	쭉쭉 늘어나는 스트링 치즈의 고소한 맛의 치즈스틱 (4개)
17	650	63	75% (4개)
17	650	139	ㆍ
17	650	183	리뷰 (2)
17	724	36	버팔로 윙/봉 2개
17	778	36	3,700원
17	836	36	짭짤한 맛이 일품인 오리지널 버팔로 윙&봉 (2개)
17	908	63	100% (14개)
17	908	159	ㆍ
17	908	203	리뷰 (8)
17	982	36	버팔로 윙/봉 4개
17	1036	36	6,900원
17	1094	36	짭짤한 맛이 일품인 오리지널 버팔로 윙&봉 (4개)
17	1166	63	100% (19개)
17	1166	159	ㆍ
17	1166	203	리뷰 (9)
17	1240	36	버팔로 윙/봉 10개
17	1294	36	14,900원
17	1352	36	짭짤한 맛이 일품인 오리지널 버팔로 윙&봉 (10개)
17	1424	63	100% (16개)
17	1424	159	ㆍ
17	1424	203	리뷰 (1)
17	1441	121	지금 와우 가입하면 배달비 0원 + 25,000원 쿠폰
17	1458	781	가입하기
17	1498	36	순살치킨 앤 프라이
17	1552	36	5,900원
17	1556	24	배달비 0원 + 3,000원 할인
18	0	36	치즈 스틱 4개
18	66	155	1인피자 고피자 강남점 내 메뉴를 찾아보세요
18	91	36	쭉쭉 늘어나는 스트링 치즈의 고소한 맛의 치즈스틱 (4개)
18	151	118	[세트]
18	151	234	피자
18	151	338	파스타
18	151	464	사이드
18	151	590	음료
18	151	694	소스
18	151	798	하나만
18	163	63	75% (4개)
18	163	139	ㆍ
18	163	183	리뷰 (2)
18	182	51	4 / 4
18	237	36	버팔로 윙/봉 2개
18	248	309	1인피자 고피자 강남점
18	291	36	3,700원
18	298	404	4.8(1,927)
18	349	36	짭짤한 맛이 일품인 오리지널 버팔로 윙&봉 (2개)
18	421	63	100% (14개)
18	421	159	ㆍ
18	421	203	리뷰 (8)
18	495	36	버팔로 윙/봉 4개
18	549	36	6,900원
18	607	36	짭짤한 맛이 일품인 오리지널 버팔로 윙&봉 (4개)
18	679	63	100% (19개)
18	679	159	ㆍ
18	679	203	리뷰 (9)
18	753	36	버팔로 윙/봉 10개
18	807	36	14,900원
18	865	36	짭짤한 맛이 일품인 오리지널 버팔로 윙&봉 (10개)
18	937	63	100% (16개)
18	937	159	ㆍ
18	937	203	리뷰 (1)
18	1011	36	순살치킨 앤 프라이
18	1065	36	5,900원
18	1123	36	짭쪼롬 순살 치킨과 프렌치 프라이를 한 번에!
18	1195	63	96% (27개)
18	1195	149	ㆍ
18	1195	193	리뷰 (10)
18	1269	36	오리지널 크리스피 치킨
18	1323	36	7,900원
18	1381	36	촉촉한 순살 치킨 함께 즐기는 고소한 오리지널 메뉴
18	1441	121	지금 와우 가입하면 배달비 0원 + 25,000원 쿠폰
18	1458	781	가입하기
18	1482	36	K-고추장 치킨
18	1536	36	7,900원
18	1556	24	배달비 0원 + 3,000원 할인
18	1594	36	촉촉한 순살 치킨과 매콤달콤한 특제 고추장 소스를 더한 메뉴
19	0	0	100% (43개)
19	0	0	ㆍ
19	0	0	리뷰 (17)
19	9	36	버팔로 윙/봉 4개
19	66	155	1인피자 고피자 강남점 내 메뉴를 찾아보세요
19	121	36	짭짤한 맛이 일품인 오리지널 버팔로 윙&봉 (4개)
19	151	118	[세트]
19	151	234	피자
19	151	338	파스타
19	151	464	사이드
19	151	590	음료
19	151	694	소스
19	151	798	하나만
19	182	51	1 / 4
19	193	63	100% (19개)
19	193	159	ㆍ
19	193	203	리뷰 (9)
19	248	309	1인피자 고피자 강남점
19	267	36	버팔로 윙/봉 10개
19	298	404	4.8(1,927)
19	321	36	14,900원
19	379	36	짭짤한 맛이 일품인 오리지널 버팔로 윙&봉 (10개)
19	451	63	100% (16개)
19	451	159	ㆍ
19	451	203	리뷰 (1)
19	525	36	순살치킨 앤 프라이
19	579	36	5,900원
19	637	36	짭쪼롬 순살 치킨과 프렌치 프라이를 한 번에!
19	709	63	96% (27개)
19	709	149	ㆍ
19	709	193	리뷰 (10)
19	783	36	오리지널 크리스피 치킨
19	837	36	7,900원
19	895	36	촉촉한 순살 치킨 함께 즐기는 고소한 오리지널 메뉴
19	996	36	K-고추장 치킨
19	1050	36	7,900원
19	1108	36	촉촉한 순살 치킨과 매콤달콤한 특제 고추장 소스를 더한 메뉴
19	1239	42	음료
19	1330	36	코카콜라 (캔) 355ml
19	1378	36	2,500원
19	1441	121	지금 와우 가입하면 배달비 0원 + 25,000원 쿠폰
19	1458	781	가입하기
19	1478	63	88% (16개)
19	1478	149	ㆍ
19	1478	193	리뷰 (8)
19	1556	24	배달비 0원 + 3,000원 할인
19	1563	36	코카콜라 제로 (캔) 355ml
20	32	36	순살치킨 앤 프라이
20	66	155	1인피자 고피자 강남점 내 메뉴를 찾아보세요
20	144	36	짭쪼롬 순살 치킨과 프렌치 프라이를 한 번에!
20	151	118	[세트]
20	151	234	피자
20	151	338	파스타
20	151	464	사이드
20	151	590	음료
20	151	694	소스
20	151	798	하나만
20	182	51	2 / 4
20	216	63	96% (27개)
20	216	149	ㆍ
20	216	193	리뷰 (10)
20	248	309	1인피자 고피자 강남점
20	290	36	오리지널 크리스피 치킨
20	298	404	4.8(1,927)
20	344	36	7,900원
20	402	36	촉촉한 순살 치킨 함께 즐기는 고소한 오리지널 메뉴
20	503	36	K-고추장 치킨
20	557	36	7,900원
20	615	36	촉촉한 순살 치킨과 매콤달콤한 특제 고추장 소스를 더한 메뉴
20	746	42	음료
20	837	36	코카콜라 (캔) 355ml
20	885	36	2,500원
20	985	63	88% (16개)
20	985	149	ㆍ
20	985	193	리뷰 (8)
20	1070	36	코카콜라 제로 (캔) 355ml
20	1118	36	2,500원
20	1218	63	100% (43개)
20	1218	159	ㆍ
20	1218	203	리뷰 (17)
20	1303	36	스프라이트 (캔) 355ml
20	1351	36	2,500원
20	1441	121	지금 와우 가입하면 배달비 0원 + 25,000원 쿠폰
20	1451	63	100% (4개)
20	1451	149	ㆍ
20	1451	193	리뷰 (2)
20	1458	781	가입하기
20	1555	42	소스
20	1556	24	배달비 0원 + 3,000원 할인
21	0	0	리뷰 (5)
21	0	0	매콤달콤한 고피자 특제 파이어 소스
21	16	36	K-고추장 치킨
21	66	155	1인피자 고피자 강남점 내 메뉴를 찾아보세요
21	128	36	촉촉한 순살 치킨과 매콤달콤한 특제 고추장 소스를 더한 메뉴
21	151	118	[세트]
21	151	234	피자
21	151	338	파스타
21	151	464	사이드
21	151	590	음료
21	151	694	소스
21	151	798	하나만
21	182	51	3 / 4
21	248	309	1인피자 고피자 강남점
21	259	42	음료
21	298	404	4.8(1,927)
21	350	36	코카콜라 (캔) 355ml
21	398	36	2,500원
21	498	63	88% (16개)
21	498	149	ㆍ
21	498	193	리뷰 (8)
21	583	36	코카콜라 제로 (캔) 355ml
21	631	36	2,500원
21	731	63	100% (43개)
21	731	159	ㆍ
21	731	203	리뷰 (17)
21	816	36	스프라이트 (캔) 355ml
21	864	36	2,500원
21	964	63	100% (4개)
21	964	149	ㆍ
21	964	193	리뷰 (2)
21	1068	42	소스
21	1150	36	피자필수템(피클+핫소스+갈릭디핑소스)
21	1204	36	1,000원
21	1363	36	생오이피클
21	1417	36	500원
21	1441	121	지금 와우 가입하면 배달비 0원 + 25,000원 쿠폰
21	1458	781	가입하기
21	1475	36	[추천] 국내산 100% 아삭아삭 오이피클
21	1523	63	리뷰 (32)
21	1556	24	배달비 0원 + 3,000원 할인
21	1597	36	파이어 소스
22	66	155	1인피자 고피자 강남점 내 메뉴를 찾아보세요
22	98	36	코카콜라 제로 (캔) 355ml
22	146	36	2,500원
22	151	118	[세트]
22	151	234	피자
22	151	338	파스타
22	151	464	사이드
22	151	590	음료
22	151	694	소스
22	151	798	하나만
22	182	51	4 / 4
22	246	63	100% (43개)
22	246	159	ㆍ
22	246	203	리뷰 (17)
22	248	309	1인피자 고피자 강남점
22	298	404	4.8(1,927)
22	331	36	스프라이트 (캔) 355ml
22	379	36	2,500원
22	479	63	100% (4개)
22	479	149	ㆍ
22	479	193	리뷰 (2)
22	583	42	소스
22	665	36	피자필수템(피클+핫소스+갈릭디핑소스)
22	719	36	1,000원
22	878	36	생오이피클
22	932	36	500원
22	990	36	[추천] 국내산 100% 아삭아삭 오이피클
22	1038	63	리뷰 (32)
22	1112	36	파이어 소스
22	1166	36	500원
22	1224	36	매콤달콤한 고피자 특제 파이어 소스
22	1296	63	리뷰 (5)
22	1370	36	랜치 소스
22	1424	36	500원
22	1441	121	지금 와우 가입하면 배달비 0원 + 25,000원 쿠폰
22	1458	781	가입하기
22	1482	36	부드럽고 크리미한 고피자 특제 랜치소스
22	1554	63	리뷰 (16)
22	1556	24	배달비 0원 + 3,000원 할인
23	0	0	고피자만의 깔끔하게 매콤한 핫소스
23	0	0	리뷰 (32)
23	0	0	핫소스
23	66	155	1인피자 고피자 강남점 내 메뉴를 찾아보세요
23	151	118	[세트]
23	151	234	피자
23	151	338	파스타
23	151	464	사이드
23	151	590	음료
23	151	694	소스
23	151	798	하나만
23	171	36	피자필수템(피클+핫소스+갈릭디핑소스)
23	182	51	1 / 4
23	225	36	1,000원
23	248	309	1인피자 고피자 강남점
23	298	404	4.8(1,927)
23	384	36	생오이피클
23	438	36	500원
23	496	36	[추천] 국내산 100% 아삭아삭 오이피클
23	544	63	리뷰 (32)
23	618	36	파이어 소스
23	672	36	500원
23	730	36	매콤달콤한 고피자 특제 파이어 소스
23	802	63	리뷰 (5)
23	876	36	랜치 소스
23	930	36	500원
23	988	36	부드럽고 크리미한 고피자 특제 랜치소스
23	1060	63	리뷰 (16)
23	1134	36	갈릭디핑 소스
23	1188	36	500원
23	1246	36	고피자만의 고소한 마늘 소스
23	1318	63	리뷰 (48)
23	1392	36	허니소스(꿀)
23	1441	121	지금 와우 가입하면 배달비 0원 + 25,000원 쿠폰
23	1446	36	300원
23	1458	781	가입하기
23	1504	63	리뷰 (4)
23	1556	24	배달비 0원 + 3,000원 할인
24	0	0	100% (3개)
24	0	0	ㆍ
24	0	0	리뷰 (2)
24	66	155	1인피자 고피자 강남점 내 메뉴를 찾아보세요
24	130	36	파이어 소스
24	151	118	[세트]
24	151	234	피자
24	151	338	파스타
24	151	464	사이드
24	151	590	음료
24	151	694	소스
24	151	798	하나만
24	182	51	2 / 4
24	184	36	500원
24	242	36	매콤달콤한 고피자 특제 파이어 소스
24	248	309	1인피자 고피자 강남점
24	298	404	4.8(1,927)
24	314	63	리뷰 (5)
24	388	36	랜치 소스
24	442	36	500원
24	500	36	부드럽고 크리미한 고피자 특제 랜치소스
24	572	63	리뷰 (16)
24	646	36	갈릭디핑 소스
24	700	36	500원
24	758	36	고피자만의 고소한 마늘 소스
24	830	63	리뷰 (48)
24	904	36	허니소스(꿀)
24	958	36	300원
24	1016	63	리뷰 (4)
24	1117	36	핫소스
24	1171	36	100원
24	1229	36	고피자만의 깔끔하게 매콤한 핫소스
24	1301	63	리뷰 (32)
24	1405	42	하나만
24	1441	121	지금 와우 가입하면 배달비 0원 + 25,000원 쿠폰
24	1458	781	가입하기
24	1488	45	주문많음
24	1514	36	매니악 페퍼로니+치즈스틱
24	1556	24	배달비 0원 + 3,000원 할인
24	1568	36	15,300원
25	0	0	86% (14개)
25	0	0	ㆍ
25	0	0	랜치 소스
25	0	0	리뷰 (10)
25	13	36	부드럽고 크리미한 고피자 특제 랜치소스
25	66	155	1인피자 고피자 강남점 내 메뉴를 찾아보세요
25	85	63	리뷰 (16)
25	151	118	[세트]
25	151	234	피자
25	151	338	파스타
25	151	464	사이드
25	151	590	음료
25	151	694	소스
25	151	798	하나만
25	159	36	갈릭디핑 소스
25	182	51	3 / 4
25	213	36	500원
25	248	309	1인피자 고피자 강남점
25	271	36	고피자만의 고소한 마늘 소스
25	298	404	4.8(1,927)
25	343	63	리뷰 (48)
25	417	36	허니소스(꿀)
25	471	36	300원
25	529	63	리뷰 (4)
25	630	36	핫소스
25	684	36	100원
25	742	36	고피자만의 깔끔하게 매콤한 핫소스
25	814	63	리뷰 (32)
25	918	42	하나만
25	1001	45	주문많음
25	1027	36	매니악 페퍼로니+치즈스틱
25	1081	36	15,300원
25	1217	63	100% (3개)
25	1217	149	ㆍ
25	1217	193	리뷰 (2)
25	1291	36	베이컨 포테이토 +프렌치프라이
25	1345	36	15,300원
25	1441	121	지금 와우 가입하면 배달비 0원 + 25,000원 쿠폰
25	1458	781	가입하기
25	1481	63	100% (9개)
25	1481	149	ㆍ
25	1481	193	리뷰 (11)
25	1555	36	슈퍼콤비네이션+음료355ml
25	1556	24	배달비 0원 + 3,000원 할인
26	66	155	1인피자 고피자 강남점 내 메뉴를 찾아보세요
26	143	36	핫소스
26	151	118	[세트]
26	151	234	피자
26	151	338	파스타
26	151	464	사이드
26	151	590	음료
26	151	694	소스
26	151	798	하나만
26	182	51	4 / 4
26	197	36	100원
26	248	309	1인피자 고피자 강남점
26	255	36	고피자만의 깔끔하게 매콤한 핫소스
26	298	404	4.8(1,927)
26	327	63	리뷰 (32)
26	431	42	하나만
26	514	45	주문많음
26	540	36	매니악 페퍼로니+치즈스틱
26	594	36	15,300원
26	730	63	100% (3개)
26	730	149	ㆍ
26	730	193	리뷰 (2)
26	804	36	베이컨 포테이토 +프렌치프라이
26	858	36	15,300원
26	994	63	100% (9개)
26	994	149	ㆍ
26	994	193	리뷰 (11)
26	1068	36	슈퍼콤비네이션+음료355ml
26	1122	36	14,900원
26	1258	63	86% (14개)
26	1258	149	ㆍ
26	1258	193	리뷰 (10)
26	1344	36	비슷한 피자 맛집 추천해요
26	1350	810	광고
26	1408	560	레코드피자 강남역점
26	1420	171	퍼그피자하우스 강남점
26	1441	121	지금 와우 가입하면 배달비 0원 + 25,000원 쿠폰
26	1443	609	(37)ㆍ
26	1444	584	4.8
26	1444	658	0.4km
26	1455	220	(2,905)ㆍ
26	1456	195	5.0
26	1456	293	0.5km
26	1458	781	가입하기
26	1480	587	2,000원 쿠폰
26	1488	171	배달비 0원
26	1509	560	배달비 0원
26	1556	24	배달비 0원 + 3,000원 할인
