0	0	0	94% (246개)
0	0	0	ㆍ
0	0	0	리뷰 (130)
0	512	293	죠스떡볶이 학동사거리점
0	562	404	4.8(1,034)
0	676	0	배달 41분
0	676	450	포장 15분
0	769	674	매장∙원산지정보
0	780	69	도착까지 약 41분
0	841	36	최소주문
0	841	153	20,000원
0	896	36	일반회원
0	897	153	1,400-4,700원 0원
0	898	334	자세히
0	938	36	와우회원
0	938	153	와우회원은 매 주문 배달비 0원
0	1010	127	지금 와우 가입하면 배달비 0원 + 25,000원 쿠폰
0	1027	766	가입하기
0	1130	168	넘 맛나요
0	1130	606	괜찮았어요… 국물 떡볶이보다 그냥이 훨씬 맛있어용
0	1299	114	검색한 메뉴
0	1299	290	&#128293; 인기메뉴
0	1299	474	세트메뉴
0	1299	622	치킨세트메뉴
0	1299	814	메인메뉴
0	1400	42	검색한 메뉴
0	1446	36	죠스떡볶이 검색 결과
0	1521	45	주문많음
0	1521	133	리뷰최고
0	1547	36	죠스떡볶이
1	66	155	죠스떡볶이 학동사거리점 내 메뉴를 찾아보세요
1	147	0	배달 41분
1	147	450	포장 15분
1	240	674	매장∙원산지정보
1	248	293	죠스떡볶이 학동사거리점
1	251	69	도착까지 약 41분
1	298	404	4.8(1,034)
1	312	36	최소주문
1	312	153	20,000원
1	367	36	일반회원
1	368	153	1,400-4,700원 0원
1	369	334	자세히
1	409	36	와우회원
1	409	153	와우회원은 매 주문 배달비 0원
1	481	127	지금 와우 가입하면 배달비 0원 + 25,000원 쿠폰
1	498	766	가입하기
1	601	168	넘 맛나요
1	601	606	괜찮았어요… 국물 떡볶이보다 그냥이 훨씬 맛있어용
1	770	114	검색한 메뉴
1	770	290	&#128293; 인기메뉴
1	770	474	세트메뉴
1	770	622	치킨세트메뉴
1	770	814	메인메뉴
1	871	42	검색한 메뉴
1	917	36	죠스떡볶이 검색 결과
1	992	45	주문많음
1	992	133	리뷰최고
1	1018	36	죠스떡볶이
1	1072	36	5,700원
1	1130	63	94% (246개)
1	1130	159	ㆍ
1	1130	203	리뷰 (130)
1	1234	42	인기메뉴
1	1312	88	1위
1	1312	304	2위
1	1312	520	3위
1	1312	708	4위
1	1511	36	죠스떡볶이
1	1511	252	죠스찰순대
1	1511	468	부산어묵
1	1511	684	수제모듬튀김
1	1552	36	5,700원
1	1552	252	5,700원
1	1552	468	5,700원
1	1552	684	6,800원
1	1556	24	배달비 0원 적용 중
2	0	0	89% (19개)
2	0	0	ㆍ
2	0	0	국물떡볶이＋수제모듬튀김＋순대＋어묵＋죠스쿨
2	0	0	리뷰 (12)
2	66	155	죠스떡볶이 학동사거리점 내 메뉴를 찾아보세요
2	132	606	괜찮았어요… 국물 떡볶이보다 그냥이 훨씬 맛있어용
2	248	293	죠스떡볶이 학동사거리점
2	274	114	검색한 메뉴
2	274	290	&#128293; 인기메뉴
2	274	474	세트메뉴
2	274	622	치킨세트메뉴
2	274	814	메인메뉴
2	298	404	4.8(1,034)
2	375	42	검색한 메뉴
2	421	36	죠스떡볶이 검색 결과
2	496	45	주문많음
2	496	133	리뷰최고
2	522	36	죠스떡볶이
2	576	36	5,700원
2	634	63	94% (246개)
2	634	159	ㆍ
2	634	203	리뷰 (130)
2	738	42	인기메뉴
2	816	88	1위
2	816	304	2위
2	816	520	3위
2	816	708	4위
2	1015	36	죠스떡볶이
2	1015	252	죠스찰순대
2	1015	468	부산어묵
2	1015	684	수제모듬튀김
2	1056	36	5,700원
2	1056	252	5,700원
2	1056	468	5,700원
2	1056	684	6,800원
2	1174	42	세트메뉴
2	1256	36	죠스세트
2	1310	36	19,700원
2	1368	36	떡볶이＋수제모듬튀김＋순대＋죠스쿨
2	1416	63	100% (5개)
2	1416	149	ㆍ
2	1416	193	리뷰 (8)
2	1441	121	지금 와우 가입하면 배달비 0원 + 25,000원 쿠폰
2	1458	781	가입하기
2	1490	36	국물떡볶이세트(순한맛)
2	1544	36	26,000원
2	1556	24	배달비 0원 적용 중
3	4	45	주문많음
3	4	133	리뷰최고
3	30	36	죠스떡볶이
3	66	155	죠스떡볶이 학동사거리점 내 메뉴를 찾아보세요
3	142	63	94% (246개)
3	142	159	ㆍ
3	142	203	리뷰 (130)
3	151	114	검색한 메뉴
3	151	290	&#128293; 인기메뉴
3	151	474	세트메뉴
3	151	622	치킨세트메뉴
3	151	814	메인메뉴
3	246	42	인기메뉴
3	248	293	죠스떡볶이 학동사거리점
3	298	404	4.8(1,034)
3	324	88	1위
3	324	304	2위
3	324	520	3위
3	324	708	4위
3	523	36	죠스떡볶이
3	523	252	죠스찰순대
3	523	468	부산어묵
3	523	684	수제모듬튀김
3	564	36	5,700원
3	564	252	5,700원
3	564	468	5,700원
3	564	684	6,800원
3	682	42	세트메뉴
3	764	36	죠스세트
3	818	36	19,700원
3	876	36	떡볶이＋수제모듬튀김＋순대＋죠스쿨
3	924	63	100% (5개)
3	924	149	ㆍ
3	924	193	리뷰 (8)
3	998	36	국물떡볶이세트(순한맛)
3	1052	36	26,000원
3	1110	36	국물떡볶이＋수제모듬튀김＋순대＋어묵＋죠스쿨
3	1158	63	89% (19개)
3	1158	149	ㆍ
3	1158	193	리뷰 (12)
3	1232	36	국물떡볶이세트(매운맛)
3	1286	36	26,000원
3	1344	36	국물떡볶이＋수제모듬튀김＋순대＋어묵＋죠스쿨
3	1392	63	100% (3개)
3	1392	149	ㆍ
3	1392	193	리뷰 (1)
3	1441	121	지금 와우 가입하면 배달비 0원 + 25,000원 쿠폰
3	1458	781	가입하기
3	1466	36	콰삭실속세트
3	1520	36	31,000원
3	1556	24	배달비 0원 적용 중
3	1578	63	100% (6개)
3	1578	149	ㆍ
3	1578	193	리뷰 (4)
4	0	0	100% (13개)
4	0	0	ㆍ
4	0	0	리뷰 (8)
4	66	155	죠스떡볶이 학동사거리점 내 메뉴를 찾아보세요
4	151	114	&#128293; 인기메뉴
4	151	298	세트메뉴
4	151	446	치킨세트메뉴
4	151	638	메인메뉴
4	151	786	스페셜메뉴
4	196	42	세트메뉴
4	248	293	죠스떡볶이 학동사거리점
4	278	36	죠스세트
4	298	404	4.8(1,034)
4	332	36	19,700원
4	390	36	떡볶이＋수제모듬튀김＋순대＋죠스쿨
4	438	63	100% (5개)
4	438	149	ㆍ
4	438	193	리뷰 (8)
4	512	36	국물떡볶이세트(순한맛)
4	566	36	26,000원
4	624	36	국물떡볶이＋수제모듬튀김＋순대＋어묵＋죠스쿨
4	672	63	89% (19개)
4	672	149	ㆍ
4	672	193	리뷰 (12)
4	746	36	국물떡볶이세트(매운맛)
4	800	36	26,000원
4	858	36	국물떡볶이＋수제모듬튀김＋순대＋어묵＋죠스쿨
4	906	63	100% (3개)
4	906	149	ㆍ
4	906	193	리뷰 (1)
4	980	36	콰삭실속세트
4	1034	36	31,000원
4	1092	63	100% (6개)
4	1092	149	ㆍ
4	1092	193	리뷰 (4)
4	1193	36	파티박스
4	1247	36	43,700원
4	1305	36	떡볶이+콰삭닭강정(2인분)+순대+오징어1+김말이1+야끼만두1+어묵3꼬치+콜라355ml(2개)
4	1383	63	100% (2개)
4	1441	121	지금 와우 가입하면 배달비 0원 + 25,000원 쿠폰
4	1457	36	트윈세트
4	1458	781	가입하기
4	1511	36	25,400원
4	1556	24	배달비 0원 적용 중
4	1569	36	떡볶이＋수제모듬튀김＋순대＋어묵＋죠스쿨
5	0	0	100% (6개)
5	0	0	ㆍ
5	0	0	리뷰 (3)
5	27	36	국물떡볶이세트(순한맛)
5	66	155	죠스떡볶이 학동사거리점 내 메뉴를 찾아보세요
5	139	36	국물떡볶이＋수제모듬튀김＋순대＋어묵＋죠스쿨
5	151	114	세트메뉴
5	151	262	치킨세트메뉴
5	151	454	메인메뉴
5	151	602	스페셜메뉴
5	151	772	추가메뉴
5	187	63	89% (19개)
5	187	149	ㆍ
5	187	193	리뷰 (12)
5	248	293	죠스떡볶이 학동사거리점
5	261	36	국물떡볶이세트(매운맛)
5	298	404	4.8(1,034)
5	315	36	26,000원
5	373	36	국물떡볶이＋수제모듬튀김＋순대＋어묵＋죠스쿨
5	421	63	100% (3개)
5	421	149	ㆍ
5	421	193	리뷰 (1)
5	495	36	콰삭실속세트
5	549	36	31,000원
5	607	63	100% (6개)
5	607	149	ㆍ
5	607	193	리뷰 (4)
5	708	36	파티박스
5	762	36	43,700원
5	820	36	떡볶이+콰삭닭강정(2인분)+순대+오징어1+김말이1+야끼만두1+어묵3꼬치+콜라355ml(2개)
5	898	63	100% (2개)
5	972	36	트윈세트
5	1026	36	25,400원
5	1084	36	떡볶이＋수제모듬튀김＋순대＋어묵＋죠스쿨
5	1132	63	100% (13개)
5	1132	159	ㆍ
5	1132	203	리뷰 (8)
5	1206	36	스페셜세트
5	1260	36	28,800원
5	1318	36	떡볶이＋수제모듬튀김＋야채튀김+새우튀김+순대＋어묵＋죠스쿨
5	1366	63	100% (2개)
5	1366	149	ㆍ
5	1366	193	리뷰 (3)
5	1440	36	패밀리세트
5	1441	121	지금 와우 가입하면 배달비 0원 + 25,000원 쿠폰
5	1458	781	가입하기
5	1494	36	34,500원
5	1552	36	떡볶이2인분＋수제모듬튀김＋야채튀김+새우튀김+순대＋어묵＋죠스쿨
5	1556	24	배달비 0원 적용 중
6	2	36	콰삭실속세트
6	66	155	죠스떡볶이 학동사거리점 내 메뉴를 찾아보세요
6	114	63	100% (6개)
6	114	149	ㆍ
6	114	193	리뷰 (4)
6	151	114	세트메뉴
6	151	262	치킨세트메뉴
6	151	454	메인메뉴
6	151	602	스페셜메뉴
6	151	772	추가메뉴
6	215	36	파티박스
6	248	293	죠스떡볶이 학동사거리점
6	269	36	43,700원
6	298	404	4.8(1,034)
6	327	36	떡볶이+콰삭닭강정(2인분)+순대+오징어1+김말이1+야끼만두1+어묵3꼬치+콜라355ml(2개)
6	405	63	100% (2개)
6	479	36	트윈세트
6	533	36	25,400원
6	591	36	떡볶이＋수제모듬튀김＋순대＋어묵＋죠스쿨
6	639	63	100% (13개)
6	639	159	ㆍ
6	639	203	리뷰 (8)
6	713	36	스페셜세트
6	767	36	28,800원
6	825	36	떡볶이＋수제모듬튀김＋야채튀김+새우튀김+순대＋어묵＋죠스쿨
6	873	63	100% (2개)
6	873	149	ㆍ
6	873	193	리뷰 (3)
6	947	36	패밀리세트
6	1001	36	34,500원
6	1059	36	떡볶이2인분＋수제모듬튀김＋야채튀김+새우튀김+순대＋어묵＋죠스쿨
6	1107	63	100% (6개)
6	1107	149	ㆍ
6	1107	193	리뷰 (3)
6	1181	36	치즈세트
6	1235	36	27,000원
6	1293	36	치즈떡볶이＋수제모듬튀김＋순대＋어묵＋죠스쿨
6	1341	63	리뷰 (1)
6	1415	36	로제크림세트
6	1441	121	지금 와우 가입하면 배달비 0원 + 25,000원 쿠폰
6	1458	781	가입하기
6	1469	36	27,000원
6	1527	36	로제크림떡볶이＋수제모듬튀김＋순대＋어묵＋죠스쿨
6	1556	24	배달비 0원 적용 중
6	1575	63	100% (1개)
7	0	0	반반떡볶이＋수제모듬튀김＋순대＋어묵＋죠스쿨
7	0	0	버섯크림떡볶이세트
7	0	36	트윈세트
7	66	155	죠스떡볶이 학동사거리점 내 메뉴를 찾아보세요
7	96	36	떡볶이＋수제모듬튀김＋순대＋어묵＋죠스쿨
7	144	63	100% (13개)
7	144	159	ㆍ
7	144	203	리뷰 (8)
7	151	114	세트메뉴
7	151	262	치킨세트메뉴
7	151	454	메인메뉴
7	151	602	스페셜메뉴
7	151	772	추가메뉴
7	218	36	스페셜세트
7	248	293	죠스떡볶이 학동사거리점
7	272	36	28,800원
7	298	404	4.8(1,034)
7	330	36	떡볶이＋수제모듬튀김＋야채튀김+새우튀김+순대＋어묵＋죠스쿨
7	378	63	100% (2개)
7	378	149	ㆍ
7	378	193	리뷰 (3)
7	452	36	패밀리세트
7	506	36	34,500원
7	564	36	떡볶이2인분＋수제모듬튀김＋야채튀김+새우튀김+순대＋어묵＋죠스쿨
7	612	63	100% (6개)
7	612	149	ㆍ
7	612	193	리뷰 (3)
7	686	36	치즈세트
7	740	36	27,000원
7	798	36	치즈떡볶이＋수제모듬튀김＋순대＋어묵＋죠스쿨
7	846	63	리뷰 (1)
7	920	36	로제크림세트
7	974	36	27,000원
7	1032	36	로제크림떡볶이＋수제모듬튀김＋순대＋어묵＋죠스쿨
7	1080	63	100% (1개)
7	1154	36	짜빠떡볶이세트
7	1208	36	27,000원
7	1266	36	반반떡볶이＋수제모듬튀김＋순대＋어묵＋죠스쿨
7	1367	36	반반떡볶이세트
7	1421	36	27,000원
7	1441	121	지금 와우 가입하면 배달비 0원 + 25,000원 쿠폰
7	1458	781	가입하기
7	1479	36	반반떡볶이＋수제모듬튀김＋순대＋어묵＋죠스쿨
7	1527	63	100% (5개)
7	1527	149	ㆍ
7	1527	193	리뷰 (3)
7	1556	24	배달비 0원 적용 중
8	0	0	100% (2개)
8	0	36	패밀리세트
8	66	155	죠스떡볶이 학동사거리점 내 메뉴를 찾아보세요
8	78	36	떡볶이2인분＋수제모듬튀김＋야채튀김+새우튀김+순대＋어묵＋죠스쿨
8	126	63	100% (6개)
8	126	149	ㆍ
8	126	193	리뷰 (3)
8	151	114	세트메뉴
8	151	262	치킨세트메뉴
8	151	454	메인메뉴
8	151	602	스페셜메뉴
8	151	772	추가메뉴
8	200	36	치즈세트
8	248	293	죠스떡볶이 학동사거리점
8	254	36	27,000원
8	298	404	4.8(1,034)
8	312	36	치즈떡볶이＋수제모듬튀김＋순대＋어묵＋죠스쿨
8	360	63	리뷰 (1)
8	434	36	로제크림세트
8	488	36	27,000원
8	546	36	로제크림떡볶이＋수제모듬튀김＋순대＋어묵＋죠스쿨
8	594	63	100% (1개)
8	668	36	짜빠떡볶이세트
8	722	36	27,000원
8	780	36	반반떡볶이＋수제모듬튀김＋순대＋어묵＋죠스쿨
8	881	36	반반떡볶이세트
8	935	36	27,000원
8	993	36	반반떡볶이＋수제모듬튀김＋순대＋어묵＋죠스쿨
8	1041	63	100% (5개)
8	1041	149	ㆍ
8	1041	193	리뷰 (3)
8	1115	36	버섯크림떡볶이세트
8	1169	36	27,000원
8	1227	36	반반떡볶이＋수제모듬튀김＋순대＋어묵＋죠스쿨
8	1358	42	치킨세트메뉴
8	1440	36	파티박스
8	1441	121	지금 와우 가입하면 배달비 0원 + 25,000원 쿠폰
8	1458	781	가입하기
8	1494	36	43,700원
8	1552	36	떡볶이+콰삭닭강정(2인분)+순대+오징어1+김말이1+야끼만두1+어묵3꼬치+콜라355ml(2개)
8	1556	24	배달비 0원 적용 중
9	0	0	100% (20개)
9	0	0	ㆍ
9	0	0	로제크림세트
9	0	0	리뷰 (10)
9	52	36	로제크림떡볶이＋수제모듬튀김＋순대＋어묵＋죠스쿨
9	66	155	죠스떡볶이 학동사거리점 내 메뉴를 찾아보세요
9	100	63	100% (1개)
9	151	114	세트메뉴
9	151	262	치킨세트메뉴
9	151	454	메인메뉴
9	151	602	스페셜메뉴
9	151	772	추가메뉴
9	174	36	짜빠떡볶이세트
9	228	36	27,000원
9	248	293	죠스떡볶이 학동사거리점
9	286	36	반반떡볶이＋수제모듬튀김＋순대＋어묵＋죠스쿨
9	298	404	4.8(1,034)
9	387	36	반반떡볶이세트
9	441	36	27,000원
9	499	36	반반떡볶이＋수제모듬튀김＋순대＋어묵＋죠스쿨
9	547	63	100% (5개)
9	547	149	ㆍ
9	547	193	리뷰 (3)
9	621	36	버섯크림떡볶이세트
9	675	36	27,000원
9	733	36	반반떡볶이＋수제모듬튀김＋순대＋어묵＋죠스쿨
9	864	42	치킨세트메뉴
9	946	36	파티박스
9	1000	36	43,700원
9	1058	36	떡볶이+콰삭닭강정(2인분)+순대+오징어1+김말이1+야끼만두1+어묵3꼬치+콜라355ml(2개)
9	1136	63	100% (2개)
9	1240	42	메인메뉴
9	1323	45	주문많음
9	1323	133	리뷰최고
9	1349	36	죠스떡볶이
9	1403	36	5,700원
9	1441	121	지금 와우 가입하면 배달비 0원 + 25,000원 쿠폰
9	1458	781	가입하기
9	1461	63	94% (246개)
9	1461	159	ㆍ
9	1461	203	리뷰 (130)
9	1535	36	치즈떡볶이
9	1556	24	배달비 0원 적용 중
9	1589	36	7,300원
10	66	155	죠스떡볶이 학동사거리점 내 메뉴를 찾아보세요
10	124	36	버섯크림떡볶이세트
10	151	114	세트메뉴
10	151	262	치킨세트메뉴
10	151	454	메인메뉴
10	151	602	스페셜메뉴
10	151	772	추가메뉴
10	178	36	27,000원
10	236	36	반반떡볶이＋수제모듬튀김＋순대＋어묵＋죠스쿨
10	248	293	죠스떡볶이 학동사거리점
10	298	404	4.8(1,034)
10	367	42	치킨세트메뉴
10	449	36	파티박스
10	503	36	43,700원
10	561	36	떡볶이+콰삭닭강정(2인분)+순대+오징어1+김말이1+야끼만두1+어묵3꼬치+콜라355ml(2개)
10	639	63	100% (2개)
10	743	42	메인메뉴
10	826	45	주문많음
10	826	133	리뷰최고
10	852	36	죠스떡볶이
10	906	36	5,700원
10	964	63	94% (246개)
10	964	159	ㆍ
10	964	203	리뷰 (130)
10	1038	36	치즈떡볶이
10	1092	36	7,300원
10	1150	63	100% (20개)
10	1150	159	ㆍ
10	1150	203	리뷰 (10)
10	1251	36	로제크림떡볶이
10	1305	36	7,300원
10	1363	63	100% (21개)
10	1363	159	ㆍ
10	1363	203	리뷰 (9)
10	1441	121	지금 와우 가입하면 배달비 0원 + 25,000원 쿠폰
10	1458	781	가입하기
10	1464	36	국물떡볶이(순한맛)
10	1518	36	6,300원
10	1556	24	배달비 0원 적용 중
10	1576	63	98% (50개)
10	1576	149	ㆍ
10	1576	193	리뷰 (22)
11	0	0	100% (3개)
11	0	0	ㆍ
11	0	0	리뷰 (2)
11	0	0	버섯크림떡볶이
11	0	0	파티박스
11	0	0	표고버섯의 진한향과 베이컨의 고소함이 어울러진 고품격 버섯 크림 떡볶이
11	66	155	죠스떡볶이 학동사거리점 내 메뉴를 찾아보세요
11	69	36	떡볶이+콰삭닭강정(2인분)+순대+오징어1+김말이1+야끼만두1+어묵3꼬치+콜라355ml(2개)
11	147	63	100% (2개)
11	151	78	세트메뉴
11	151	162	치킨세트메뉴
11	151	354	메인메뉴
11	151	502	스페셜메뉴
11	151	672	추가메뉴
11	151	820	음료
11	248	293	죠스떡볶이 학동사거리점
11	251	42	메인메뉴
11	298	404	4.8(1,034)
11	334	45	주문많음
11	334	133	리뷰최고
11	360	36	죠스떡볶이
11	414	36	5,700원
11	472	63	94% (246개)
11	472	159	ㆍ
11	472	203	리뷰 (130)
11	546	36	치즈떡볶이
11	600	36	7,300원
11	658	63	100% (20개)
11	658	159	ㆍ
11	658	203	리뷰 (10)
11	759	36	로제크림떡볶이
11	813	36	7,300원
11	871	63	100% (21개)
11	871	159	ㆍ
11	871	203	리뷰 (9)
11	972	36	국물떡볶이(순한맛)
11	1026	36	6,300원
11	1084	63	98% (50개)
11	1084	149	ㆍ
11	1084	193	리뷰 (22)
11	1185	36	국물떡볶이(매운맛)
11	1239	36	6,300원
11	1297	63	84% (31개)
11	1297	149	ㆍ
11	1297	193	리뷰 (16)
11	1398	36	짜빠떡볶이
11	1441	121	지금 와우 가입하면 배달비 0원 + 25,000원 쿠폰
11	1452	36	7,300원
11	1458	781	가입하기
11	1510	63	100% (7개)
11	1510	149	ㆍ
11	1510	193	리뷰 (4)
11	1556	24	배달비 0원 적용 중
12	0	0	89% (18개)
12	0	0	ㆍ
12	0	0	리뷰 (10)
12	0	0	죠스떡볶이+치즈떡볶이
12	53	36	치즈떡볶이
12	66	155	죠스떡볶이 학동사거리점 내 메뉴를 찾아보세요
12	132	36	7,300원
12	151	78	세트메뉴
12	151	162	치킨세트메뉴
12	151	354	메인메뉴
12	151	502	스페셜메뉴
12	151	672	추가메뉴
12	151	820	음료
12	165	63	100% (20개)
12	165	159	ㆍ
12	165	203	리뷰 (10)
12	248	293	죠스떡볶이 학동사거리점
12	266	36	로제크림떡볶이
12	298	404	4.8(1,034)
12	320	36	7,300원
12	378	63	100% (21개)
12	378	159	ㆍ
12	378	203	리뷰 (9)
12	479	36	국물떡볶이(순한맛)
12	533	36	6,300원
12	591	63	98% (50개)
12	591	149	ㆍ
12	591	193	리뷰 (22)
12	692	36	국물떡볶이(매운맛)
12	746	36	6,300원
12	804	63	84% (31개)
12	804	149	ㆍ
12	804	193	리뷰 (16)
12	905	36	짜빠떡볶이
12	959	36	7,300원
12	1017	63	100% (7개)
12	1017	149	ㆍ
12	1017	193	리뷰 (4)
12	1118	36	버섯크림떡볶이
12	1172	36	7,300원
12	1230	36	표고버섯의 진한향과 베이컨의 고소함이 어울러진 고품격 버섯 크림 떡볶이
12	1278	63	100% (3개)
12	1278	149	ㆍ
12	1278	193	리뷰 (2)
12	1352	36	반반떡볶이(치즈반로제반)
12	1406	36	7,800원
12	1441	121	지금 와우 가입하면 배달비 0원 + 25,000원 쿠폰
12	1458	781	가입하기
12	1464	36	치즈떡볶이+로제크림떡볶이
12	1512	63	95% (20개)
12	1512	149	ㆍ
12	1512	193	리뷰 (11)
12	1556	24	배달비 0원 적용 중
12	1586	36	반반떡볶이(죠스반치즈반)
13	0	0	100% (8개)
13	0	0	ㆍ
13	0	0	리뷰 (2)
13	0	36	국물떡볶이(순한맛)
13	66	155	죠스떡볶이 학동사거리점 내 메뉴를 찾아보세요
13	98	63	98% (50개)
13	98	149	ㆍ
13	98	193	리뷰 (22)
13	151	78	세트메뉴
13	151	162	치킨세트메뉴
13	151	354	메인메뉴
13	151	502	스페셜메뉴
13	151	672	추가메뉴
13	151	820	음료
13	199	36	국물떡볶이(매운맛)
13	248	293	죠스떡볶이 학동사거리점
13	253	36	6,300원
13	298	404	4.8(1,034)
13	311	63	84% (31개)
13	311	149	ㆍ
13	311	193	리뷰 (16)
13	412	36	짜빠떡볶이
13	466	36	7,300원
13	524	63	100% (7개)
13	524	149	ㆍ
13	524	193	리뷰 (4)
13	625	36	버섯크림떡볶이
13	679	36	7,300원
13	737	36	표고버섯의 진한향과 베이컨의 고소함이 어울러진 고품격 버섯 크림 떡볶이
13	785	63	100% (3개)
13	785	149	ㆍ
13	785	193	리뷰 (2)
13	859	36	반반떡볶이(치즈반로제반)
13	913	36	7,800원
13	971	36	치즈떡볶이+로제크림떡볶이
13	1019	63	95% (20개)
13	1019	149	ㆍ
13	1019	193	리뷰 (11)
13	1093	36	반반떡볶이(죠스반치즈반)
13	1147	36	7,300원
13	1205	36	죠스떡볶이+치즈떡볶이
13	1253	63	89% (18개)
13	1253	149	ㆍ
13	1253	193	리뷰 (10)
13	1327	36	반반떡볶이(죠스반짜장반)
13	1381	36	7,300원
13	1439	36	죠스떡볶이+짜빠떡볶이
13	1441	121	지금 와우 가입하면 배달비 0원 + 25,000원 쿠폰
13	1458	781	가입하기
13	1487	63	94% (16개)
13	1487	149	ㆍ
13	1487	193	리뷰 (7)
13	1556	24	배달비 0원 적용 중
13	1561	36	바삭순대튀김
14	0	0	94% (83개)
14	0	0	ㆍ
14	0	0	리뷰 (49)
14	0	0	부산어묵 3개
14	66	155	죠스떡볶이 학동사거리점 내 메뉴를 찾아보세요
14	132	36	버섯크림떡볶이
14	151	78	세트메뉴
14	151	162	치킨세트메뉴
14	151	354	메인메뉴
14	151	502	스페셜메뉴
14	151	672	추가메뉴
14	151	820	음료
14	186	36	7,300원
14	244	36	표고버섯의 진한향과 베이컨의 고소함이 어울러진 고품격 버섯 크림 떡볶이
14	248	293	죠스떡볶이 학동사거리점
14	292	63	100% (3개)
14	292	149	ㆍ
14	292	193	리뷰 (2)
14	298	404	4.8(1,034)
14	366	36	반반떡볶이(치즈반로제반)
14	420	36	7,800원
14	478	36	치즈떡볶이+로제크림떡볶이
14	526	63	95% (20개)
14	526	149	ㆍ
14	526	193	리뷰 (11)
14	600	36	반반떡볶이(죠스반치즈반)
14	654	36	7,300원
14	712	36	죠스떡볶이+치즈떡볶이
14	760	63	89% (18개)
14	760	149	ㆍ
14	760	193	리뷰 (10)
14	834	36	반반떡볶이(죠스반짜장반)
14	888	36	7,300원
14	946	36	죠스떡볶이+짜빠떡볶이
14	994	63	94% (16개)
14	994	149	ㆍ
14	994	193	리뷰 (7)
14	1068	36	바삭순대튀김
14	1122	36	6,500원
14	1180	63	100% (8개)
14	1180	149	ㆍ
14	1180	193	리뷰 (2)
14	1282	45	주문많음
14	1282	133	리뷰최고
14	1308	36	죠스찰순대
14	1362	36	5,700원
14	1420	36	내장선택 (모듬 / 순대만 / 간만)
14	1441	121	지금 와우 가입하면 배달비 0원 + 25,000원 쿠폰
14	1458	781	가입하기
14	1468	63	93% (191개)
14	1468	159	ㆍ
14	1468	203	리뷰 (111)
14	1542	36	부산어묵
14	1556	24	배달비 0원 적용 중
14	1596	36	5,700원
15	0	0	낱개
15	0	0	리뷰 (9)
15	66	155	죠스떡볶이 학동사거리점 내 메뉴를 찾아보세요
15	114	36	반반떡볶이(죠스반치즈반)
15	151	78	세트메뉴
15	151	162	치킨세트메뉴
15	151	354	메인메뉴
15	151	502	스페셜메뉴
15	151	672	추가메뉴
15	151	820	음료
15	168	36	7,300원
15	226	36	죠스떡볶이+치즈떡볶이
15	248	293	죠스떡볶이 학동사거리점
15	274	63	89% (18개)
15	274	149	ㆍ
15	274	193	리뷰 (10)
15	298	404	4.8(1,034)
15	348	36	반반떡볶이(죠스반짜장반)
15	402	36	7,300원
15	460	36	죠스떡볶이+짜빠떡볶이
15	508	63	94% (16개)
15	508	149	ㆍ
15	508	193	리뷰 (7)
15	582	36	바삭순대튀김
15	636	36	6,500원
15	694	63	100% (8개)
15	694	149	ㆍ
15	694	193	리뷰 (2)
15	796	45	주문많음
15	796	133	리뷰최고
15	822	36	죠스찰순대
15	876	36	5,700원
15	934	36	내장선택 (모듬 / 순대만 / 간만)
15	982	63	93% (191개)
15	982	159	ㆍ
15	982	203	리뷰 (111)
15	1056	36	부산어묵
15	1110	36	5,700원
15	1168	36	부산어묵 3개
15	1216	63	94% (83개)
15	1216	149	ㆍ
15	1216	193	리뷰 (49)
15	1290	36	유부주머니어묵
15	1344	36	6,700원
15	1402	36	유부주머니2개+부산어묵2개
15	1441	121	지금 와우 가입하면 배달비 0원 + 25,000원 쿠폰
15	1450	63	93% (30개)
15	1450	149	ㆍ
15	1450	193	리뷰 (15)
15	1458	781	가입하기
15	1524	36	유부주머니 낱개
15	1556	24	배달비 0원 적용 중
15	1578	36	1,800원
16	0	0	96% (24개)
16	0	0	ㆍ
16	0	0	리뷰 (13)
16	0	0	콰삭닭강정
16	66	155	죠스떡볶이 학동사거리점 내 메뉴를 찾아보세요
16	89	36	바삭순대튀김
16	143	36	6,500원
16	151	78	세트메뉴
16	151	162	치킨세트메뉴
16	151	354	메인메뉴
16	151	502	스페셜메뉴
16	151	672	추가메뉴
16	151	820	음료
16	201	63	100% (8개)
16	201	149	ㆍ
16	201	193	리뷰 (2)
16	248	293	죠스떡볶이 학동사거리점
16	298	404	4.8(1,034)
16	303	45	주문많음
16	303	133	리뷰최고
16	329	36	죠스찰순대
16	383	36	5,700원
16	441	36	내장선택 (모듬 / 순대만 / 간만)
16	489	63	93% (191개)
16	489	159	ㆍ
16	489	203	리뷰 (111)
16	563	36	부산어묵
16	617	36	5,700원
16	675	36	부산어묵 3개
16	723	63	94% (83개)
16	723	149	ㆍ
16	723	193	리뷰 (49)
16	797	36	유부주머니어묵
16	851	36	6,700원
16	909	36	유부주머니2개+부산어묵2개
16	957	63	93% (30개)
16	957	149	ㆍ
16	957	193	리뷰 (15)
16	1031	36	유부주머니 낱개
16	1085	36	1,800원
16	1143	36	낱개
16	1191	63	리뷰 (9)
16	1265	36	수제모듬튀김
16	1319	36	6,800원
16	1377	36	수제튀김5개 (오징어, 고구마, 김말이, 만두, 어묵튀김)
16	1425	63	95% (43개)
16	1425	149	ㆍ
16	1425	193	리뷰 (23)
16	1441	121	지금 와우 가입하면 배달비 0원 + 25,000원 쿠폰
16	1458	781	가입하기
16	1529	42	스페셜메뉴
16	1556	24	배달비 0원 적용 중
17	0	0	94% (17개)
17	0	0	ㆍ
17	0	0	리뷰 (8)
17	0	0	바싹촉촉만두 5개
17	66	155	죠스떡볶이 학동사거리점 내 메뉴를 찾아보세요
17	68	36	부산어묵
17	132	36	5,700원
17	151	78	세트메뉴
17	151	162	치킨세트메뉴
17	151	354	메인메뉴
17	151	502	스페셜메뉴
17	151	672	추가메뉴
17	151	820	음료
17	180	36	부산어묵 3개
17	228	63	94% (83개)
17	228	149	ㆍ
17	228	193	리뷰 (49)
17	248	293	죠스떡볶이 학동사거리점
17	298	404	4.8(1,034)
17	302	36	유부주머니어묵
17	356	36	6,700원
17	414	36	유부주머니2개+부산어묵2개
17	462	63	93% (30개)
17	462	149	ㆍ
17	462	193	리뷰 (15)
17	536	36	유부주머니 낱개
17	590	36	1,800원
17	648	36	낱개
17	696	63	리뷰 (9)
17	770	36	수제모듬튀김
17	824	36	6,800원
17	882	36	수제튀김5개 (오징어, 고구마, 김말이, 만두, 어묵튀김)
17	930	63	95% (43개)
17	930	149	ㆍ
17	930	193	리뷰 (23)
17	1034	42	스페셜메뉴
17	1116	36	콰삭닭강정
17	1170	36	9,900원
17	1228	63	96% (24개)
17	1228	149	ㆍ
17	1228	193	리뷰 (13)
17	1329	36	죠스컵밥
17	1383	36	5,800원
17	1441	63	90% (10개)
17	1441	121	지금 와우 가입하면 배달비 0원 + 25,000원 쿠폰
17	1441	149	ㆍ
17	1441	193	리뷰 (9)
17	1458	781	가입하기
17	1542	36	빠삭촉촉만두(5개)
17	1556	24	배달비 0원 적용 중
17	1596	36	3,500원
18	0	0	93% (41개)
18	0	0	ㆍ
18	0	0	리뷰 (26)
18	42	36	유부주머니 낱개
18	66	155	죠스떡볶이 학동사거리점 내 메뉴를 찾아보세요
18	132	36	1,800원
18	151	78	세트메뉴
18	151	162	치킨세트메뉴
18	151	354	메인메뉴
18	151	502	스페셜메뉴
18	151	672	추가메뉴
18	151	820	음료
18	154	36	낱개
18	202	63	리뷰 (9)
18	248	293	죠스떡볶이 학동사거리점
18	276	36	수제모듬튀김
18	298	404	4.8(1,034)
18	330	36	6,800원
18	388	36	수제튀김5개 (오징어, 고구마, 김말이, 만두, 어묵튀김)
18	436	63	95% (43개)
18	436	149	ㆍ
18	436	193	리뷰 (23)
18	540	42	스페셜메뉴
18	622	36	콰삭닭강정
18	676	36	9,900원
18	734	63	96% (24개)
18	734	149	ㆍ
18	734	193	리뷰 (13)
18	835	36	죠스컵밥
18	889	36	5,800원
18	947	63	90% (10개)
18	947	149	ㆍ
18	947	193	리뷰 (9)
18	1048	36	빠삭촉촉만두(5개)
18	1102	36	3,500원
18	1160	36	바싹촉촉만두 5개
18	1208	63	94% (17개)
18	1208	149	ㆍ
18	1208	193	리뷰 (8)
18	1282	36	빠삭촉촉만두(대)
18	1336	36	6,800원
18	1394	36	빠삭촉촉만두 10개
18	1441	121	지금 와우 가입하면 배달비 0원 + 25,000원 쿠폰
18	1458	781	가입하기
18	1495	36	죠스꼬마김밥
18	1540	761	오늘만 품절
18	1549	36	3,500원
18	1556	24	배달비 0원 적용 중
19	0	0	리뷰 (41)
19	66	155	죠스떡볶이 학동사거리점 내 메뉴를 찾아보세요
19	137	36	콰삭닭강정
19	151	78	세트메뉴
19	151	162	치킨세트메뉴
19	151	354	메인메뉴
19	151	502	스페셜메뉴
19	151	672	추가메뉴
19	151	820	음료
19	191	36	9,900원
19	248	293	죠스떡볶이 학동사거리점
19	249	63	96% (24개)
19	249	149	ㆍ
19	249	193	리뷰 (13)
19	298	404	4.8(1,034)
19	350	36	죠스컵밥
19	404	36	5,800원
19	462	63	90% (10개)
19	462	149	ㆍ
19	462	193	리뷰 (9)
19	563	36	빠삭촉촉만두(5개)
19	617	36	3,500원
19	675	36	바싹촉촉만두 5개
19	723	63	94% (17개)
19	723	149	ㆍ
19	723	193	리뷰 (8)
19	797	36	빠삭촉촉만두(대)
19	851	36	6,800원
19	909	36	빠삭촉촉만두 10개
19	1010	36	죠스꼬마김밥
19	1055	761	오늘만 품절
19	1064	36	3,500원
19	1122	63	93% (41개)
19	1122	149	ㆍ
19	1122	193	리뷰 (26)
19	1238	42	추가메뉴
19	1320	36	오징어튀김
19	1374	36	1,700원
19	1432	63	리뷰 (67)
19	1441	121	지금 와우 가입하면 배달비 0원 + 25,000원 쿠폰
19	1458	781	가입하기
19	1533	36	야채튀김
19	1556	24	배달비 0원 적용 중
19	1587	36	1,700원
20	66	155	죠스떡볶이 학동사거리점 내 메뉴를 찾아보세요
20	71	36	빠삭촉촉만두(5개)
20	132	36	3,500원
20	151	78	세트메뉴
20	151	162	치킨세트메뉴
20	151	354	메인메뉴
20	151	502	스페셜메뉴
20	151	672	추가메뉴
20	151	820	음료
20	183	36	바싹촉촉만두 5개
20	231	63	94% (17개)
20	231	149	ㆍ
20	231	193	리뷰 (8)
20	248	293	죠스떡볶이 학동사거리점
20	298	404	4.8(1,034)
20	305	36	빠삭촉촉만두(대)
20	359	36	6,800원
20	417	36	빠삭촉촉만두 10개
20	518	36	죠스꼬마김밥
20	563	761	오늘만 품절
20	572	36	3,500원
20	630	63	93% (41개)
20	630	149	ㆍ
20	630	193	리뷰 (26)
20	746	42	추가메뉴
20	828	36	오징어튀김
20	882	36	1,700원
20	940	63	리뷰 (67)
20	1041	36	야채튀김
20	1095	36	1,700원
20	1153	63	리뷰 (41)
20	1254	36	새우튀김
20	1308	36	1,700원
20	1366	63	리뷰 (30)
20	1441	121	지금 와우 가입하면 배달비 0원 + 25,000원 쿠폰
20	1458	781	가입하기
20	1467	36	김말이튀김
20	1521	36	1,300원
20	1556	24	배달비 0원 적용 중
20	1579	63	리뷰 (76)
21	0	0	리뷰 (11)
21	0	0	어묵튀김
21	34	36	죠스꼬마김밥
21	66	155	죠스떡볶이 학동사거리점 내 메뉴를 찾아보세요
21	79	761	오늘만 품절
21	146	63	93% (41개)
21	146	149	ㆍ
21	146	193	리뷰 (26)
21	151	78	세트메뉴
21	151	162	치킨세트메뉴
21	151	354	메인메뉴
21	151	502	스페셜메뉴
21	151	672	추가메뉴
21	151	820	음료
21	248	293	죠스떡볶이 학동사거리점
21	262	42	추가메뉴
21	298	404	4.8(1,034)
21	344	36	오징어튀김
21	398	36	1,700원
21	456	63	리뷰 (67)
21	557	36	야채튀김
21	611	36	1,700원
21	669	63	리뷰 (41)
21	770	36	새우튀김
21	824	36	1,700원
21	882	63	리뷰 (30)
21	983	36	김말이튀김
21	1037	36	1,300원
21	1095	63	리뷰 (76)
21	1196	36	고구마튀김
21	1250	36	1,300원
21	1308	63	리뷰 (50)
21	1409	36	야끼만두
21	1441	121	지금 와우 가입하면 배달비 0원 + 25,000원 쿠폰
21	1458	781	가입하기
21	1463	36	1,300원
21	1521	63	리뷰 (29)
21	1556	24	배달비 0원 적용 중
22	0	0	97% (37개)
22	0	0	ㆍ
22	0	0	낱개
22	0	0	리뷰 (36)
22	66	155	죠스떡볶이 학동사거리점 내 메뉴를 찾아보세요
22	73	36	야채튀김
22	132	36	1,700원
22	151	78	세트메뉴
22	151	162	치킨세트메뉴
22	151	354	메인메뉴
22	151	502	스페셜메뉴
22	151	672	추가메뉴
22	151	820	음료
22	185	63	리뷰 (41)
22	248	293	죠스떡볶이 학동사거리점
22	286	36	새우튀김
22	298	404	4.8(1,034)
22	340	36	1,700원
22	398	63	리뷰 (30)
22	499	36	김말이튀김
22	553	36	1,300원
22	611	63	리뷰 (76)
22	712	36	고구마튀김
22	766	36	1,300원
22	824	63	리뷰 (50)
22	925	36	야끼만두
22	979	36	1,300원
22	1037	63	리뷰 (29)
22	1138	36	어묵튀김
22	1192	36	1,300원
22	1250	63	리뷰 (11)
22	1351	36	유부주머니 낱개
22	1405	36	1,800원
22	1441	121	지금 와우 가입하면 배달비 0원 + 25,000원 쿠폰
22	1458	781	가입하기
22	1463	36	낱개
22	1511	63	리뷰 (9)
22	1556	24	배달비 0원 적용 중
22	1585	36	부산어묵 낱개
23	6	36	김말이튀김
23	66	155	죠스떡볶이 학동사거리점 내 메뉴를 찾아보세요
23	118	63	리뷰 (76)
23	151	78	세트메뉴
23	151	162	치킨세트메뉴
23	151	354	메인메뉴
23	151	502	스페셜메뉴
23	151	672	추가메뉴
23	151	820	음료
23	219	36	고구마튀김
23	248	293	죠스떡볶이 학동사거리점
23	273	36	1,300원
23	298	404	4.8(1,034)
23	331	63	리뷰 (50)
23	432	36	야끼만두
23	486	36	1,300원
23	544	63	리뷰 (29)
23	645	36	어묵튀김
23	699	36	1,300원
23	757	63	리뷰 (11)
23	858	36	유부주머니 낱개
23	912	36	1,800원
23	970	36	낱개
23	1018	63	리뷰 (9)
23	1092	36	부산어묵 낱개
23	1146	36	2,000원
23	1204	36	낱개
23	1252	63	97% (37개)
23	1252	149	ㆍ
23	1252	193	리뷰 (36)
23	1335	36	단무지
23	1383	36	500원
23	1441	36	단무지
23	1441	121	지금 와우 가입하면 배달비 0원 + 25,000원 쿠폰
23	1458	781	가입하기
23	1489	63	리뷰 (11)
23	1556	24	배달비 0원 적용 중
23	1593	42	음료
24	66	155	죠스떡볶이 학동사거리점 내 메뉴를 찾아보세요
24	151	78	세트메뉴
24	151	162	치킨세트메뉴
24	151	354	메인메뉴
24	151	502	스페셜메뉴
24	151	672	추가메뉴
24	151	820	음료
24	152	36	어묵튀김
24	206	36	1,300원
24	248	293	죠스떡볶이 학동사거리점
24	264	63	리뷰 (11)
24	298	404	4.8(1,034)
24	365	36	유부주머니 낱개
24	419	36	1,800원
24	477	36	낱개
24	525	63	리뷰 (9)
24	599	36	부산어묵 낱개
24	653	36	2,000원
24	711	36	낱개
24	759	63	97% (37개)
24	759	149	ㆍ
24	759	193	리뷰 (36)
24	842	36	단무지
24	890	36	500원
24	948	36	단무지
24	996	63	리뷰 (11)
24	1100	42	음료
24	1182	36	콜라 355ml
24	1236	36	2,000원
24	1294	63	90% (10개)
24	1294	149	ㆍ
24	1294	193	리뷰 (10)
24	1404	36	사이다 355ml
24	1441	121	지금 와우 가입하면 배달비 0원 + 25,000원 쿠폰
24	1452	36	2,000원
24	1458	781	가입하기
24	1552	63	100% (4개)
24	1552	149	ㆍ
24	1552	193	리뷰 (3)
24	1556	24	배달비 0원 적용 중
25	0	0	100% (4개)
25	0	0	ㆍ
25	0	0	리뷰 (2)
25	66	155	죠스떡볶이 학동사거리점 내 메뉴를 찾아보세요
25	106	36	부산어묵 낱개
25	151	78	세트메뉴
25	151	162	치킨세트메뉴
25	151	354	메인메뉴
25	151	502	스페셜메뉴
25	151	672	추가메뉴
25	151	820	음료
25	160	36	2,000원
25	218	36	낱개
25	248	293	죠스떡볶이 학동사거리점
25	266	63	97% (37개)
25	266	149	ㆍ
25	266	193	리뷰 (36)
25	298	404	4.8(1,034)
25	349	36	단무지
25	397	36	500원
25	455	36	단무지
25	503	63	리뷰 (11)
25	607	42	음료
25	689	36	콜라 355ml
25	743	36	2,000원
25	801	63	90% (10개)
25	801	149	ㆍ
25	801	193	리뷰 (10)
25	911	36	사이다 355ml
25	959	36	2,000원
25	1059	63	100% (4개)
25	1059	149	ㆍ
25	1059	193	리뷰 (3)
25	1133	36	칠성사이다 제로 355ml
25	1187	36	2,000원
25	1245	63	100% (6개)
25	1245	149	ㆍ
25	1245	193	리뷰 (6)
25	1346	36	환타 355ml
25	1400	36	2,000원
25	1441	121	지금 와우 가입하면 배달비 0원 + 25,000원 쿠폰
25	1458	781	가입하기
25	1556	24	배달비 0원 적용 중
25	1559	36	암바사(밀크소다) 355ml
26	66	155	죠스떡볶이 학동사거리점 내 메뉴를 찾아보세요
26	132	42	음료
26	151	78	세트메뉴
26	151	162	치킨세트메뉴
26	151	354	메인메뉴
26	151	502	스페셜메뉴
26	151	672	추가메뉴
26	151	820	음료
26	196	36	콜라 355ml
26	248	293	죠스떡볶이 학동사거리점
26	250	36	2,000원
26	298	404	4.8(1,034)
26	308	63	90% (10개)
26	308	149	ㆍ
26	308	193	리뷰 (10)
26	418	36	사이다 355ml
26	466	36	2,000원
26	566	63	100% (4개)
26	566	149	ㆍ
26	566	193	리뷰 (3)
26	640	36	칠성사이다 제로 355ml
26	694	36	2,000원
26	752	63	100% (6개)
26	752	149	ㆍ
26	752	193	리뷰 (6)
26	853	36	환타 355ml
26	907	36	2,000원
26	1066	36	암바사(밀크소다) 355ml
26	1120	36	2,000원
26	1178	63	100% (4개)
26	1178	149	ㆍ
26	1178	193	리뷰 (2)
26	1279	36	죠스쿨 500ml
26	1333	36	2,000원
26	1391	63	100% (9개)
26	1391	149	ㆍ
26	1391	193	리뷰 (7)
26	1441	121	지금 와우 가입하면 배달비 0원 + 25,000원 쿠폰
26	1458	781	가입하기
26	1504	36	비슷한 분식 맛집 추천해요
26	1510	810	광고
26	1556	24	배달비 0원 적용 중
26	1568	171	인기급상승떡볶이 강남본점
26	1580	560	일월분식 강남점
