0	446	51	1 / 2
0	512	363	KFC 수유역점
0	562	404	4.6(2,971)
0	679	674	매장∙원산지정보
0	690	69	29분
0	751	36	최소주문
0	751	153	14,000원
0	806	36	일반회원
0	807	153	0-3,000원 0원
0	808	294	자세히
0	848	36	와우회원
0	848	153	와우회원은 매 주문 배달비 0원
0	920	127	지금 와우 가입하면 배달비 0원 + 25,000원 쿠폰
0	937	766	가입하기
0	1040	168	너무 맛있어용ㅇㅇ
0	1040	606	개운하게잘먹엇습니다
0	1209	114	&#128293; 인기메뉴
0	1209	298	신메뉴_
0	1209	435	신메뉴 번들팩
0	1209	633	스페셜팩
0	1209	781	치킨_
0	1310	42	인기메뉴
0	1388	88	1위
0	1388	304	2위
0	1388	520	3위
0	1388	708	4위
0	1587	36	징거박스
0	1587	252	징거타워박스
0	1587	468	치즈징거통다리박스
0	1587	684	트위스터세트
1	0	0	100% (1개)
1	0	0	칰폴레맵징거더블다운+프렌치프라이M+콜라M
1	66	155	KFC 수유역점 내 메뉴를 찾아보세요
1	150	674	매장∙원산지정보
1	161	69	29분
1	182	51	2 / 2
1	222	36	최소주문
1	222	153	14,000원
1	248	363	KFC 수유역점
1	277	36	일반회원
1	278	153	0-3,000원 0원
1	279	294	자세히
1	298	404	4.6(2,971)
1	319	36	와우회원
1	319	153	와우회원은 매 주문 배달비 0원
1	391	127	지금 와우 가입하면 배달비 0원 + 25,000원 쿠폰
1	408	766	가입하기
1	511	168	너무 맛있어용ㅇㅇ
1	511	606	개운하게잘먹엇습니다
1	680	114	&#128293; 인기메뉴
1	680	298	신메뉴_
1	680	435	신메뉴 번들팩
1	680	633	스페셜팩
1	680	781	치킨_
1	781	42	인기메뉴
1	859	88	1위
1	859	304	2위
1	859	520	3위
1	859	708	4위
1	1058	36	징거박스
1	1058	252	징거타워박스
1	1058	468	치즈징거통다리박스
1	1058	684	트위스터세트
1	1099	36	11,900원
1	1099	252	12,900원
1	1099	468	13,200원
1	1099	684	7,700원
1	1252	42	신메뉴_
1	1334	36	칰폴레맵징거더블다운박스
1	1388	36	14,600원
1	1446	36	칰폴레맵징거더블다운+핫크리스피통다리+프렌치프라이M+콜라M
1	1494	63	100% (1개)
1	1494	149	ㆍ
1	1494	193	리뷰 (1)
1	1556	24	배달비 0원 적용 중
1	1568	36	칰폴레맵징거더블다운세트
2	0	0	칰폴레맵징거타워+핫크리스피통다리+프렌치프라이M+콜라M
2	66	155	KFC 수유역점 내 메뉴를 찾아보세요
2	182	51	1 / 2
2	186	114	&#128293; 인기메뉴
2	186	298	신메뉴_
2	186	435	신메뉴 번들팩
2	186	633	스페셜팩
2	186	781	치킨_
2	248	363	KFC 수유역점
2	287	42	인기메뉴
2	298	404	4.6(2,971)
2	365	88	1위
2	365	304	2위
2	365	520	3위
2	365	708	4위
2	564	36	징거박스
2	564	252	징거타워박스
2	564	468	치즈징거통다리박스
2	564	684	트위스터세트
2	605	36	11,900원
2	605	252	12,900원
2	605	468	13,200원
2	605	684	7,700원
2	758	42	신메뉴_
2	840	36	칰폴레맵징거더블다운박스
2	894	36	14,600원
2	952	36	칰폴레맵징거더블다운+핫크리스피통다리+프렌치프라이M+콜라M
2	1000	63	100% (1개)
2	1000	149	ㆍ
2	1000	193	리뷰 (1)
2	1074	36	칰폴레맵징거더블다운세트
2	1128	36	12,400원
2	1186	36	칰폴레맵징거더블다운+프렌치프라이M+콜라M
2	1234	63	100% (1개)
2	1308	36	칰폴레맵징거더블다운
2	1362	36	10,100원
2	1420	36	칰폴레맵징거더블다운 ALL MEAT 육즙 가득 통다리살 필렛에 깊은 풍미의 치폴레소스를 더한 진짜 치킨 버거 칰폴레 맵징거 더블다운
2	1441	121	지금 와우 가입하면 배달비 0원 + 25,000원 쿠폰
2	1458	781	가입하기
2	1498	63	100% (1개)
2	1498	149	ㆍ
2	1498	193	리뷰 (1)
2	1556	24	배달비 0원 적용 중
2	1572	36	칰폴레맵징거타워박스
3	0	0	100% (1개)
3	0	0	ㆍ
3	0	0	리뷰 (1)
3	0	0	칰폴레맵징거타워 두툼한 가슴살 필렛에 바삭한 해시브라운, 풍미 가득 매콤한 치폴레소스를 더해 풍성한 칰폴레 맵징거 타워
3	66	155	KFC 수유역점 내 메뉴를 찾아보세요
3	132	36	11,900원
3	132	252	12,900원
3	132	468	13,200원
3	132	684	7,700원
3	151	114	&#128293; 인기메뉴
3	151	298	신메뉴_
3	151	435	신메뉴 번들팩
3	151	633	스페셜팩
3	151	781	치킨_
3	182	51	2 / 2
3	248	363	KFC 수유역점
3	266	42	신메뉴_
3	298	404	4.6(2,971)
3	348	36	칰폴레맵징거더블다운박스
3	402	36	14,600원
3	460	36	칰폴레맵징거더블다운+핫크리스피통다리+프렌치프라이M+콜라M
3	508	63	100% (1개)
3	508	149	ㆍ
3	508	193	리뷰 (1)
3	582	36	칰폴레맵징거더블다운세트
3	636	36	12,400원
3	694	36	칰폴레맵징거더블다운+프렌치프라이M+콜라M
3	742	63	100% (1개)
3	816	36	칰폴레맵징거더블다운
3	870	36	10,100원
3	928	36	칰폴레맵징거더블다운 ALL MEAT 육즙 가득 통다리살 필렛에 깊은 풍미의 치폴레소스를 더한 진짜 치킨 버거 칰폴레 맵징거 더블다운
3	1006	63	100% (1개)
3	1006	149	ㆍ
3	1006	193	리뷰 (1)
3	1080	36	칰폴레맵징거타워박스
3	1134	36	13,200원
3	1192	36	칰폴레맵징거타워+핫크리스피통다리+프렌치프라이M+콜라M
3	1293	36	칰폴레맵징거타워세트
3	1347	36	10,700원
3	1405	36	칰폴레맵징거타워+프렌치프라이M+콜라M
3	1441	121	지금 와우 가입하면 배달비 0원 + 25,000원 쿠폰
3	1458	781	가입하기
3	1506	36	칰폴레맵징거타워
3	1556	24	배달비 0원 적용 중
3	1560	36	8,100원
4	0	0	칰폴레맵징거통다리+프렌치프라이M+콜라M
4	66	155	KFC 수유역점 내 메뉴를 찾아보세요
4	95	36	칰폴레맵징거더블다운세트
4	149	36	12,400원
4	151	114	신메뉴_
4	151	251	신메뉴 번들팩
4	151	449	스페셜팩
4	151	597	치킨_
4	151	712	켄치밥
4	151	838	버거 박스
4	182	51	1 / 2
4	207	36	칰폴레맵징거더블다운+프렌치프라이M+콜라M
4	248	363	KFC 수유역점
4	255	63	100% (1개)
4	298	404	4.6(2,971)
4	329	36	칰폴레맵징거더블다운
4	383	36	10,100원
4	441	36	칰폴레맵징거더블다운 ALL MEAT 육즙 가득 통다리살 필렛에 깊은 풍미의 치폴레소스를 더한 진짜 치킨 버거 칰폴레 맵징거 더블다운
4	519	63	100% (1개)
4	519	149	ㆍ
4	519	193	리뷰 (1)
4	593	36	칰폴레맵징거타워박스
4	647	36	13,200원
4	705	36	칰폴레맵징거타워+핫크리스피통다리+프렌치프라이M+콜라M
4	806	36	칰폴레맵징거타워세트
4	860	36	10,700원
4	918	36	칰폴레맵징거타워+프렌치프라이M+콜라M
4	1019	36	칰폴레맵징거타워
4	1073	36	8,100원
4	1131	36	칰폴레맵징거타워 두툼한 가슴살 필렛에 바삭한 해시브라운, 풍미 가득 매콤한 치폴레소스를 더해 풍성한 칰폴레 맵징거 타워
4	1209	63	100% (1개)
4	1209	149	ㆍ
4	1209	193	리뷰 (1)
4	1283	36	칰폴레맵징거통다리박스
4	1337	36	12,800원
4	1395	36	칰폴레맵징거통다리+핫크리스피통다리+프렌치프라이M+콜라M
4	1441	121	지금 와우 가입하면 배달비 0원 + 25,000원 쿠폰
4	1458	781	가입하기
4	1496	36	칰폴레맵징거통다리세트
4	1550	36	10,300원
4	1556	24	배달비 0원 적용 중
5	0	0	칰폴레맵징거타워+징거+오리지널통다리2조각+코울슬로+프렌치프라이M+콜라M
5	66	155	KFC 수유역점 내 메뉴를 찾아보세요
5	105	36	칰폴레맵징거타워박스
5	151	114	신메뉴_
5	151	251	신메뉴 번들팩
5	151	449	스페셜팩
5	151	597	치킨_
5	151	712	켄치밥
5	151	838	버거 박스
5	159	36	13,200원
5	182	51	2 / 2
5	217	36	칰폴레맵징거타워+핫크리스피통다리+프렌치프라이M+콜라M
5	248	363	KFC 수유역점
5	298	404	4.6(2,971)
5	318	36	칰폴레맵징거타워세트
5	372	36	10,700원
5	430	36	칰폴레맵징거타워+프렌치프라이M+콜라M
5	531	36	칰폴레맵징거타워
5	585	36	8,100원
5	643	36	칰폴레맵징거타워 두툼한 가슴살 필렛에 바삭한 해시브라운, 풍미 가득 매콤한 치폴레소스를 더해 풍성한 칰폴레 맵징거 타워
5	721	63	100% (1개)
5	721	149	ㆍ
5	721	193	리뷰 (1)
5	795	36	칰폴레맵징거통다리박스
5	849	36	12,800원
5	907	36	칰폴레맵징거통다리+핫크리스피통다리+프렌치프라이M+콜라M
5	1008	36	칰폴레맵징거통다리세트
5	1062	36	10,300원
5	1120	36	칰폴레맵징거통다리+프렌치프라이M+콜라M
5	1221	36	칰폴레맵징거통다리
5	1275	36	7,700원
5	1333	36	육즙 가득 통다리살 필렛에 풍미 가득 매콤한 치폴레 소스를 듬뿍, 칰폴레 맵징거 통다리
5	1441	121	지금 와우 가입하면 배달비 0원 + 25,000원 쿠폰
5	1458	781	가입하기
5	1471	42	신메뉴 번들팩
5	1553	36	맵징거타워더블팩
5	1556	24	배달비 0원 적용 중
6	0	0	리뷰 (2)
6	0	0	칰폴레맵징거통다리+핫크리스피통다리+텐더2조각+프렌치프라이M+콜라M
6	42	36	칰폴레맵징거타워
6	66	155	KFC 수유역점 내 메뉴를 찾아보세요
6	132	36	8,100원
6	151	114	신메뉴_
6	151	251	신메뉴 번들팩
6	151	449	스페셜팩
6	151	597	치킨_
6	151	712	켄치밥
6	151	838	버거 박스
6	154	36	칰폴레맵징거타워 두툼한 가슴살 필렛에 바삭한 해시브라운, 풍미 가득 매콤한 치폴레소스를 더해 풍성한 칰폴레 맵징거 타워
6	182	51	1 / 2
6	232	63	100% (1개)
6	232	149	ㆍ
6	232	193	리뷰 (1)
6	248	363	KFC 수유역점
6	298	404	4.6(2,971)
6	306	36	칰폴레맵징거통다리박스
6	360	36	12,800원
6	418	36	칰폴레맵징거통다리+핫크리스피통다리+프렌치프라이M+콜라M
6	519	36	칰폴레맵징거통다리세트
6	573	36	10,300원
6	631	36	칰폴레맵징거통다리+프렌치프라이M+콜라M
6	732	36	칰폴레맵징거통다리
6	786	36	7,700원
6	844	36	육즙 가득 통다리살 필렛에 풍미 가득 매콤한 치폴레 소스를 듬뿍, 칰폴레 맵징거 통다리
6	982	42	신메뉴 번들팩
6	1064	36	맵징거타워더블팩
6	1118	36	20,900원
6	1176	36	칰폴레맵징거타워+징거+오리지널통다리2조각+코울슬로+프렌치프라이M+콜라M
6	1284	36	맵징거더블박스
6	1338	36	17,900원
6	1396	36	칰폴레맵징거통다리+징거+핫크리스피통다리+에그타르트+콜라M
6	1441	121	지금 와우 가입하면 배달비 0원 + 25,000원 쿠폰
6	1444	63	100% (1개)
6	1458	781	가입하기
6	1518	36	맵징거싱글박스
6	1556	24	배달비 0원 적용 중
6	1572	36	15,900원
7	40	36	칰폴레맵징거통다리세트
7	66	155	KFC 수유역점 내 메뉴를 찾아보세요
7	132	36	10,300원
7	151	114	신메뉴_
7	151	251	신메뉴 번들팩
7	151	449	스페셜팩
7	151	597	치킨_
7	151	712	켄치밥
7	151	838	버거 박스
7	152	36	칰폴레맵징거통다리+프렌치프라이M+콜라M
7	182	51	2 / 2
7	248	363	KFC 수유역점
7	253	36	칰폴레맵징거통다리
7	298	404	4.6(2,971)
7	307	36	7,700원
7	365	36	육즙 가득 통다리살 필렛에 풍미 가득 매콤한 치폴레 소스를 듬뿍, 칰폴레 맵징거 통다리
7	503	42	신메뉴 번들팩
7	585	36	맵징거타워더블팩
7	639	36	20,900원
7	697	36	칰폴레맵징거타워+징거+오리지널통다리2조각+코울슬로+프렌치프라이M+콜라M
7	805	36	맵징거더블박스
7	859	36	17,900원
7	917	36	칰폴레맵징거통다리+징거+핫크리스피통다리+에그타르트+콜라M
7	965	63	100% (1개)
7	1039	36	맵징거싱글박스
7	1093	36	15,900원
7	1151	36	칰폴레맵징거통다리+핫크리스피통다리+텐더2조각+프렌치프라이M+콜라M
7	1223	63	리뷰 (2)
7	1327	42	스페셜팩
7	1409	36	꿀조합파티팩
7	1441	121	지금 와우 가입하면 배달비 0원 + 25,000원 쿠폰
7	1458	781	가입하기
7	1463	36	36,900원
7	1521	36	치즈징거통다리+징거2+트위스터+핫크리스피통다리3+텐더4+코울슬로+버터비스켓+딸기잼+콜라M3
7	1556	24	배달비 0원 적용 중
7	1599	63	100% (9개)
7	1599	149	ㆍ
7	1599	193	리뷰 (2)
8	0	0	트러플치르르통다리8조각
8	66	155	KFC 수유역점 내 메뉴를 찾아보세요
8	91	36	맵징거타워더블팩
8	145	36	20,900원
8	151	114	신메뉴 번들팩
8	151	312	스페셜팩
8	151	460	치킨_
8	151	575	켄치밥
8	151	701	버거 박스
8	151	855	버거 세트
8	182	51	1 / 2
8	203	36	칰폴레맵징거타워+징거+오리지널통다리2조각+코울슬로+프렌치프라이M+콜라M
8	248	363	KFC 수유역점
8	298	404	4.6(2,971)
8	311	36	맵징거더블박스
8	365	36	17,900원
8	423	36	칰폴레맵징거통다리+징거+핫크리스피통다리+에그타르트+콜라M
8	471	63	100% (1개)
8	545	36	맵징거싱글박스
8	599	36	15,900원
8	657	36	칰폴레맵징거통다리+핫크리스피통다리+텐더2조각+프렌치프라이M+콜라M
8	729	63	리뷰 (2)
8	833	42	스페셜팩
8	915	36	꿀조합파티팩
8	969	36	36,900원
8	1027	36	치즈징거통다리+징거2+트위스터+핫크리스피통다리3+텐더4+코울슬로+버터비스켓+딸기잼+콜라M3
8	1105	63	100% (9개)
8	1105	149	ㆍ
8	1105	193	리뷰 (2)
8	1179	36	갓양념켄치밥징거팩
8	1233	36	20,300원
8	1291	36	갓양념켄치밥+징거+핫크리스피통다리2+텐더4조각+코울슬로+콜라M2
8	1339	63	93% (15개)
8	1339	149	ㆍ
8	1339	193	리뷰 (10)
8	1441	121	지금 와우 가입하면 배달비 0원 + 25,000원 쿠폰
8	1443	42	치킨_
8	1458	781	가입하기
8	1525	36	트러플치르르통다리8조각
8	1556	24	배달비 0원 적용 중
8	1579	36	29,800원
9	0	0	100% (7개)
9	0	0	ㆍ
9	0	0	리뷰 (2)
9	49	36	맵징거싱글박스
9	66	155	KFC 수유역점 내 메뉴를 찾아보세요
9	132	36	15,900원
9	151	114	신메뉴 번들팩
9	151	312	스페셜팩
9	151	460	치킨_
9	151	575	켄치밥
9	151	701	버거 박스
9	151	855	버거 세트
9	161	36	칰폴레맵징거통다리+핫크리스피통다리+텐더2조각+프렌치프라이M+콜라M
9	182	51	2 / 2
9	233	63	리뷰 (2)
9	248	363	KFC 수유역점
9	298	404	4.6(2,971)
9	337	42	스페셜팩
9	419	36	꿀조합파티팩
9	473	36	36,900원
9	531	36	치즈징거통다리+징거2+트위스터+핫크리스피통다리3+텐더4+코울슬로+버터비스켓+딸기잼+콜라M3
9	609	63	100% (9개)
9	609	149	ㆍ
9	609	193	리뷰 (2)
9	683	36	갓양념켄치밥징거팩
9	737	36	20,300원
9	795	36	갓양념켄치밥+징거+핫크리스피통다리2+텐더4조각+코울슬로+콜라M2
9	843	63	93% (15개)
9	843	149	ㆍ
9	843	193	리뷰 (10)
9	947	42	치킨_
9	1029	36	트러플치르르통다리8조각
9	1083	36	29,800원
9	1141	36	트러플치르르통다리8조각
9	1242	36	트러플치르르통다리5조각
9	1296	36	19,600원
9	1354	36	트러플치르르통다리5조각
9	1402	63	리뷰 (1)
9	1441	121	지금 와우 가입하면 배달비 0원 + 25,000원 쿠폰
9	1458	781	가입하기
9	1476	36	트러플치르르통다리3조각
9	1530	36	11,900원
9	1556	24	배달비 0원 적용 중
9	1588	36	트러플치르르통다리3조각
10	0	0	100% (6개)
10	0	0	꿀조합파티팩
10	43	36	치즈징거통다리+징거2+트위스터+핫크리스피통다리3+텐더4+코울슬로+버터비스켓+딸기잼+콜라M3
10	66	155	KFC 수유역점 내 메뉴를 찾아보세요
10	121	63	100% (9개)
10	121	149	ㆍ
10	121	193	리뷰 (2)
10	151	114	스페셜팩
10	151	262	치킨_
10	151	377	켄치밥
10	151	503	버거 박스
10	151	657	버거 세트
10	151	811	버거 단품
10	182	51	1 / 2
10	195	36	갓양념켄치밥징거팩
10	248	363	KFC 수유역점
10	249	36	20,300원
10	298	404	4.6(2,971)
10	307	36	갓양념켄치밥+징거+핫크리스피통다리2+텐더4조각+코울슬로+콜라M2
10	355	63	93% (15개)
10	355	149	ㆍ
10	355	193	리뷰 (10)
10	459	42	치킨_
10	541	36	트러플치르르통다리8조각
10	595	36	29,800원
10	653	36	트러플치르르통다리8조각
10	754	36	트러플치르르통다리5조각
10	808	36	19,600원
10	866	36	트러플치르르통다리5조각
10	914	63	리뷰 (1)
10	988	36	트러플치르르통다리3조각
10	1042	36	11,900원
10	1100	36	트러플치르르통다리3조각
10	1148	63	100% (7개)
10	1148	149	ㆍ
10	1148	193	리뷰 (2)
10	1222	36	트러플치르르통다리1조각
10	1276	36	4,000원
10	1334	36	네 가지 치즈와 트러플로 풍미 가득한, 매콤달콤 트러플치르르 통다리 [치킨나이트1+1제외] [순살 치킨]
10	1412	63	100% (6개)
10	1412	149	ㆍ
10	1412	193	리뷰 (2)
10	1441	121	지금 와우 가입하면 배달비 0원 + 25,000원 쿠폰
10	1458	781	가입하기
10	1486	36	갓양념통다리8조각
10	1540	36	29,800원
10	1556	24	배달비 0원 적용 중
10	1598	36	갓양념통다리8조각
11	0	0	100% (28개)
11	0	0	ㆍ
11	0	0	리뷰 (11)
11	52	36	트러플치르르통다리8조각
11	66	155	KFC 수유역점 내 메뉴를 찾아보세요
11	132	36	29,800원
11	151	114	치킨_
11	151	229	켄치밥
11	151	355	버거 박스
11	151	509	버거 세트
11	151	663	버거 단품
11	151	817	스낵&사이드
11	164	36	트러플치르르통다리8조각
11	182	51	2 / 2
11	248	363	KFC 수유역점
11	265	36	트러플치르르통다리5조각
11	298	404	4.6(2,971)
11	319	36	19,600원
11	377	36	트러플치르르통다리5조각
11	425	63	리뷰 (1)
11	499	36	트러플치르르통다리3조각
11	553	36	11,900원
11	611	36	트러플치르르통다리3조각
11	659	63	100% (7개)
11	659	149	ㆍ
11	659	193	리뷰 (2)
11	733	36	트러플치르르통다리1조각
11	787	36	4,000원
11	845	36	네 가지 치즈와 트러플로 풍미 가득한, 매콤달콤 트러플치르르 통다리 [치킨나이트1+1제외] [순살 치킨]
11	923	63	100% (6개)
11	923	149	ㆍ
11	923	193	리뷰 (2)
11	997	36	갓양념통다리8조각
11	1051	36	29,800원
11	1109	36	갓양념통다리8조각
11	1157	63	100% (6개)
11	1231	36	갓양념통다리5조각
11	1285	36	19,600원
11	1343	36	갓양념통다리5조각
11	1391	63	83% (6개)
11	1391	139	ㆍ
11	1391	183	리뷰 (1)
11	1441	121	지금 와우 가입하면 배달비 0원 + 25,000원 쿠폰
11	1458	781	가입하기
11	1465	36	갓양념통다리3조각
11	1519	36	11,900원
11	1556	24	배달비 0원 적용 중
11	1577	36	갓양념통다리3조각
12	12	36	트러플치르르통다리3조각
12	66	155	KFC 수유역점 내 메뉴를 찾아보세요
12	124	36	트러플치르르통다리3조각
12	151	114	치킨_
12	151	229	켄치밥
12	151	355	버거 박스
12	151	509	버거 세트
12	151	663	버거 단품
12	151	817	스낵&사이드
12	172	63	100% (7개)
12	172	149	ㆍ
12	172	193	리뷰 (2)
12	182	51	1 / 2
12	246	36	트러플치르르통다리1조각
12	248	363	KFC 수유역점
12	298	404	4.6(2,971)
12	300	36	4,000원
12	358	36	네 가지 치즈와 트러플로 풍미 가득한, 매콤달콤 트러플치르르 통다리 [치킨나이트1+1제외] [순살 치킨]
12	436	63	100% (6개)
12	436	149	ㆍ
12	436	193	리뷰 (2)
12	510	36	갓양념통다리8조각
12	564	36	29,800원
12	622	36	갓양념통다리8조각
12	670	63	100% (6개)
12	744	36	갓양념통다리5조각
12	798	36	19,600원
12	856	36	갓양념통다리5조각
12	904	63	83% (6개)
12	904	139	ㆍ
12	904	183	리뷰 (1)
12	978	36	갓양념통다리3조각
12	1032	36	11,900원
12	1090	36	갓양념통다리3조각
12	1138	63	100% (28개)
12	1138	159	ㆍ
12	1138	203	리뷰 (11)
12	1212	36	갓양념통다리1조각
12	1266	36	4,000원
12	1324	63	92% (26개)
12	1324	149	ㆍ
12	1324	193	리뷰 (9)
12	1425	36	오리지널통다리8조각
12	1441	121	지금 와우 가입하면 배달비 0원 + 25,000원 쿠폰
12	1458	781	가입하기
12	1479	36	29,000원
12	1537	36	오리지널통다리8조각
12	1556	24	배달비 0원 적용 중
12	1585	63	75% (4개)
12	1585	139	ㆍ
12	1585	183	리뷰 (4)
13	21	36	갓양념통다리8조각
13	66	155	KFC 수유역점 내 메뉴를 찾아보세요
13	133	36	갓양념통다리8조각
13	151	114	치킨_
13	151	229	켄치밥
13	151	355	버거 박스
13	151	509	버거 세트
13	151	663	버거 단품
13	151	817	스낵&사이드
13	181	63	100% (6개)
13	182	51	2 / 2
13	248	363	KFC 수유역점
13	255	36	갓양념통다리5조각
13	298	404	4.6(2,971)
13	309	36	19,600원
13	367	36	갓양념통다리5조각
13	415	63	83% (6개)
13	415	139	ㆍ
13	415	183	리뷰 (1)
13	489	36	갓양념통다리3조각
13	543	36	11,900원
13	601	36	갓양념통다리3조각
13	649	63	100% (28개)
13	649	159	ㆍ
13	649	203	리뷰 (11)
13	723	36	갓양념통다리1조각
13	777	36	4,000원
13	835	63	92% (26개)
13	835	149	ㆍ
13	835	193	리뷰 (9)
13	936	36	오리지널통다리8조각
13	990	36	29,000원
13	1048	36	오리지널통다리8조각
13	1096	63	75% (4개)
13	1096	139	ㆍ
13	1096	183	리뷰 (4)
13	1170	36	오리지널통다리5조각
13	1224	36	19,100원
13	1282	36	오리지널통다리5조각
13	1330	63	리뷰 (2)
13	1404	36	오리지널통다리3조각
13	1441	121	지금 와우 가입하면 배달비 0원 + 25,000원 쿠폰
13	1458	36	11,600원
13	1458	781	가입하기
13	1516	36	오리지널통다리3조각
13	1556	24	배달비 0원 적용 중
13	1564	63	100% (3개)
13	1564	149	ㆍ
13	1564	193	리뷰 (2)
14	0	36	갓양념통다리3조각
14	66	155	KFC 수유역점 내 메뉴를 찾아보세요
14	112	36	갓양념통다리3조각
14	151	114	치킨_
14	151	229	켄치밥
14	151	355	버거 박스
14	151	509	버거 세트
14	151	663	버거 단품
14	151	817	스낵&사이드
14	160	63	100% (28개)
14	160	159	ㆍ
14	160	203	리뷰 (11)
14	182	51	1 / 2
14	234	36	갓양념통다리1조각
14	248	363	KFC 수유역점
14	288	36	4,000원
14	298	404	4.6(2,971)
14	346	63	92% (26개)
14	346	149	ㆍ
14	346	193	리뷰 (9)
14	447	36	오리지널통다리8조각
14	501	36	29,000원
14	559	36	오리지널통다리8조각
14	607	63	75% (4개)
14	607	139	ㆍ
14	607	183	리뷰 (4)
14	681	36	오리지널통다리5조각
14	735	36	19,100원
14	793	36	오리지널통다리5조각
14	841	63	리뷰 (2)
14	915	36	오리지널통다리3조각
14	969	36	11,600원
14	1027	36	오리지널통다리3조각
14	1075	63	100% (3개)
14	1075	149	ㆍ
14	1075	193	리뷰 (2)
14	1149	36	오리지널통다리1조각
14	1203	36	3,900원
14	1261	36	순살로 편하게, 오리지널의 촉촉함은 그대로, 오리지널 통다리 [치킨나이트1+1제외] [순살 치킨]
14	1339	63	93% (15개)
14	1339	149	ㆍ
14	1339	193	리뷰 (6)
14	1413	36	핫크리스피통다리8조각
14	1441	121	지금 와우 가입하면 배달비 0원 + 25,000원 쿠폰
14	1458	781	가입하기
14	1467	36	28,200원
14	1525	36	핫크리스피통다리8조각
14	1556	24	배달비 0원 적용 중
14	1573	63	100% (16개)
14	1573	159	ㆍ
14	1573	203	리뷰 (4)
15	0	36	오리지널통다리8조각
15	66	155	KFC 수유역점 내 메뉴를 찾아보세요
15	75	36	오리지널통다리8조각
15	123	63	75% (4개)
15	123	139	ㆍ
15	123	183	리뷰 (4)
15	151	114	치킨_
15	151	229	켄치밥
15	151	355	버거 박스
15	151	509	버거 세트
15	151	663	버거 단품
15	151	817	스낵&사이드
15	182	51	2 / 2
15	197	36	오리지널통다리5조각
15	248	363	KFC 수유역점
15	251	36	19,100원
15	298	404	4.6(2,971)
15	309	36	오리지널통다리5조각
15	357	63	리뷰 (2)
15	431	36	오리지널통다리3조각
15	485	36	11,600원
15	543	36	오리지널통다리3조각
15	591	63	100% (3개)
15	591	149	ㆍ
15	591	193	리뷰 (2)
15	665	36	오리지널통다리1조각
15	719	36	3,900원
15	777	36	순살로 편하게, 오리지널의 촉촉함은 그대로, 오리지널 통다리 [치킨나이트1+1제외] [순살 치킨]
15	855	63	93% (15개)
15	855	149	ㆍ
15	855	193	리뷰 (6)
15	929	36	핫크리스피통다리8조각
15	983	36	28,200원
15	1041	36	핫크리스피통다리8조각
15	1089	63	100% (16개)
15	1089	159	ㆍ
15	1089	203	리뷰 (4)
15	1163	36	핫크리스피통다리5조각
15	1217	36	18,600원
15	1275	36	핫크리스피통다리5조각
15	1323	63	94% (16개)
15	1323	149	ㆍ
15	1323	193	리뷰 (11)
15	1397	36	핫크리스피통다리3조각
15	1441	121	지금 와우 가입하면 배달비 0원 + 25,000원 쿠폰
15	1451	36	11,300원
15	1458	781	가입하기
15	1509	36	핫크리스피통다리3조각
15	1556	24	배달비 0원 적용 중
15	1557	63	95% (42개)
15	1557	149	ㆍ
15	1557	193	리뷰 (18)
16	0	0	오리지널통다리3조각
16	55	36	오리지널통다리3조각
16	66	155	KFC 수유역점 내 메뉴를 찾아보세요
16	103	63	100% (3개)
16	103	149	ㆍ
16	103	193	리뷰 (2)
16	151	114	치킨_
16	151	229	켄치밥
16	151	355	버거 박스
16	151	509	버거 세트
16	151	663	버거 단품
16	151	817	스낵&사이드
16	177	36	오리지널통다리1조각
16	182	51	1 / 2
16	231	36	3,900원
16	248	363	KFC 수유역점
16	289	36	순살로 편하게, 오리지널의 촉촉함은 그대로, 오리지널 통다리 [치킨나이트1+1제외] [순살 치킨]
16	298	404	4.6(2,971)
16	367	63	93% (15개)
16	367	149	ㆍ
16	367	193	리뷰 (6)
16	441	36	핫크리스피통다리8조각
16	495	36	28,200원
16	553	36	핫크리스피통다리8조각
16	601	63	100% (16개)
16	601	159	ㆍ
16	601	203	리뷰 (4)
16	675	36	핫크리스피통다리5조각
16	729	36	18,600원
16	787	36	핫크리스피통다리5조각
16	835	63	94% (16개)
16	835	149	ㆍ
16	835	193	리뷰 (11)
16	909	36	핫크리스피통다리3조각
16	963	36	11,300원
16	1021	36	핫크리스피통다리3조각
16	1069	63	95% (42개)
16	1069	149	ㆍ
16	1069	193	리뷰 (18)
16	1143	36	핫크리스피통다리1조각
16	1197	36	3,800원
16	1255	36	매콤하고 바삭한 핫크리스피를 부드러운 통다리 순살로, 핫크리스피 통다리 [치킨나이트1+1제외] [순살 치킨]
16	1333	63	94% (47개)
16	1333	149	ㆍ
16	1333	193	리뷰 (34)
16	1407	36	텐더4조각
16	1441	121	지금 와우 가입하면 배달비 0원 + 25,000원 쿠폰
16	1458	781	가입하기
16	1461	36	6,900원
16	1519	36	텐더4조각
16	1556	24	배달비 0원 적용 중
16	1567	63	94% (34개)
16	1567	149	ㆍ
16	1567	193	리뷰 (9)
17	0	0	100% (2개)
17	0	0	툼켄치밥+코울슬로+콜라M
17	0	0	핫크리스피통다리8조각
17	64	36	핫크리스피통다리8조각
17	66	155	KFC 수유역점 내 메뉴를 찾아보세요
17	112	63	100% (16개)
17	112	159	ㆍ
17	112	203	리뷰 (4)
17	151	114	치킨_
17	151	229	켄치밥
17	151	355	버거 박스
17	151	509	버거 세트
17	151	663	버거 단품
17	151	817	스낵&사이드
17	182	51	2 / 2
17	186	36	핫크리스피통다리5조각
17	240	36	18,600원
17	248	363	KFC 수유역점
17	298	36	핫크리스피통다리5조각
17	298	404	4.6(2,971)
17	346	63	94% (16개)
17	346	149	ㆍ
17	346	193	리뷰 (11)
17	420	36	핫크리스피통다리3조각
17	474	36	11,300원
17	532	36	핫크리스피통다리3조각
17	580	63	95% (42개)
17	580	149	ㆍ
17	580	193	리뷰 (18)
17	654	36	핫크리스피통다리1조각
17	708	36	3,800원
17	766	36	매콤하고 바삭한 핫크리스피를 부드러운 통다리 순살로, 핫크리스피 통다리 [치킨나이트1+1제외] [순살 치킨]
17	844	63	94% (47개)
17	844	149	ㆍ
17	844	193	리뷰 (34)
17	918	36	텐더4조각
17	972	36	6,900원
17	1030	36	텐더4조각
17	1078	63	94% (34개)
17	1078	149	ㆍ
17	1078	193	리뷰 (9)
17	1152	36	텐더2조각
17	1206	36	3,700원
17	1264	36	부드러운 안심살로 만든 바삭한 핸드브레딩 치킨 텐더
17	1312	63	100% (21개)
17	1312	159	ㆍ
17	1312	203	리뷰 (15)
17	1416	42	켄치밥
17	1441	121	지금 와우 가입하면 배달비 0원 + 25,000원 쿠폰
17	1458	781	가입하기
17	1498	36	툼켄치밥세트
17	1552	36	9,200원
17	1556	24	배달비 0원 적용 중
18	0	0	100% (4개)
18	0	0	ㆍ
18	0	0	리뷰 (2)
18	0	0	핫크리스피통다리3조각
18	39	36	핫크리스피통다리3조각
18	66	155	KFC 수유역점 내 메뉴를 찾아보세요
18	87	63	95% (42개)
18	87	149	ㆍ
18	87	193	리뷰 (18)
18	151	114	치킨_
18	151	229	켄치밥
18	151	355	버거 박스
18	151	509	버거 세트
18	151	663	버거 단품
18	151	817	스낵&사이드
18	161	36	핫크리스피통다리1조각
18	182	51	1 / 2
18	215	36	3,800원
18	248	363	KFC 수유역점
18	273	36	매콤하고 바삭한 핫크리스피를 부드러운 통다리 순살로, 핫크리스피 통다리 [치킨나이트1+1제외] [순살 치킨]
18	298	404	4.6(2,971)
18	351	63	94% (47개)
18	351	149	ㆍ
18	351	193	리뷰 (34)
18	425	36	텐더4조각
18	479	36	6,900원
18	537	36	텐더4조각
18	585	63	94% (34개)
18	585	149	ㆍ
18	585	193	리뷰 (9)
18	659	36	텐더2조각
18	713	36	3,700원
18	771	36	부드러운 안심살로 만든 바삭한 핸드브레딩 치킨 텐더
18	819	63	100% (21개)
18	819	159	ㆍ
18	819	203	리뷰 (15)
18	923	42	켄치밥
18	1005	36	툼켄치밥세트
18	1059	36	9,200원
18	1117	36	툼켄치밥+코울슬로+콜라M
18	1165	63	100% (2개)
18	1239	36	툼켄치밥콤보
18	1293	36	8,200원
18	1351	36	툼켄치밥+콜라M
18	1399	63	100% (6개)
18	1399	149	ㆍ
18	1399	193	리뷰 (3)
18	1441	121	지금 와우 가입하면 배달비 0원 + 25,000원 쿠폰
18	1458	781	가입하기
18	1473	36	툼켄치밥
18	1527	36	6,800원
18	1556	24	배달비 0원 적용 중
18	1585	36	버터갈릭라이스에 매콤 크리미한 툼소스와 바삭한 텐더를 올린 툼켄치밥
19	0	0	100% (3개)
19	0	0	ㆍ
19	0	0	리뷰 (1)
19	0	0	텐더4조각
19	48	36	텐더4조각
19	66	155	KFC 수유역점 내 메뉴를 찾아보세요
19	96	63	94% (34개)
19	96	149	ㆍ
19	96	193	리뷰 (9)
19	151	114	치킨_
19	151	229	켄치밥
19	151	355	버거 박스
19	151	509	버거 세트
19	151	663	버거 단품
19	151	817	스낵&사이드
19	170	36	텐더2조각
19	182	51	2 / 2
19	224	36	3,700원
19	248	363	KFC 수유역점
19	282	36	부드러운 안심살로 만든 바삭한 핸드브레딩 치킨 텐더
19	298	404	4.6(2,971)
19	330	63	100% (21개)
19	330	159	ㆍ
19	330	203	리뷰 (15)
19	434	42	켄치밥
19	516	36	툼켄치밥세트
19	570	36	9,200원
19	628	36	툼켄치밥+코울슬로+콜라M
19	676	63	100% (2개)
19	750	36	툼켄치밥콤보
19	804	36	8,200원
19	862	36	툼켄치밥+콜라M
19	910	63	100% (6개)
19	910	149	ㆍ
19	910	193	리뷰 (3)
19	984	36	툼켄치밥
19	1038	36	6,800원
19	1096	36	버터갈릭라이스에 매콤 크리미한 툼소스와 바삭한 텐더를 올린 툼켄치밥
19	1144	63	100% (4개)
19	1144	149	ㆍ
19	1144	193	리뷰 (2)
19	1218	36	갓양념켄치밥세트
19	1272	36	8,200원
19	1330	36	갓양념켄치밥+콜라(M)+코울슬로
19	1378	63	100% (3개)
19	1378	149	ㆍ
19	1378	193	리뷰 (2)
19	1441	121	지금 와우 가입하면 배달비 0원 + 25,000원 쿠폰
19	1452	36	갓양념켄치밥콤보
19	1458	781	가입하기
19	1506	36	7,200원
19	1556	24	배달비 0원 적용 중
19	1564	36	갓양념켄치밥+콜라(M)
20	0	0	93% (44개)
20	0	0	ㆍ
20	0	0	리뷰 (18)
20	0	0	치즈징거통다리+핫크리스피통다리+프렌치프라이(M)+콜라(M)
20	23	36	툼켄치밥세트
20	66	155	KFC 수유역점 내 메뉴를 찾아보세요
20	135	36	툼켄치밥+코울슬로+콜라M
20	151	114	켄치밥
20	151	240	버거 박스
20	151	394	버거 세트
20	151	548	버거 단품
20	151	702	스낵&사이드
20	151	887	소스
20	182	51	1 / 2
20	183	63	100% (2개)
20	248	363	KFC 수유역점
20	257	36	툼켄치밥콤보
20	298	404	4.6(2,971)
20	311	36	8,200원
20	369	36	툼켄치밥+콜라M
20	417	63	100% (6개)
20	417	149	ㆍ
20	417	193	리뷰 (3)
20	491	36	툼켄치밥
20	545	36	6,800원
20	603	36	버터갈릭라이스에 매콤 크리미한 툼소스와 바삭한 텐더를 올린 툼켄치밥
20	651	63	100% (4개)
20	651	149	ㆍ
20	651	193	리뷰 (2)
20	725	36	갓양념켄치밥세트
20	779	36	8,200원
20	837	36	갓양념켄치밥+콜라(M)+코울슬로
20	885	63	100% (3개)
20	885	149	ㆍ
20	885	193	리뷰 (2)
20	959	36	갓양념켄치밥콤보
20	1013	36	7,200원
20	1071	36	갓양념켄치밥+콜라(M)
20	1119	63	100% (3개)
20	1119	149	ㆍ
20	1119	193	리뷰 (1)
20	1193	36	갓양념켄치밥
20	1247	36	5,800원
20	1305	36	버터갈릭라이스 위에 바삭한 텐더, 매콤달콤 갓양념 소스를 올린 갓양념켄치밥
20	1383	63	100% (9개)
20	1383	149	ㆍ
20	1383	193	리뷰 (7)
20	1441	121	지금 와우 가입하면 배달비 0원 + 25,000원 쿠폰
20	1458	781	가입하기
20	1487	42	버거 박스
20	1556	24	배달비 0원 적용 중
20	1569	36	치즈징거통다리박스
21	0	0	97% (114개)
21	0	0	ㆍ
21	0	0	리뷰 (36)
21	0	0	징거타워+핫크리스피통다리+프렌치프라이(M)+콜라(M)
21	4	36	툼켄치밥
21	66	155	KFC 수유역점 내 메뉴를 찾아보세요
21	116	36	버터갈릭라이스에 매콤 크리미한 툼소스와 바삭한 텐더를 올린 툼켄치밥
21	151	114	켄치밥
21	151	240	버거 박스
21	151	394	버거 세트
21	151	548	버거 단품
21	151	702	스낵&사이드
21	151	887	소스
21	164	63	100% (4개)
21	164	149	ㆍ
21	164	193	리뷰 (2)
21	182	51	2 / 2
21	238	36	갓양념켄치밥세트
21	248	363	KFC 수유역점
21	292	36	8,200원
21	298	404	4.6(2,971)
21	350	36	갓양념켄치밥+콜라(M)+코울슬로
21	398	63	100% (3개)
21	398	149	ㆍ
21	398	193	리뷰 (2)
21	472	36	갓양념켄치밥콤보
21	526	36	7,200원
21	584	36	갓양념켄치밥+콜라(M)
21	632	63	100% (3개)
21	632	149	ㆍ
21	632	193	리뷰 (1)
21	706	36	갓양념켄치밥
21	760	36	5,800원
21	818	36	버터갈릭라이스 위에 바삭한 텐더, 매콤달콤 갓양념 소스를 올린 갓양념켄치밥
21	896	63	100% (9개)
21	896	149	ㆍ
21	896	193	리뷰 (7)
21	1000	42	버거 박스
21	1082	36	치즈징거통다리박스
21	1136	36	13,200원
21	1194	36	치즈징거통다리+핫크리스피통다리+프렌치프라이(M)+콜라(M)
21	1242	63	93% (44개)
21	1242	149	ㆍ
21	1242	193	리뷰 (18)
21	1316	36	징거BLT박스
21	1370	36	13,100원
21	1428	36	징거BLT+핫크리스피통다리+프렌치프라이(M)+콜라(M)
21	1441	121	지금 와우 가입하면 배달비 0원 + 25,000원 쿠폰
21	1458	781	가입하기
21	1476	63	100% (25개)
21	1476	159	ㆍ
21	1476	203	리뷰 (7)
21	1551	45	주문많음
21	1551	133	리뷰최고
21	1556	24	배달비 0원 적용 중
21	1577	36	징거타워박스
22	0	0	98% (106개)
22	0	0	ㆍ
22	0	0	리뷰 (46)
22	0	0	징거+핫크리스피통다리+프렌치프라이(M)+콜라(M)
22	0	36	갓양념켄치밥콤보
22	66	155	KFC 수유역점 내 메뉴를 찾아보세요
22	93	36	갓양념켄치밥+콜라(M)
22	141	63	100% (3개)
22	141	149	ㆍ
22	141	193	리뷰 (1)
22	151	114	켄치밥
22	151	240	버거 박스
22	151	394	버거 세트
22	151	548	버거 단품
22	151	702	스낵&사이드
22	151	887	소스
22	182	51	1 / 2
22	215	36	갓양념켄치밥
22	248	363	KFC 수유역점
22	269	36	5,800원
22	298	404	4.6(2,971)
22	327	36	버터갈릭라이스 위에 바삭한 텐더, 매콤달콤 갓양념 소스를 올린 갓양념켄치밥
22	405	63	100% (9개)
22	405	149	ㆍ
22	405	193	리뷰 (7)
22	509	42	버거 박스
22	591	36	치즈징거통다리박스
22	645	36	13,200원
22	703	36	치즈징거통다리+핫크리스피통다리+프렌치프라이(M)+콜라(M)
22	751	63	93% (44개)
22	751	149	ㆍ
22	751	193	리뷰 (18)
22	825	36	징거BLT박스
22	879	36	13,100원
22	937	36	징거BLT+핫크리스피통다리+프렌치프라이(M)+콜라(M)
22	985	63	100% (25개)
22	985	159	ㆍ
22	985	203	리뷰 (7)
22	1060	45	주문많음
22	1060	133	리뷰최고
22	1086	36	징거타워박스
22	1140	36	12,900원
22	1198	36	징거타워+핫크리스피통다리+프렌치프라이(M)+콜라(M)
22	1246	63	97% (114개)
22	1246	159	ㆍ
22	1246	203	리뷰 (36)
22	1320	36	클래식징거통다리박스
22	1374	36	12,500원
22	1432	36	클래식징거통다리+핫크리스피통다리+프렌치프라이(M)+콜라(M)
22	1441	121	지금 와우 가입하면 배달비 0원 + 25,000원 쿠폰
22	1458	781	가입하기
22	1480	63	94% (16개)
22	1480	149	ㆍ
22	1480	193	리뷰 (10)
22	1555	45	주문많음
22	1556	24	배달비 0원 적용 중
22	1581	36	징거박스
23	0	0	100% (15개)
23	0	0	ㆍ
23	0	0	리뷰 (10)
23	66	155	KFC 수유역점 내 메뉴를 찾아보세요
23	106	36	치즈징거통다리박스
23	151	114	버거 박스
23	151	268	버거 세트
23	151	422	버거 단품
23	151	576	스낵&사이드
23	151	761	소스
23	151	865	음료
23	160	36	13,200원
23	182	51	2 / 2
23	218	36	치즈징거통다리+핫크리스피통다리+프렌치프라이(M)+콜라(M)
23	248	363	KFC 수유역점
23	266	63	93% (44개)
23	266	149	ㆍ
23	266	193	리뷰 (18)
23	298	404	4.6(2,971)
23	340	36	징거BLT박스
23	394	36	13,100원
23	452	36	징거BLT+핫크리스피통다리+프렌치프라이(M)+콜라(M)
23	500	63	100% (25개)
23	500	159	ㆍ
23	500	203	리뷰 (7)
23	575	45	주문많음
23	575	133	리뷰최고
23	601	36	징거타워박스
23	655	36	12,900원
23	713	36	징거타워+핫크리스피통다리+프렌치프라이(M)+콜라(M)
23	761	63	97% (114개)
23	761	159	ㆍ
23	761	203	리뷰 (36)
23	835	36	클래식징거통다리박스
23	889	36	12,500원
23	947	36	클래식징거통다리+핫크리스피통다리+프렌치프라이(M)+콜라(M)
23	995	63	94% (16개)
23	995	149	ㆍ
23	995	193	리뷰 (10)
23	1070	45	주문많음
23	1096	36	징거박스
23	1150	36	11,900원
23	1208	36	징거+핫크리스피통다리+프렌치프라이(M)+콜라(M)
23	1256	63	98% (106개)
23	1256	159	ㆍ
23	1256	203	리뷰 (46)
23	1360	42	버거 세트
23	1441	121	지금 와우 가입하면 배달비 0원 + 25,000원 쿠폰
23	1442	36	치즈징거통다리세트
23	1458	781	가입하기
23	1496	36	10,700원
23	1554	36	치즈징거통다리+프렌치프라이(M)+콜라(M)
23	1556	24	배달비 0원 적용 중
24	66	155	KFC 수유역점 내 메뉴를 찾아보세요
24	85	45	주문많음
24	85	133	리뷰최고
24	111	36	징거타워박스
24	151	114	버거 박스
24	151	268	버거 세트
24	151	422	버거 단품
24	151	576	스낵&사이드
24	151	761	소스
24	151	865	음료
24	165	36	12,900원
24	182	51	1 / 2
24	223	36	징거타워+핫크리스피통다리+프렌치프라이(M)+콜라(M)
24	248	363	KFC 수유역점
24	271	63	97% (114개)
24	271	159	ㆍ
24	271	203	리뷰 (36)
24	298	404	4.6(2,971)
24	345	36	클래식징거통다리박스
24	399	36	12,500원
24	457	36	클래식징거통다리+핫크리스피통다리+프렌치프라이(M)+콜라(M)
24	505	63	94% (16개)
24	505	149	ㆍ
24	505	193	리뷰 (10)
24	580	45	주문많음
24	606	36	징거박스
24	660	36	11,900원
24	718	36	징거+핫크리스피통다리+프렌치프라이(M)+콜라(M)
24	766	63	98% (106개)
24	766	159	ㆍ
24	766	203	리뷰 (46)
24	870	42	버거 세트
24	952	36	치즈징거통다리세트
24	1006	36	10,700원
24	1064	36	치즈징거통다리+프렌치프라이(M)+콜라(M)
24	1112	63	100% (15개)
24	1112	159	ㆍ
24	1112	203	리뷰 (10)
24	1186	36	징거BLT세트
24	1240	36	10,600원
24	1298	36	징거BLT+프렌치프라이(M)+콜라(M)
24	1346	63	89% (9개)
24	1346	139	ㆍ
24	1346	183	리뷰 (5)
24	1420	36	징거타워세트
24	1441	121	지금 와우 가입하면 배달비 0원 + 25,000원 쿠폰
24	1458	781	가입하기
24	1474	36	10,400원
24	1532	36	징거타워+프렌치프라이(M)+콜라(M)
24	1556	24	배달비 0원 적용 중
24	1580	63	100% (16개)
24	1580	159	ㆍ
24	1580	203	리뷰 (8)
25	66	155	KFC 수유역점 내 메뉴를 찾아보세요
25	90	45	주문많음
25	116	36	징거박스
25	151	114	버거 박스
25	151	268	버거 세트
25	151	422	버거 단품
25	151	576	스낵&사이드
25	151	761	소스
25	151	865	음료
25	170	36	11,900원
25	182	51	2 / 2
25	228	36	징거+핫크리스피통다리+프렌치프라이(M)+콜라(M)
25	248	363	KFC 수유역점
25	276	63	98% (106개)
25	276	159	ㆍ
25	276	203	리뷰 (46)
25	298	404	4.6(2,971)
25	380	42	버거 세트
25	462	36	치즈징거통다리세트
25	516	36	10,700원
25	574	36	치즈징거통다리+프렌치프라이(M)+콜라(M)
25	622	63	100% (15개)
25	622	159	ㆍ
25	622	203	리뷰 (10)
25	696	36	징거BLT세트
25	750	36	10,600원
25	808	36	징거BLT+프렌치프라이(M)+콜라(M)
25	856	63	89% (9개)
25	856	139	ㆍ
25	856	183	리뷰 (5)
25	930	36	징거타워세트
25	984	36	10,400원
25	1042	36	징거타워+프렌치프라이(M)+콜라(M)
25	1090	63	100% (16개)
25	1090	159	ㆍ
25	1090	203	리뷰 (8)
25	1164	36	클래식징거통다리세트
25	1218	36	10,000원
25	1276	36	클래식징거통다리+프렌치프라이(M)+콜라(M)
25	1324	63	75% (8개)
25	1324	139	ㆍ
25	1324	183	리뷰 (5)
25	1398	36	징거세트
25	1441	121	지금 와우 가입하면 배달비 0원 + 25,000원 쿠폰
25	1452	36	9,400원
25	1458	781	가입하기
25	1510	36	징거+프렌치프라이(M)+콜라(M)
25	1556	24	배달비 0원 적용 중
25	1558	63	95% (20개)
25	1558	149	ㆍ
25	1558	193	리뷰 (12)
26	0	0	100% (10개)
26	0	0	ㆍ
26	0	0	리뷰 (5)
26	0	36	치즈징거통다리세트
26	66	155	KFC 수유역점 내 메뉴를 찾아보세요
26	83	36	치즈징거통다리+프렌치프라이(M)+콜라(M)
26	131	63	100% (15개)
26	131	159	ㆍ
26	131	203	리뷰 (10)
26	151	114	버거 세트
26	151	268	버거 단품
26	151	422	스낵&사이드
26	151	607	소스
26	151	711	음료
26	151	815	기타음료
26	182	51	1 / 2
26	205	36	징거BLT세트
26	248	363	KFC 수유역점
26	259	36	10,600원
26	298	404	4.6(2,971)
26	317	36	징거BLT+프렌치프라이(M)+콜라(M)
26	365	63	89% (9개)
26	365	139	ㆍ
26	365	183	리뷰 (5)
26	439	36	징거타워세트
26	493	36	10,400원
26	551	36	징거타워+프렌치프라이(M)+콜라(M)
26	599	63	100% (16개)
26	599	159	ㆍ
26	599	203	리뷰 (8)
26	673	36	클래식징거통다리세트
26	727	36	10,000원
26	785	36	클래식징거통다리+프렌치프라이(M)+콜라(M)
26	833	63	75% (8개)
26	833	139	ㆍ
26	833	183	리뷰 (5)
26	907	36	징거세트
26	961	36	9,400원
26	1019	36	징거+프렌치프라이(M)+콜라(M)
26	1067	63	95% (20개)
26	1067	149	ㆍ
26	1067	193	리뷰 (12)
26	1141	36	트위스터세트
26	1195	36	7,700원
26	1253	36	트위스터+프렌치프라이(M)+콜라(M)
26	1301	63	100% (53개)
26	1301	159	ㆍ
26	1301	203	리뷰 (17)
26	1405	42	버거 단품
26	1441	121	지금 와우 가입하면 배달비 0원 + 25,000원 쿠폰
26	1458	781	가입하기
26	1487	36	치즈징거통다리
26	1541	36	8,100원
26	1556	24	배달비 0원 적용 중
26	1599	36	바삭한 통다리살 필렛에 진한 치즈 풍미를 더한 치즈징거통다리
27	0	0	100% (21개)
27	0	0	ㆍ
27	0	0	두툼한 닭가슴살 필렛에 해시브라운과 치즈를 더한 푸짐한 징거타워
27	0	0	리뷰 (6)
27	0	0	징거타워세트
27	65	36	징거타워+프렌치프라이(M)+콜라(M)
27	66	155	KFC 수유역점 내 메뉴를 찾아보세요
27	113	63	100% (16개)
27	113	159	ㆍ
27	113	203	리뷰 (8)
27	151	114	버거 세트
27	151	268	버거 단품
27	151	422	스낵&사이드
27	151	607	소스
27	151	711	음료
27	151	815	기타음료
27	182	51	2 / 2
27	187	36	클래식징거통다리세트
27	241	36	10,000원
27	248	363	KFC 수유역점
27	298	404	4.6(2,971)
27	299	36	클래식징거통다리+프렌치프라이(M)+콜라(M)
27	347	63	75% (8개)
27	347	139	ㆍ
27	347	183	리뷰 (5)
27	421	36	징거세트
27	475	36	9,400원
27	533	36	징거+프렌치프라이(M)+콜라(M)
27	581	63	95% (20개)
27	581	149	ㆍ
27	581	193	리뷰 (12)
27	655	36	트위스터세트
27	709	36	7,700원
27	767	36	트위스터+프렌치프라이(M)+콜라(M)
27	815	63	100% (53개)
27	815	159	ㆍ
27	815	203	리뷰 (17)
27	919	42	버거 단품
27	1001	36	치즈징거통다리
27	1055	36	8,100원
27	1113	36	바삭한 통다리살 필렛에 진한 치즈 풍미를 더한 치즈징거통다리
27	1161	63	100% (10개)
27	1161	159	ㆍ
27	1161	203	리뷰 (5)
27	1235	36	징거BLT
27	1289	36	8,000원
27	1347	36	KFC 대표 메뉴 징거에 치즈와 바삭한 베이컨을 더해 더욱 풍성해진 징거BLT
27	1419	63	100% (15개)
27	1419	159	ㆍ
27	1419	203	리뷰 (6)
27	1441	121	지금 와우 가입하면 배달비 0원 + 25,000원 쿠폰
27	1458	781	가입하기
27	1493	36	징거타워
27	1547	36	7,800원
27	1556	24	배달비 0원 적용 중
28	0	0	97% (31개)
28	0	0	ㆍ
28	0	0	두툼한 닭가슴살 필렛과 진한 마요드레싱의 조화로 즐기는 KFC 대표 메뉴 징거
28	0	0	리뷰 (18)
28	0	0	징거세트
28	43	36	징거+프렌치프라이(M)+콜라(M)
28	66	155	KFC 수유역점 내 메뉴를 찾아보세요
28	91	63	95% (20개)
28	91	149	ㆍ
28	91	193	리뷰 (12)
28	151	114	버거 세트
28	151	268	버거 단품
28	151	422	스낵&사이드
28	151	607	소스
28	151	711	음료
28	151	815	기타음료
28	165	36	트위스터세트
28	182	51	1 / 2
28	219	36	7,700원
28	248	363	KFC 수유역점
28	277	36	트위스터+프렌치프라이(M)+콜라(M)
28	298	404	4.6(2,971)
28	325	63	100% (53개)
28	325	159	ㆍ
28	325	203	리뷰 (17)
28	429	42	버거 단품
28	511	36	치즈징거통다리
28	565	36	8,100원
28	623	36	바삭한 통다리살 필렛에 진한 치즈 풍미를 더한 치즈징거통다리
28	671	63	100% (10개)
28	671	159	ㆍ
28	671	203	리뷰 (5)
28	745	36	징거BLT
28	799	36	8,000원
28	857	36	KFC 대표 메뉴 징거에 치즈와 바삭한 베이컨을 더해 더욱 풍성해진 징거BLT
28	929	63	100% (15개)
28	929	159	ㆍ
28	929	203	리뷰 (6)
28	1003	36	징거타워
28	1057	36	7,800원
28	1115	36	두툼한 닭가슴살 필렛에 해시브라운과 치즈를 더한 푸짐한 징거타워
28	1163	63	100% (21개)
28	1163	159	ㆍ
28	1163	203	리뷰 (6)
28	1237	36	클래식징거통다리
28	1291	36	7,400원
28	1349	36	바삭한 통다리살 필렛과 스모키 머스타드 소스로 깔끔한 풍미를 살린 클래식징거통다리
28	1427	63	100% (17개)
28	1427	159	ㆍ
28	1427	203	리뷰 (1)
28	1441	121	지금 와우 가입하면 배달비 0원 + 25,000원 쿠폰
28	1458	781	가입하기
28	1501	36	징거
28	1555	36	6,800원
28	1556	24	배달비 0원 적용 중
29	25	36	치즈징거통다리
29	66	155	KFC 수유역점 내 메뉴를 찾아보세요
29	137	36	바삭한 통다리살 필렛에 진한 치즈 풍미를 더한 치즈징거통다리
29	151	114	버거 단품
29	151	268	스낵&사이드
29	151	453	소스
29	151	557	음료
29	151	661	기타음료
29	151	809	주류 세트
29	182	51	2 / 2
29	185	63	100% (10개)
29	185	159	ㆍ
29	185	203	리뷰 (5)
29	248	363	KFC 수유역점
29	259	36	징거BLT
29	298	404	4.6(2,971)
29	313	36	8,000원
29	371	36	KFC 대표 메뉴 징거에 치즈와 바삭한 베이컨을 더해 더욱 풍성해진 징거BLT
29	443	63	100% (15개)
29	443	159	ㆍ
29	443	203	리뷰 (6)
29	517	36	징거타워
29	571	36	7,800원
29	629	36	두툼한 닭가슴살 필렛에 해시브라운과 치즈를 더한 푸짐한 징거타워
29	677	63	100% (21개)
29	677	159	ㆍ
29	677	203	리뷰 (6)
29	751	36	클래식징거통다리
29	805	36	7,400원
29	863	36	바삭한 통다리살 필렛과 스모키 머스타드 소스로 깔끔한 풍미를 살린 클래식징거통다리
29	941	63	100% (17개)
29	941	159	ㆍ
29	941	203	리뷰 (1)
29	1015	36	징거
29	1069	36	6,800원
29	1127	36	두툼한 닭가슴살 필렛과 진한 마요드레싱의 조화로 즐기는 KFC 대표 메뉴 징거
29	1205	63	97% (31개)
29	1205	149	ㆍ
29	1205	193	리뷰 (18)
29	1279	36	트위스터
29	1333	36	5,100원
29	1391	36	고소한 블랙페퍼마요와 상큼한 토마토, 바삭한 텐더를 담은 치킨 랩, 트위스터
29	1441	121	지금 와우 가입하면 배달비 0원 + 25,000원 쿠폰
29	1458	781	가입하기
29	1469	63	96% (54개)
29	1469	149	ㆍ
29	1469	193	리뷰 (32)
29	1556	24	배달비 0원 적용 중
29	1573	42	스낵&사이드
30	28	36	징거타워
30	66	155	KFC 수유역점 내 메뉴를 찾아보세요
30	140	36	두툼한 닭가슴살 필렛에 해시브라운과 치즈를 더한 푸짐한 징거타워
30	151	114	버거 단품
30	151	268	스낵&사이드
30	151	453	소스
30	151	557	음료
30	151	661	기타음료
30	151	809	주류 세트
30	182	51	1 / 2
30	188	63	100% (21개)
30	188	159	ㆍ
30	188	203	리뷰 (6)
30	248	363	KFC 수유역점
30	262	36	클래식징거통다리
30	298	404	4.6(2,971)
30	316	36	7,400원
30	374	36	바삭한 통다리살 필렛과 스모키 머스타드 소스로 깔끔한 풍미를 살린 클래식징거통다리
30	452	63	100% (17개)
30	452	159	ㆍ
30	452	203	리뷰 (1)
30	526	36	징거
30	580	36	6,800원
30	638	36	두툼한 닭가슴살 필렛과 진한 마요드레싱의 조화로 즐기는 KFC 대표 메뉴 징거
30	716	63	97% (31개)
30	716	149	ㆍ
30	716	193	리뷰 (18)
30	790	36	트위스터
30	844	36	5,100원
30	902	36	고소한 블랙페퍼마요와 상큼한 토마토, 바삭한 텐더를 담은 치킨 랩, 트위스터
30	980	63	96% (54개)
30	980	149	ㆍ
30	980	193	리뷰 (32)
30	1084	42	스낵&사이드
30	1166	36	매쉬포테이토&그레이비
30	1220	36	3,800원
30	1278	36	부드러운 매쉬포테이토에 진한 그레이비 소스를 더한 매쉬포테이토&그레이비
30	1356	63	96% (27개)
30	1356	149	ㆍ
30	1356	193	리뷰 (13)
30	1430	36	텐더4조각
30	1441	121	지금 와우 가입하면 배달비 0원 + 25,000원 쿠폰
30	1458	781	가입하기
30	1484	36	6,900원
30	1542	36	텐더4조각
30	1556	24	배달비 0원 적용 중
30	1590	63	94% (34개)
30	1590	149	ㆍ
30	1590	193	리뷰 (9)
31	35	36	징거
31	66	155	KFC 수유역점 내 메뉴를 찾아보세요
31	147	36	두툼한 닭가슴살 필렛과 진한 마요드레싱의 조화로 즐기는 KFC 대표 메뉴 징거
31	151	114	버거 단품
31	151	268	스낵&사이드
31	151	453	소스
31	151	557	음료
31	151	661	기타음료
31	151	809	주류 세트
31	182	51	2 / 2
31	225	63	97% (31개)
31	225	149	ㆍ
31	225	193	리뷰 (18)
31	248	363	KFC 수유역점
31	298	404	4.6(2,971)
31	299	36	트위스터
31	353	36	5,100원
31	411	36	고소한 블랙페퍼마요와 상큼한 토마토, 바삭한 텐더를 담은 치킨 랩, 트위스터
31	489	63	96% (54개)
31	489	149	ㆍ
31	489	193	리뷰 (32)
31	593	42	스낵&사이드
31	675	36	매쉬포테이토&그레이비
31	729	36	3,800원
31	787	36	부드러운 매쉬포테이토에 진한 그레이비 소스를 더한 매쉬포테이토&그레이비
31	865	63	96% (27개)
31	865	149	ㆍ
31	865	193	리뷰 (13)
31	939	36	텐더4조각
31	993	36	6,900원
31	1051	36	텐더4조각
31	1099	63	94% (34개)
31	1099	149	ㆍ
31	1099	193	리뷰 (9)
31	1173	36	텐더2조각
31	1227	36	3,700원
31	1285	36	부드러운 안심살로 만든 바삭한 핸드브레딩 치킨 텐더
31	1333	63	100% (21개)
31	1333	159	ㆍ
31	1333	203	리뷰 (15)
31	1407	36	너겟8조각
31	1441	121	지금 와우 가입하면 배달비 0원 + 25,000원 쿠폰
31	1458	781	가입하기
31	1461	36	5,900원
31	1519	36	너겟8조각
31	1556	24	배달비 0원 적용 중
31	1567	63	88% (8개)
31	1567	139	ㆍ
31	1567	183	리뷰 (5)
32	66	155	KFC 수유역점 내 메뉴를 찾아보세요
32	132	42	스낵&사이드
32	151	124	스낵&사이드
32	151	310	소스
32	151	414	음료
32	151	518	기타음료
32	151	666	주류 세트
32	151	820	주류
32	182	36	매쉬포테이토&그레이비
32	182	51	1 / 2
32	236	36	3,800원
32	248	363	KFC 수유역점
32	294	36	부드러운 매쉬포테이토에 진한 그레이비 소스를 더한 매쉬포테이토&그레이비
32	298	404	4.6(2,971)
32	372	63	96% (27개)
32	372	149	ㆍ
32	372	193	리뷰 (13)
32	446	36	텐더4조각
32	500	36	6,900원
32	558	36	텐더4조각
32	606	63	94% (34개)
32	606	149	ㆍ
32	606	193	리뷰 (9)
32	680	36	텐더2조각
32	734	36	3,700원
32	792	36	부드러운 안심살로 만든 바삭한 핸드브레딩 치킨 텐더
32	840	63	100% (21개)
32	840	159	ㆍ
32	840	203	리뷰 (15)
32	914	36	너겟8조각
32	968	36	5,900원
32	1026	36	너겟8조각
32	1074	63	88% (8개)
32	1074	139	ㆍ
32	1074	183	리뷰 (5)
32	1148	36	너겟4조각
32	1202	36	3,200원
32	1260	36	순살 닭고기로 만들어 부드럽고 바삭한 치킨 너겟
32	1308	63	100% (26개)
32	1308	159	ㆍ
32	1308	203	리뷰 (5)
32	1382	36	프렌치프라이(L)
32	1436	36	3,500원
32	1441	121	지금 와우 가입하면 배달비 0원 + 25,000원 쿠폰
32	1458	781	가입하기
32	1494	36	바삭한 식감과 짭짤한 감칠맛으로 어떤 메뉴와도 잘 어울리는 프렌치프라이L
32	1556	24	배달비 0원 적용 중
32	1566	63	100% (28개)
32	1566	159	ㆍ
32	1566	203	리뷰 (12)
33	0	0	95% (55개)
33	0	0	ㆍ
33	0	0	리뷰 (10)
33	0	36	텐더4조각
33	66	155	KFC 수유역점 내 메뉴를 찾아보세요
33	74	36	텐더4조각
33	122	63	94% (34개)
33	122	149	ㆍ
33	122	193	리뷰 (9)
33	151	124	스낵&사이드
33	151	310	소스
33	151	414	음료
33	151	518	기타음료
33	151	666	주류 세트
33	151	820	주류
33	182	51	2 / 2
33	196	36	텐더2조각
33	248	363	KFC 수유역점
33	250	36	3,700원
33	298	404	4.6(2,971)
33	308	36	부드러운 안심살로 만든 바삭한 핸드브레딩 치킨 텐더
33	356	63	100% (21개)
33	356	159	ㆍ
33	356	203	리뷰 (15)
33	430	36	너겟8조각
33	484	36	5,900원
33	542	36	너겟8조각
33	590	63	88% (8개)
33	590	139	ㆍ
33	590	183	리뷰 (5)
33	664	36	너겟4조각
33	718	36	3,200원
33	776	36	순살 닭고기로 만들어 부드럽고 바삭한 치킨 너겟
33	824	63	100% (26개)
33	824	159	ㆍ
33	824	203	리뷰 (5)
33	898	36	프렌치프라이(L)
33	952	36	3,500원
33	1010	36	바삭한 식감과 짭짤한 감칠맛으로 어떤 메뉴와도 잘 어울리는 프렌치프라이L
33	1082	63	100% (28개)
33	1082	159	ㆍ
33	1082	203	리뷰 (12)
33	1156	36	트러플치르르프라이
33	1210	36	3,300원
33	1268	36	네 가지 치즈의 고소함과 트러플의 깊은 향이 어우러진 트러플치르르 프라이
33	1346	63	100% (3개)
33	1346	149	ㆍ
33	1346	193	리뷰 (2)
33	1420	36	프렌치프라이(M)
33	1441	121	지금 와우 가입하면 배달비 0원 + 25,000원 쿠폰
33	1458	781	가입하기
33	1474	36	3,000원
33	1532	36	바삭한 식감과 짭짤한 감칠맛으로 어떤 메뉴와도 잘 어울리는 프렌치프라이M
33	1556	24	배달비 0원 적용 중
34	0	0	너겟8조각
34	55	36	너겟8조각
34	66	155	KFC 수유역점 내 메뉴를 찾아보세요
34	103	63	88% (8개)
34	103	139	ㆍ
34	103	183	리뷰 (5)
34	151	124	스낵&사이드
34	151	310	소스
34	151	414	음료
34	151	518	기타음료
34	151	666	주류 세트
34	151	820	주류
34	177	36	너겟4조각
34	182	51	1 / 2
34	231	36	3,200원
34	248	363	KFC 수유역점
34	289	36	순살 닭고기로 만들어 부드럽고 바삭한 치킨 너겟
34	298	404	4.6(2,971)
34	337	63	100% (26개)
34	337	159	ㆍ
34	337	203	리뷰 (5)
34	411	36	프렌치프라이(L)
34	465	36	3,500원
34	523	36	바삭한 식감과 짭짤한 감칠맛으로 어떤 메뉴와도 잘 어울리는 프렌치프라이L
34	595	63	100% (28개)
34	595	159	ㆍ
34	595	203	리뷰 (12)
34	669	36	트러플치르르프라이
34	723	36	3,300원
34	781	36	네 가지 치즈의 고소함과 트러플의 깊은 향이 어우러진 트러플치르르 프라이
34	859	63	100% (3개)
34	859	149	ㆍ
34	859	193	리뷰 (2)
34	933	36	프렌치프라이(M)
34	987	36	3,000원
34	1045	36	바삭한 식감과 짭짤한 감칠맛으로 어떤 메뉴와도 잘 어울리는 프렌치프라이M
34	1117	63	95% (55개)
34	1117	149	ㆍ
34	1117	193	리뷰 (10)
34	1191	36	해쉬통다리세트
34	1245	36	5,300원
34	1303	36	해쉬브라운+핫크리스피통다리+콜라M
34	1351	63	100% (3개)
34	1351	149	ㆍ
34	1351	193	리뷰 (1)
34	1425	36	해쉬브라운
34	1441	121	지금 와우 가입하면 배달비 0원 + 25,000원 쿠폰
34	1458	781	가입하기
34	1479	36	2,300원
34	1537	36	바삭한 식감과 포슬한 감자 풍미가 매력적인 해쉬브라운
34	1556	24	배달비 0원 적용 중
34	1585	63	100% (20개)
34	1585	159	ㆍ
34	1585	203	리뷰 (8)
35	0	0	프렌치프라이(L)
35	31	36	바삭한 식감과 짭짤한 감칠맛으로 어떤 메뉴와도 잘 어울리는 프렌치프라이L
35	66	155	KFC 수유역점 내 메뉴를 찾아보세요
35	103	63	100% (28개)
35	103	159	ㆍ
35	103	203	리뷰 (12)
35	151	124	스낵&사이드
35	151	310	소스
35	151	414	음료
35	151	518	기타음료
35	151	666	주류 세트
35	151	820	주류
35	177	36	트러플치르르프라이
35	182	51	2 / 2
35	231	36	3,300원
35	248	363	KFC 수유역점
35	289	36	네 가지 치즈의 고소함과 트러플의 깊은 향이 어우러진 트러플치르르 프라이
35	298	404	4.6(2,971)
35	367	63	100% (3개)
35	367	149	ㆍ
35	367	193	리뷰 (2)
35	441	36	프렌치프라이(M)
35	495	36	3,000원
35	553	36	바삭한 식감과 짭짤한 감칠맛으로 어떤 메뉴와도 잘 어울리는 프렌치프라이M
35	625	63	95% (55개)
35	625	149	ㆍ
35	625	193	리뷰 (10)
35	699	36	해쉬통다리세트
35	753	36	5,300원
35	811	36	해쉬브라운+핫크리스피통다리+콜라M
35	859	63	100% (3개)
35	859	149	ㆍ
35	859	193	리뷰 (1)
35	933	36	해쉬브라운
35	987	36	2,300원
35	1045	36	바삭한 식감과 포슬한 감자 풍미가 매력적인 해쉬브라운
35	1093	63	100% (20개)
35	1093	159	ㆍ
35	1093	203	리뷰 (8)
35	1167	36	버터비스켓
35	1221	36	3,400원
35	1279	36	진한 버터 풍미에 달콤한 딸기잼을 더해 즐기는 버터비스켓
35	1327	63	94% (109개)
35	1327	159	ㆍ
35	1327	203	리뷰 (35)
35	1401	36	버터갈릭라이스
35	1441	121	지금 와우 가입하면 배달비 0원 + 25,000원 쿠폰
35	1455	36	3,300원
35	1458	781	가입하기
35	1513	36	고소한 버터 갈릭 풍미로 다양한 치킨과 함께 즐기는 나만의 치밥, 버터갈릭라이스
35	1556	24	배달비 0원 적용 중
35	1591	63	91% (11개)
35	1591	149	ㆍ
35	1591	193	리뷰 (6)
36	0	0	프렌치프라이(M)
36	66	155	KFC 수유역점 내 메뉴를 찾아보세요
36	69	36	바삭한 식감과 짭짤한 감칠맛으로 어떤 메뉴와도 잘 어울리는 프렌치프라이M
36	141	63	95% (55개)
36	141	149	ㆍ
36	141	193	리뷰 (10)
36	151	124	스낵&사이드
36	151	310	소스
36	151	414	음료
36	151	518	기타음료
36	151	666	주류 세트
36	151	820	주류
36	182	51	1 / 2
36	215	36	해쉬통다리세트
36	248	363	KFC 수유역점
36	269	36	5,300원
36	298	404	4.6(2,971)
36	327	36	해쉬브라운+핫크리스피통다리+콜라M
36	375	63	100% (3개)
36	375	149	ㆍ
36	375	193	리뷰 (1)
36	449	36	해쉬브라운
36	503	36	2,300원
36	561	36	바삭한 식감과 포슬한 감자 풍미가 매력적인 해쉬브라운
36	609	63	100% (20개)
36	609	159	ㆍ
36	609	203	리뷰 (8)
36	683	36	버터비스켓
36	737	36	3,400원
36	795	36	진한 버터 풍미에 달콤한 딸기잼을 더해 즐기는 버터비스켓
36	843	63	94% (109개)
36	843	159	ㆍ
36	843	203	리뷰 (35)
36	917	36	버터갈릭라이스
36	971	36	3,300원
36	1029	36	고소한 버터 갈릭 풍미로 다양한 치킨과 함께 즐기는 나만의 치밥, 버터갈릭라이스
36	1107	63	91% (11개)
36	1107	149	ㆍ
36	1107	193	리뷰 (6)
36	1181	36	에그타르트
36	1235	36	3,100원
36	1293	36	바삭한 패스트리에 달콤하고 부드러운 에그크림을 가득 담은 에그타르트
36	1341	63	100% (82개)
36	1341	159	ㆍ
36	1341	203	리뷰 (22)
36	1415	36	코울슬로
36	1441	121	지금 와우 가입하면 배달비 0원 + 25,000원 쿠폰
36	1458	781	가입하기
36	1469	36	2,900원
36	1527	36	아삭한 양배추와 당근, 신선한 야채를 상큼한 드레싱에 버무린 코울슬로
36	1556	24	배달비 0원 적용 중
36	1575	63	96% (112개)
36	1575	159	ㆍ
36	1575	203	리뷰 (45)
37	0	0	리뷰 (2)
37	0	0	매콤한 칠리 풍미와 감칠맛을 더한 파이어칠리소스
37	0	0	해쉬브라운
37	66	155	KFC 수유역점 내 메뉴를 찾아보세요
37	70	36	바삭한 식감과 포슬한 감자 풍미가 매력적인 해쉬브라운
37	118	63	100% (20개)
37	118	159	ㆍ
37	118	203	리뷰 (8)
37	151	124	스낵&사이드
37	151	310	소스
37	151	414	음료
37	151	518	기타음료
37	151	666	주류 세트
37	151	820	주류
37	182	51	2 / 2
37	192	36	버터비스켓
37	246	36	3,400원
37	248	363	KFC 수유역점
37	298	404	4.6(2,971)
37	304	36	진한 버터 풍미에 달콤한 딸기잼을 더해 즐기는 버터비스켓
37	352	63	94% (109개)
37	352	159	ㆍ
37	352	203	리뷰 (35)
37	426	36	버터갈릭라이스
37	480	36	3,300원
37	538	36	고소한 버터 갈릭 풍미로 다양한 치킨과 함께 즐기는 나만의 치밥, 버터갈릭라이스
37	616	63	91% (11개)
37	616	149	ㆍ
37	616	193	리뷰 (6)
37	690	36	에그타르트
37	744	36	3,100원
37	802	36	바삭한 패스트리에 달콤하고 부드러운 에그크림을 가득 담은 에그타르트
37	850	63	100% (82개)
37	850	159	ㆍ
37	850	203	리뷰 (22)
37	924	36	코울슬로
37	978	36	2,900원
37	1036	36	아삭한 양배추와 당근, 신선한 야채를 상큼한 드레싱에 버무린 코울슬로
37	1084	63	96% (112개)
37	1084	159	ㆍ
37	1084	203	리뷰 (45)
37	1188	42	소스
37	1270	36	빅그레이비
37	1324	36	2,100원
37	1382	36	고소한 육즙과 깊은 풍미 그레이비소스를 더 크고 따뜻하게
37	1430	63	100% (4개)
37	1430	149	ㆍ
37	1430	193	리뷰 (4)
37	1441	121	지금 와우 가입하면 배달비 0원 + 25,000원 쿠폰
37	1458	781	가입하기
37	1504	36	파이어칠리소스
37	1556	24	배달비 0원 적용 중
37	1558	36	1,100원
38	0	0	리뷰 (5)
38	0	0	버터갈릭라이스
38	46	36	고소한 버터 갈릭 풍미로 다양한 치킨과 함께 즐기는 나만의 치밥, 버터갈릭라이스
38	66	155	KFC 수유역점 내 메뉴를 찾아보세요
38	124	63	91% (11개)
38	124	149	ㆍ
38	124	193	리뷰 (6)
38	151	124	스낵&사이드
38	151	310	소스
38	151	414	음료
38	151	518	기타음료
38	151	666	주류 세트
38	151	820	주류
38	182	51	1 / 2
38	198	36	에그타르트
38	248	363	KFC 수유역점
38	252	36	3,100원
38	298	404	4.6(2,971)
38	310	36	바삭한 패스트리에 달콤하고 부드러운 에그크림을 가득 담은 에그타르트
38	358	63	100% (82개)
38	358	159	ㆍ
38	358	203	리뷰 (22)
38	432	36	코울슬로
38	486	36	2,900원
38	544	36	아삭한 양배추와 당근, 신선한 야채를 상큼한 드레싱에 버무린 코울슬로
38	592	63	96% (112개)
38	592	159	ㆍ
38	592	203	리뷰 (45)
38	696	42	소스
38	778	36	빅그레이비
38	832	36	2,100원
38	890	36	고소한 육즙과 깊은 풍미 그레이비소스를 더 크고 따뜻하게
38	938	63	100% (4개)
38	938	149	ㆍ
38	938	193	리뷰 (4)
38	1012	36	파이어칠리소스
38	1066	36	1,100원
38	1124	36	매콤한 칠리 풍미와 감칠맛을 더한 파이어칠리소스
38	1172	63	리뷰 (2)
38	1246	36	스파이시마요소스
38	1300	36	1,100원
38	1358	36	매콤하고 고소한 마요 풍미로 치킨과 잘 어울리는 스파이시마요소스
38	1406	63	리뷰 (2)
38	1441	121	지금 와우 가입하면 배달비 0원 + 25,000원 쿠폰
38	1458	781	가입하기
38	1480	36	갓양념소스
38	1534	36	1,100원
38	1556	24	배달비 0원 적용 중
38	1592	36	매콤달콤한 갓양념치킨의 맛을 담은 갓양념소스
39	0	0	리뷰 (2)
39	0	0	코울슬로
39	47	36	아삭한 양배추와 당근, 신선한 야채를 상큼한 드레싱에 버무린 코울슬로
39	66	155	KFC 수유역점 내 메뉴를 찾아보세요
39	95	63	96% (112개)
39	95	159	ㆍ
39	95	203	리뷰 (45)
39	151	124	스낵&사이드
39	151	310	소스
39	151	414	음료
39	151	518	기타음료
39	151	666	주류 세트
39	151	820	주류
39	182	51	2 / 2
39	199	42	소스
39	248	363	KFC 수유역점
39	281	36	빅그레이비
39	298	404	4.6(2,971)
39	335	36	2,100원
39	393	36	고소한 육즙과 깊은 풍미 그레이비소스를 더 크고 따뜻하게
39	441	63	100% (4개)
39	441	149	ㆍ
39	441	193	리뷰 (4)
39	515	36	파이어칠리소스
39	569	36	1,100원
39	627	36	매콤한 칠리 풍미와 감칠맛을 더한 파이어칠리소스
39	675	63	리뷰 (2)
39	749	36	스파이시마요소스
39	803	36	1,100원
39	861	36	매콤하고 고소한 마요 풍미로 치킨과 잘 어울리는 스파이시마요소스
39	909	63	리뷰 (2)
39	983	36	갓양념소스
39	1037	36	1,100원
39	1095	36	매콤달콤한 갓양념치킨의 맛을 담은 갓양념소스
39	1143	63	리뷰 (5)
39	1217	36	스모키머스타드소스
39	1271	36	1,100원
39	1329	36	스모키한 향과 진한 머스타드 풍미가 어우러진 스모키머스타드소스
39	1377	63	리뷰 (2)
39	1441	121	지금 와우 가입하면 배달비 0원 + 25,000원 쿠폰
39	1451	36	그레이비소스
39	1458	781	가입하기
39	1505	36	1,100원
39	1556	24	배달비 0원 적용 중
39	1563	36	고소한 고기 육즙의 풍미와 진한 맛을 더한 그레이비소스
40	30	36	파이어칠리소스
40	66	155	KFC 수유역점 내 메뉴를 찾아보세요
40	142	36	매콤한 칠리 풍미와 감칠맛을 더한 파이어칠리소스
40	151	125	스낵&사이드
40	151	310	소스
40	151	414	음료
40	151	518	기타음료
40	151	666	주류 세트
40	151	820	주류
40	182	51	1 / 2
40	190	63	리뷰 (2)
40	248	363	KFC 수유역점
40	264	36	스파이시마요소스
40	298	404	4.6(2,971)
40	318	36	1,100원
40	376	36	매콤하고 고소한 마요 풍미로 치킨과 잘 어울리는 스파이시마요소스
40	424	63	리뷰 (2)
40	498	36	갓양념소스
40	552	36	1,100원
40	610	36	매콤달콤한 갓양념치킨의 맛을 담은 갓양념소스
40	658	63	리뷰 (5)
40	732	36	스모키머스타드소스
40	786	36	1,100원
40	844	36	스모키한 향과 진한 머스타드 풍미가 어우러진 스모키머스타드소스
40	892	63	리뷰 (2)
40	966	36	그레이비소스
40	1020	36	1,100원
40	1078	36	고소한 고기 육즙의 풍미와 진한 맛을 더한 그레이비소스
40	1126	63	리뷰 (2)
40	1200	36	스위트칠리소스
40	1254	36	1,100원
40	1312	36	달콤한 풍미에 은은한 칠리의 매콤함이 어우러진 스위트칠리소스
40	1360	63	리뷰 (6)
40	1434	36	살사소스
40	1441	121	지금 와우 가입하면 배달비 0원 + 25,000원 쿠폰
40	1458	781	가입하기
40	1488	36	500원
40	1546	36	매콤한 풍미에 토마토의 산뜻함을 더해 입맛을 돋우는 살사소스
40	1556	24	배달비 0원 적용 중
40	1594	63	리뷰 (9)
41	0	0	리뷰 (6)
41	0	0	시원하고 청량하게 즐기는 대표 탄산, 코카콜라L
41	11	36	갓양념소스
41	66	155	KFC 수유역점 내 메뉴를 찾아보세요
41	123	36	매콤달콤한 갓양념치킨의 맛을 담은 갓양념소스
41	151	125	스낵&사이드
41	151	310	소스
41	151	414	음료
41	151	518	기타음료
41	151	666	주류 세트
41	151	820	주류
41	171	63	리뷰 (5)
41	182	51	2 / 2
41	245	36	스모키머스타드소스
41	248	363	KFC 수유역점
41	298	404	4.6(2,971)
41	299	36	1,100원
41	357	36	스모키한 향과 진한 머스타드 풍미가 어우러진 스모키머스타드소스
41	405	63	리뷰 (2)
41	479	36	그레이비소스
41	533	36	1,100원
41	591	36	고소한 고기 육즙의 풍미와 진한 맛을 더한 그레이비소스
41	639	63	리뷰 (2)
41	713	36	스위트칠리소스
41	767	36	1,100원
41	825	36	달콤한 풍미에 은은한 칠리의 매콤함이 어우러진 스위트칠리소스
41	873	63	리뷰 (6)
41	947	36	살사소스
41	1001	36	500원
41	1059	36	매콤한 풍미에 토마토의 산뜻함을 더해 입맛을 돋우는 살사소스
41	1107	63	리뷰 (9)
41	1181	36	딸기잼
41	1235	36	500원
41	1293	36	달콤한 딸기 풍미로 버터비스켓과 잘 어울리는 딸기잼
41	1341	63	리뷰 (5)
41	1441	121	지금 와우 가입하면 배달비 0원 + 25,000원 쿠폰
41	1445	42	음료
41	1458	781	가입하기
41	1527	36	코카콜라(L)
41	1556	24	배달비 0원 적용 중
41	1581	36	3,100원
42	0	0	깔끔한 맛과 청량감의 제로 콜라, 코크제로L
42	0	0	리뷰 (4)
42	0	36	그레이비소스
42	66	155	KFC 수유역점 내 메뉴를 찾아보세요
42	101	36	고소한 고기 육즙의 풍미와 진한 맛을 더한 그레이비소스
42	149	63	리뷰 (2)
42	151	125	스낵&사이드
42	151	310	소스
42	151	414	음료
42	151	518	기타음료
42	151	666	주류 세트
42	151	820	주류
42	182	51	1 / 2
42	223	36	스위트칠리소스
42	248	363	KFC 수유역점
42	277	36	1,100원
42	298	404	4.6(2,971)
42	335	36	달콤한 풍미에 은은한 칠리의 매콤함이 어우러진 스위트칠리소스
42	383	63	리뷰 (6)
42	457	36	살사소스
42	511	36	500원
42	569	36	매콤한 풍미에 토마토의 산뜻함을 더해 입맛을 돋우는 살사소스
42	617	63	리뷰 (9)
42	691	36	딸기잼
42	745	36	500원
42	803	36	달콤한 딸기 풍미로 버터비스켓과 잘 어울리는 딸기잼
42	851	63	리뷰 (5)
42	955	42	음료
42	1037	36	코카콜라(L)
42	1091	36	3,100원
42	1149	36	시원하고 청량하게 즐기는 대표 탄산, 코카콜라L
42	1197	63	리뷰 (6)
42	1271	36	닥터페퍼제로(L)
42	1325	36	3,100원
42	1383	36	체리향의 달콤한 풍미를 살린 제로 칼로리 닥터페퍼제로L
42	1431	63	100% (3개)
42	1441	121	지금 와우 가입하면 배달비 0원 + 25,000원 쿠폰
42	1458	781	가입하기
42	1505	36	코크제로(L)
42	1556	24	배달비 0원 적용 중
42	1559	36	3,100원
43	0	0	살사소스
43	66	155	KFC 수유역점 내 메뉴를 찾아보세요
43	72	36	매콤한 풍미에 토마토의 산뜻함을 더해 입맛을 돋우는 살사소스
43	120	63	리뷰 (9)
43	151	125	스낵&사이드
43	151	310	소스
43	151	414	음료
43	151	518	기타음료
43	151	666	주류 세트
43	151	820	주류
43	182	51	2 / 2
43	194	36	딸기잼
43	248	36	500원
43	248	363	KFC 수유역점
43	298	404	4.6(2,971)
43	306	36	달콤한 딸기 풍미로 버터비스켓과 잘 어울리는 딸기잼
43	354	63	리뷰 (5)
43	458	42	음료
43	540	36	코카콜라(L)
43	594	36	3,100원
43	652	36	시원하고 청량하게 즐기는 대표 탄산, 코카콜라L
43	700	63	리뷰 (6)
43	774	36	닥터페퍼제로(L)
43	828	36	3,100원
43	886	36	체리향의 달콤한 풍미를 살린 제로 칼로리 닥터페퍼제로L
43	934	63	100% (3개)
43	1008	36	코크제로(L)
43	1062	36	3,100원
43	1120	36	깔끔한 맛과 청량감의 제로 콜라, 코크제로L
43	1168	63	리뷰 (4)
43	1242	36	스프라이트(L)
43	1296	36	3,100원
43	1354	36	톡 쏘는 청량감과 산뜻한 맛의 스프라이트L
43	1402	63	리뷰 (2)
43	1441	121	지금 와우 가입하면 배달비 0원 + 25,000원 쿠폰
43	1458	781	가입하기
43	1476	36	스프라이트제로(L)
43	1530	36	3,100원
43	1556	24	배달비 0원 적용 중
43	1588	36	제로 칼로리로 즐기는 산뜻한 청량감의 스프라이트제로L
44	46	36	코카콜라(L)
44	66	155	KFC 수유역점 내 메뉴를 찾아보세요
44	132	36	3,100원
44	151	125	스낵&사이드
44	151	310	소스
44	151	414	음료
44	151	518	기타음료
44	151	666	주류 세트
44	151	820	주류
44	158	36	시원하고 청량하게 즐기는 대표 탄산, 코카콜라L
44	182	51	1 / 2
44	206	63	리뷰 (6)
44	248	363	KFC 수유역점
44	280	36	닥터페퍼제로(L)
44	298	404	4.6(2,971)
44	334	36	3,100원
44	392	36	체리향의 달콤한 풍미를 살린 제로 칼로리 닥터페퍼제로L
44	440	63	100% (3개)
44	514	36	코크제로(L)
44	568	36	3,100원
44	626	36	깔끔한 맛과 청량감의 제로 콜라, 코크제로L
44	674	63	리뷰 (4)
44	748	36	스프라이트(L)
44	802	36	3,100원
44	860	36	톡 쏘는 청량감과 산뜻한 맛의 스프라이트L
44	908	63	리뷰 (2)
44	982	36	스프라이트제로(L)
44	1036	36	3,100원
44	1094	36	제로 칼로리로 즐기는 산뜻한 청량감의 스프라이트제로L
44	1195	36	환타오렌지(L)
44	1249	36	3,100원
44	1307	36	톡 쏘는 탄산과 상큼달콤한 오렌지 맛의 환타오렌지L
44	1355	63	100% (3개)
44	1429	36	코카콜라(M)
44	1441	121	지금 와우 가입하면 배달비 0원 + 25,000원 쿠폰
44	1458	781	가입하기
44	1483	36	2,900원
44	1541	36	시원하고 청량하게 즐기는 대표 탄산, 코카콜라M
44	1556	24	배달비 0원 적용 중
44	1589	63	100% (2개)
44	1589	149	ㆍ
44	1589	193	리뷰 (1)
45	0	0	스프라이트(M)
45	0	0	톡 쏘는 청량감과 산뜻한 맛의 스프라이트M
45	19	36	코크제로(L)
45	66	155	KFC 수유역점 내 메뉴를 찾아보세요
45	131	36	깔끔한 맛과 청량감의 제로 콜라, 코크제로L
45	151	125	스낵&사이드
45	151	310	소스
45	151	414	음료
45	151	518	기타음료
45	151	666	주류 세트
45	151	820	주류
45	179	63	리뷰 (4)
45	182	51	2 / 2
45	248	363	KFC 수유역점
45	253	36	스프라이트(L)
45	298	404	4.6(2,971)
45	307	36	3,100원
45	365	36	톡 쏘는 청량감과 산뜻한 맛의 스프라이트L
45	413	63	리뷰 (2)
45	487	36	스프라이트제로(L)
45	541	36	3,100원
45	599	36	제로 칼로리로 즐기는 산뜻한 청량감의 스프라이트제로L
45	700	36	환타오렌지(L)
45	754	36	3,100원
45	812	36	톡 쏘는 탄산과 상큼달콤한 오렌지 맛의 환타오렌지L
45	860	63	100% (3개)
45	934	36	코카콜라(M)
45	988	36	2,900원
45	1046	36	시원하고 청량하게 즐기는 대표 탄산, 코카콜라M
45	1094	63	100% (2개)
45	1094	149	ㆍ
45	1094	193	리뷰 (1)
45	1168	36	닥터페퍼제로(M)
45	1222	36	2,900원
45	1280	36	체리향의 달콤한 풍미를 살린 제로 칼로리 닥터페퍼제로M
45	1381	36	코크제로(M)
45	1435	36	2,900원
45	1441	121	지금 와우 가입하면 배달비 0원 + 25,000원 쿠폰
45	1458	781	가입하기
45	1493	36	깔끔한 맛과 청량감의 제로 콜라, 코크제로M
45	1541	63	리뷰 (2)
45	1556	24	배달비 0원 적용 중
46	0	0	100% (1개)
46	0	0	톡 쏘는 탄산과 상큼달콤한 오렌지 맛의 환타오렌지M
46	0	36	스프라이트제로(L)
46	66	155	KFC 수유역점 내 메뉴를 찾아보세요
46	106	36	제로 칼로리로 즐기는 산뜻한 청량감의 스프라이트제로L
46	151	125	스낵&사이드
46	151	310	소스
46	151	414	음료
46	151	518	기타음료
46	151	666	주류 세트
46	151	820	주류
46	182	51	1 / 2
46	207	36	환타오렌지(L)
46	248	363	KFC 수유역점
46	261	36	3,100원
46	298	404	4.6(2,971)
46	319	36	톡 쏘는 탄산과 상큼달콤한 오렌지 맛의 환타오렌지L
46	367	63	100% (3개)
46	441	36	코카콜라(M)
46	495	36	2,900원
46	553	36	시원하고 청량하게 즐기는 대표 탄산, 코카콜라M
46	601	63	100% (2개)
46	601	149	ㆍ
46	601	193	리뷰 (1)
46	675	36	닥터페퍼제로(M)
46	729	36	2,900원
46	787	36	체리향의 달콤한 풍미를 살린 제로 칼로리 닥터페퍼제로M
46	888	36	코크제로(M)
46	942	36	2,900원
46	1000	36	깔끔한 맛과 청량감의 제로 콜라, 코크제로M
46	1048	63	리뷰 (2)
46	1122	36	스프라이트(M)
46	1176	36	2,900원
46	1234	36	톡 쏘는 청량감과 산뜻한 맛의 스프라이트M
46	1335	36	스프라이트제로(M)
46	1389	36	2,900원
46	1441	121	지금 와우 가입하면 배달비 0원 + 25,000원 쿠폰
46	1447	36	제로 칼로리로 즐기는 산뜻한 청량감의 스프라이트제로M
46	1458	781	가입하기
46	1548	36	환타오렌지(M)
46	1556	24	배달비 0원 적용 중
47	0	0	따뜻하고 부드러운 초콜릿 풍미의 핫초코
47	0	0	코카콜라(M)
47	65	36	시원하고 청량하게 즐기는 대표 탄산, 코카콜라M
47	66	155	KFC 수유역점 내 메뉴를 찾아보세요
47	113	63	100% (2개)
47	113	149	ㆍ
47	113	193	리뷰 (1)
47	151	125	스낵&사이드
47	151	310	소스
47	151	414	음료
47	151	518	기타음료
47	151	666	주류 세트
47	151	820	주류
47	182	51	2 / 2
47	187	36	닥터페퍼제로(M)
47	241	36	2,900원
47	248	363	KFC 수유역점
47	298	404	4.6(2,971)
47	299	36	체리향의 달콤한 풍미를 살린 제로 칼로리 닥터페퍼제로M
47	400	36	코크제로(M)
47	454	36	2,900원
47	512	36	깔끔한 맛과 청량감의 제로 콜라, 코크제로M
47	560	63	리뷰 (2)
47	634	36	스프라이트(M)
47	688	36	2,900원
47	746	36	톡 쏘는 청량감과 산뜻한 맛의 스프라이트M
47	847	36	스프라이트제로(M)
47	901	36	2,900원
47	959	36	제로 칼로리로 즐기는 산뜻한 청량감의 스프라이트제로M
47	1060	36	환타오렌지(M)
47	1114	36	2,900원
47	1172	36	톡 쏘는 탄산과 상큼달콤한 오렌지 맛의 환타오렌지M
47	1220	63	100% (1개)
47	1294	36	오렌지주스
47	1348	36	3,400원
47	1406	36	산뜻한 오렌지 풍미를 담은 오렌지주스
47	1441	121	지금 와우 가입하면 배달비 0원 + 25,000원 쿠폰
47	1458	781	가입하기
47	1507	36	핫초코
47	1556	24	배달비 0원 적용 중
47	1561	36	3,500원
48	0	0	100% (2개)
48	66	155	KFC 수유역점 내 메뉴를 찾아보세요
48	144	36	스프라이트(M)
48	151	125	스낵&사이드
48	151	310	소스
48	151	414	음료
48	151	518	기타음료
48	151	666	주류 세트
48	151	820	주류
48	182	51	1 / 2
48	198	36	2,900원
48	248	363	KFC 수유역점
48	256	36	톡 쏘는 청량감과 산뜻한 맛의 스프라이트M
48	298	404	4.6(2,971)
48	357	36	스프라이트제로(M)
48	411	36	2,900원
48	469	36	제로 칼로리로 즐기는 산뜻한 청량감의 스프라이트제로M
48	570	36	환타오렌지(M)
48	624	36	2,900원
48	682	36	톡 쏘는 탄산과 상큼달콤한 오렌지 맛의 환타오렌지M
48	730	63	100% (1개)
48	804	36	오렌지주스
48	858	36	3,400원
48	916	36	산뜻한 오렌지 풍미를 담은 오렌지주스
48	1017	36	핫초코
48	1071	36	3,500원
48	1129	36	따뜻하고 부드러운 초콜릿 풍미의 핫초코
48	1230	36	아이스초코
48	1284	36	3,500원
48	1342	36	시원하고 달콤하게 즐기는 아이스초코
48	1390	63	100% (8개)
48	1441	121	지금 와우 가입하면 배달비 0원 + 25,000원 쿠폰
48	1458	781	가입하기
48	1464	36	ICE아메리카노(L)
48	1518	36	3,500원
48	1556	24	배달비 0원 적용 중
48	1576	36	깔끔한 맛과 깊은 원두 향의 아이스 아메리카노L
49	0	0	100% (1개)
49	66	155	KFC 수유역점 내 메뉴를 찾아보세요
49	78	36	환타오렌지(M)
49	132	36	2,900원
49	151	125	스낵&사이드
49	151	310	소스
49	151	414	음료
49	151	518	기타음료
49	151	666	주류 세트
49	151	820	주류
49	182	51	2 / 2
49	190	36	톡 쏘는 탄산과 상큼달콤한 오렌지 맛의 환타오렌지M
49	238	63	100% (1개)
49	248	363	KFC 수유역점
49	298	404	4.6(2,971)
49	312	36	오렌지주스
49	366	36	3,400원
49	424	36	산뜻한 오렌지 풍미를 담은 오렌지주스
49	525	36	핫초코
49	579	36	3,500원
49	637	36	따뜻하고 부드러운 초콜릿 풍미의 핫초코
49	738	36	아이스초코
49	792	36	3,500원
49	850	36	시원하고 달콤하게 즐기는 아이스초코
49	898	63	100% (8개)
49	972	36	ICE아메리카노(L)
49	1026	36	3,500원
49	1084	36	깔끔한 맛과 깊은 원두 향의 아이스 아메리카노L
49	1132	63	100% (2개)
49	1206	36	ICE아메리카노(M)
49	1260	36	2,900원
49	1318	36	깔끔한 맛과 깊은 원두 향의 아이스 아메리카노M
49	1366	63	100% (1개)
49	1366	149	ㆍ
49	1366	193	리뷰 (1)
49	1440	36	아메리카노(M)
49	1441	121	지금 와우 가입하면 배달비 0원 + 25,000원 쿠폰
49	1458	781	가입하기
49	1494	36	2,900원
49	1552	36	따뜻하게 즐기는 깊은 원두 향의 아메리카노
49	1556	24	배달비 0원 적용 중
50	34	36	핫초코
50	66	155	KFC 수유역점 내 메뉴를 찾아보세요
50	146	36	따뜻하고 부드러운 초콜릿 풍미의 핫초코
50	151	125	스낵&사이드
50	151	310	소스
50	151	414	음료
50	151	518	기타음료
50	151	666	주류 세트
50	151	820	주류
50	182	51	1 / 2
50	247	36	아이스초코
50	248	363	KFC 수유역점
50	298	404	4.6(2,971)
50	301	36	3,500원
50	359	36	시원하고 달콤하게 즐기는 아이스초코
50	407	63	100% (8개)
50	481	36	ICE아메리카노(L)
50	535	36	3,500원
50	593	36	깔끔한 맛과 깊은 원두 향의 아이스 아메리카노L
50	641	63	100% (2개)
50	715	36	ICE아메리카노(M)
50	769	36	2,900원
50	827	36	깔끔한 맛과 깊은 원두 향의 아이스 아메리카노M
50	875	63	100% (1개)
50	875	149	ㆍ
50	875	193	리뷰 (1)
50	949	36	아메리카노(M)
50	1003	36	2,900원
50	1061	36	따뜻하게 즐기는 깊은 원두 향의 아메리카노
50	1109	63	100% (1개)
50	1213	42	기타음료
50	1295	36	페트콜라(500ml)
50	1349	36	3,500원
50	1407	63	100% (16개)
50	1407	159	ㆍ
50	1407	203	리뷰 (4)
50	1441	121	지금 와우 가입하면 배달비 0원 + 25,000원 쿠폰
50	1458	781	가입하기
50	1508	36	캔콜라(245ml)
50	1556	24	배달비 0원 적용 중
50	1562	36	2,900원
51	0	0	텐더2+트러플치르르프라이+버드와이저 캔맥주330ml
51	0	36	ICE아메리카노(L)
51	66	155	KFC 수유역점 내 메뉴를 찾아보세요
51	101	36	깔끔한 맛과 깊은 원두 향의 아이스 아메리카노L
51	149	63	100% (2개)
51	151	125	스낵&사이드
51	151	310	소스
51	151	414	음료
51	151	518	기타음료
51	151	666	주류 세트
51	151	820	주류
51	182	51	2 / 2
51	223	36	ICE아메리카노(M)
51	248	363	KFC 수유역점
51	277	36	2,900원
51	298	404	4.6(2,971)
51	335	36	깔끔한 맛과 깊은 원두 향의 아이스 아메리카노M
51	383	63	100% (1개)
51	383	149	ㆍ
51	383	193	리뷰 (1)
51	457	36	아메리카노(M)
51	511	36	2,900원
51	569	36	따뜻하게 즐기는 깊은 원두 향의 아메리카노
51	617	63	100% (1개)
51	721	42	기타음료
51	803	36	페트콜라(500ml)
51	857	36	3,500원
51	915	63	100% (16개)
51	915	159	ㆍ
51	915	203	리뷰 (4)
51	1016	36	캔콜라(245ml)
51	1070	36	2,900원
51	1229	36	생수
51	1283	36	2,000원
51	1341	63	100% (1개)
51	1441	121	지금 와우 가입하면 배달비 0원 + 25,000원 쿠폰
51	1458	781	가입하기
51	1472	42	주류 세트
51	1554	36	켚썸머치맥세트
51	1556	24	배달비 0원 적용 중
52	0	0	리뷰 (2)
52	0	0	버드와이저 캔맥주330ml�
52	0	36	아메리카노(M)
52	66	155	KFC 수유역점 내 메뉴를 찾아보세요
52	79	36	따뜻하게 즐기는 깊은 원두 향의 아메리카노
52	127	63	100% (1개)
52	151	125	스낵&사이드
52	151	310	소스
52	151	414	음료
52	151	518	기타음료
52	151	666	주류 세트
52	151	820	주류
52	182	51	1 / 2
52	231	42	기타음료
52	248	363	KFC 수유역점
52	298	404	4.6(2,971)
52	313	36	페트콜라(500ml)
52	367	36	3,500원
52	425	63	100% (16개)
52	425	159	ㆍ
52	425	203	리뷰 (4)
52	526	36	캔콜라(245ml)
52	580	36	2,900원
52	739	36	생수
52	793	36	2,000원
52	851	63	100% (1개)
52	982	42	주류 세트
52	1064	36	켚썸머치맥세트
52	1118	36	10,500원
52	1176	36	텐더2+트러플치르르프라이+버드와이저 캔맥주330ml
52	1277	36	켚썸머스낵맥세트
52	1331	36	10,000원
52	1389	36	너겟4+트러플치르르프라이+버드와이저 캔맥주330ml
52	1441	121	지금 와우 가입하면 배달비 0원 + 25,000원 쿠폰
52	1458	781	가입하기
52	1520	42	주류
52	1556	24	배달비 0원 적용 중
53	37	36	캔콜라(245ml)
53	66	155	KFC 수유역점 내 메뉴를 찾아보세요
53	151	125	스낵&사이드
53	151	310	소스
53	151	414	음료
53	151	518	기타음료
53	151	666	주류 세트
53	151	820	주류
53	182	51	2 / 2
53	248	363	KFC 수유역점
53	250	36	생수
53	298	404	4.6(2,971)
53	304	36	2,000원
53	362	63	100% (1개)
53	493	42	주류 세트
53	575	36	켚썸머치맥세트
53	629	36	10,500원
53	687	36	텐더2+트러플치르르프라이+버드와이저 캔맥주330ml
53	788	36	켚썸머스낵맥세트
53	842	36	10,000원
53	900	36	너겟4+트러플치르르프라이+버드와이저 캔맥주330ml
53	1031	42	주류
53	1122	36	버드와이저 캔맥주330ml�
53	1170	36	3,500원
53	1270	63	리뷰 (2)
53	1356	36	비슷한 버거 맛집 추천해요
53	1362	810	광고
53	1420	171	버거킹 쌍문점
53	1420	560	버거킹 미아역점
53	1441	121	지금 와우 가입하면 배달비 0원 + 25,000원 쿠폰
53	1455	220	(7,722)ㆍ
53	1455	609	(6,581)ㆍ
53	1456	195	4.9
53	1456	293	1.0km
53	1456	584	4.7
53	1456	682	2.6km
53	1458	781	가입하기
53	1492	198	2,000원 쿠폰
53	1492	587	2,000원 쿠폰
53	1521	171	배달비 0원
53	1521	560	배달비 0원
53	1556	24	배달비 0원 적용 중
