0	446	51	2 / 2
0	512	349	맥도날드 수유점
0	562	398	4.8(11,417)
0	679	674	매장∙원산지정보
0	690	69	20분
0	751	36	최소주문
0	751	153	14,000원
0	806	36	일반회원
0	807	153	0-2,600원 0원
0	808	294	자세히
0	848	36	와우회원
0	848	153	와우회원은 매 주문 배달비 0원
0	920	127	지금 와우 가입하면 배달비 0원 + 25,000원 쿠폰
0	937	766	가입하기
0	1040	168	음식은 맛있지만 음료수가 저렇게 많이 흘러나와 잇는건 아닌것 같아서 남깁니다.
0	1040	606	맥날 짱~!
0	1209	114	&#128293; 인기메뉴
0	1209	298	치킨
0	1209	402	라지세트
0	1209	550	세트
0	1209	654	버거
0	1209	758	스낵 & 사이드
0	1310	42	인기메뉴
0	1388	88	1위
0	1388	304	2위
0	1388	520	3위
0	1388	708	4위
0	1587	36	맥스파이시® 상하이버거 세트
0	1587	252	빅맥® 라지 세트
0	1587	468	빅맥® 세트
0	1587	684	맥스파이시® 상하이버거 라지 세트
1	66	155	맥도날드 수유점 내 메뉴를 찾아보세요
1	150	674	매장∙원산지정보
1	161	69	20분
1	182	51	1 / 2
1	222	36	최소주문
1	222	153	14,000원
1	248	349	맥도날드 수유점
1	277	36	일반회원
1	278	153	0-2,600원 0원
1	279	294	자세히
1	298	398	4.8(11,417)
1	319	36	와우회원
1	319	153	와우회원은 매 주문 배달비 0원
1	391	127	지금 와우 가입하면 배달비 0원 + 25,000원 쿠폰
1	408	766	가입하기
1	511	168	음식은 맛있지만 음료수가 저렇게 많이 흘러나와 잇는건 아닌것 같아서 남깁니다.
1	511	606	맥날 짱~!
1	680	114	&#128293; 인기메뉴
1	680	298	치킨
1	680	402	라지세트
1	680	550	세트
1	680	654	버거
1	680	758	스낵 & 사이드
1	781	42	인기메뉴
1	859	88	1위
1	859	304	2위
1	859	520	3위
1	859	708	4위
1	1058	36	맥스파이시® 상하이버거 세트
1	1058	252	빅맥® 라지 세트
1	1058	468	빅맥® 세트
1	1058	684	맥스파이시® 상하이버거 라지 세트
1	1099	252	9,900원
1	1099	468	9,000원
1	1134	36	9,100원
1	1134	684	10,000원
1	1210	0	치킨
1	1316	0	오전 10:20~내일 오전 3:50 주문가능
1	1408	36	맥윙 6조각 콤보
1	1462	36	12,500원
1	1520	36	맥윙6조각 + 콜라(M)&#9;맥윙 6조각과 음료를 함께 즐길 수 있는 컴팩트한 콤보 메뉴
1	1556	24	배달비 0원 적용 중
1	1598	63	리뷰 (1)
2	66	155	맥도날드 수유점 내 메뉴를 찾아보세요
2	182	51	2 / 2
2	187	114	&#128293; 인기메뉴
2	187	298	치킨
2	187	402	라지세트
2	187	550	세트
2	187	654	버거
2	187	758	스낵 & 사이드
2	248	349	맥도날드 수유점
2	288	42	인기메뉴
2	298	398	4.8(11,417)
2	366	88	1위
2	366	304	2위
2	366	520	3위
2	366	708	4위
2	565	36	맥스파이시® 상하이버거 세트
2	565	252	빅맥® 라지 세트
2	565	468	빅맥® 세트
2	565	684	맥스파이시® 상하이버거 라지 세트
2	606	252	9,900원
2	606	468	9,000원
2	641	36	9,100원
2	641	684	10,000원
2	717	0	치킨
2	823	0	오전 10:20~내일 오전 3:50 주문가능
2	915	36	맥윙 6조각 콤보
2	969	36	12,500원
2	1027	36	맥윙6조각 + 콜라(M)&#9;맥윙 6조각과 음료를 함께 즐길 수 있는 컴팩트한 콤보 메뉴
2	1105	63	리뷰 (1)
2	1179	36	맥윙 6조각 세트
2	1233	36	14,000원
2	1291	36	맥윙6조각 + 후렌치 후라이(M) + 콜라(M)&#9;맥윙6조각과, 음료 그리고 후렌치 후라이까지 한번에 즐길 수 있는 세트 메뉴
2	1399	36	맥윙 2조각
2	1441	121	지금 와우 가입하면 배달비 0원 + 25,000원 쿠폰
2	1453	36	4,600원
2	1458	781	가입하기
2	1511	36	짭조롬하게 시즈닝 된 바삭한 껍질과 쫄깃한 속살의 조화로운 맛, 맥윙
2	1556	24	배달비 0원 적용 중
2	1559	63	96% (28개)
2	1559	149	ㆍ
2	1559	193	리뷰 (17)
3	0	0	100% (1개)
3	0	0	ㆍ
3	0	0	더블 맥스파이시 상하이 버거
3	0	0	리뷰 (1)
3	0	0	쌀가루로 더 바삭해진 매콤한 닭가슴살 패티를 하나 더. 두 장으로 꽉 채운 매콤 바삭한 맛
3	66	155	맥도날드 수유점 내 메뉴를 찾아보세요
3	132	36	맥스파이시® 상하이버거 세트
3	132	252	9,900원
3	132	468	9,000원
3	132	684	맥스파이시® 상하이버거 라지 세트
3	151	114	&#128293; 인기메뉴
3	151	298	치킨
3	151	402	라지세트
3	151	550	세트
3	151	654	버거
3	151	758	스낵 & 사이드
3	152	36	9,100원
3	152	684	10,000원
3	182	51	1 / 2
3	228	0	치킨
3	248	349	맥도날드 수유점
3	298	398	4.8(11,417)
3	334	0	오전 10:20~내일 오전 3:50 주문가능
3	426	36	맥윙 6조각 콤보
3	480	36	12,500원
3	538	36	맥윙6조각 + 콜라(M)&#9;맥윙 6조각과 음료를 함께 즐길 수 있는 컴팩트한 콤보 메뉴
3	616	63	리뷰 (1)
3	690	36	맥윙 6조각 세트
3	744	36	14,000원
3	802	36	맥윙6조각 + 후렌치 후라이(M) + 콜라(M)&#9;맥윙6조각과, 음료 그리고 후렌치 후라이까지 한번에 즐길 수 있는 세트 메뉴
3	910	36	맥윙 2조각
3	964	36	4,600원
3	1022	36	짭조롬하게 시즈닝 된 바삭한 껍질과 쫄깃한 속살의 조화로운 맛, 맥윙
3	1070	63	96% (28개)
3	1070	149	ㆍ
3	1070	193	리뷰 (17)
3	1144	36	맥윙 4조각
3	1198	36	7,800원
3	1256	36	짭조롬하게 시즈닝 된 바삭한 껍질과 쫄깃한 속살의 조화로운 맛, 맥윙
3	1304	63	96% (24개)
3	1304	149	ㆍ
3	1304	193	리뷰 (11)
3	1378	36	맥윙 8조각
3	1432	36	13,900원
3	1441	121	지금 와우 가입하면 배달비 0원 + 25,000원 쿠폰
3	1458	781	가입하기
3	1490	36	짭조롬하게 시즈닝 된 바삭한 껍질과 쫄깃한 속살의 조화로운 맛, 맥윙
3	1538	63	100% (4개)
3	1556	24	배달비 0원 적용 중
4	0	0	맥윙 6조각 콤보
4	49	36	맥윙6조각 + 콜라(M)&#9;맥윙 6조각과 음료를 함께 즐길 수 있는 컴팩트한 콤보 메뉴
4	66	155	맥도날드 수유점 내 메뉴를 찾아보세요
4	127	63	리뷰 (1)
4	151	114	치킨
4	151	218	라지세트
4	151	366	세트
4	151	470	버거
4	151	574	스낵 & 사이드
4	151	771	해피밀
4	182	51	2 / 2
4	201	36	맥윙 6조각 세트
4	248	349	맥도날드 수유점
4	255	36	14,000원
4	298	398	4.8(11,417)
4	313	36	맥윙6조각 + 후렌치 후라이(M) + 콜라(M)&#9;맥윙6조각과, 음료 그리고 후렌치 후라이까지 한번에 즐길 수 있는 세트 메뉴
4	421	36	맥윙 2조각
4	475	36	4,600원
4	533	36	짭조롬하게 시즈닝 된 바삭한 껍질과 쫄깃한 속살의 조화로운 맛, 맥윙
4	581	63	96% (28개)
4	581	149	ㆍ
4	581	193	리뷰 (17)
4	655	36	맥윙 4조각
4	709	36	7,800원
4	767	36	짭조롬하게 시즈닝 된 바삭한 껍질과 쫄깃한 속살의 조화로운 맛, 맥윙
4	815	63	96% (24개)
4	815	149	ㆍ
4	815	193	리뷰 (11)
4	889	36	맥윙 8조각
4	943	36	13,900원
4	1001	36	짭조롬하게 시즈닝 된 바삭한 껍질과 쫄깃한 속살의 조화로운 맛, 맥윙
4	1049	63	100% (4개)
4	1123	36	더블 맥스파이시 상하이 버거
4	1177	36	10,200원
4	1235	36	쌀가루로 더 바삭해진 매콤한 닭가슴살 패티를 하나 더. 두 장으로 꽉 채운 매콤 바삭한 맛
4	1313	63	100% (1개)
4	1313	149	ㆍ
4	1313	193	리뷰 (1)
4	1387	36	더블 맥스파이시 상하이 버거 세트
4	1441	36	12,600원
4	1441	121	지금 와우 가입하면 배달비 0원 + 25,000원 쿠폰
4	1458	781	가입하기
4	1499	36	더블 맥스파이시 상하이 + 후렌치후라이(M) + 콜라(M)&#9;쌀가루로 더 바삭해진 매콤한 닭가슴살 패티를 하나 더. 두 장으로 꽉 채운 매콤 바삭한 맛
4	1556	24	배달비 0원 적용 중
4	1577	63	100% (6개)
4	1577	149	ㆍ
4	1577	193	리뷰 (5)
5	0	0	94% (370개)
5	0	0	ㆍ
5	0	0	리뷰 (132)
5	0	0	맥윙 2조각
5	46	36	짭조롬하게 시즈닝 된 바삭한 껍질과 쫄깃한 속살의 조화로운 맛, 맥윙
5	66	155	맥도날드 수유점 내 메뉴를 찾아보세요
5	94	63	96% (28개)
5	94	149	ㆍ
5	94	193	리뷰 (17)
5	151	114	치킨
5	151	218	라지세트
5	151	366	세트
5	151	470	버거
5	151	574	스낵 & 사이드
5	151	771	해피밀
5	168	36	맥윙 4조각
5	182	51	1 / 2
5	222	36	7,800원
5	248	349	맥도날드 수유점
5	280	36	짭조롬하게 시즈닝 된 바삭한 껍질과 쫄깃한 속살의 조화로운 맛, 맥윙
5	298	398	4.8(11,417)
5	328	63	96% (24개)
5	328	149	ㆍ
5	328	193	리뷰 (11)
5	402	36	맥윙 8조각
5	456	36	13,900원
5	514	36	짭조롬하게 시즈닝 된 바삭한 껍질과 쫄깃한 속살의 조화로운 맛, 맥윙
5	562	63	100% (4개)
5	636	36	더블 맥스파이시 상하이 버거
5	690	36	10,200원
5	748	36	쌀가루로 더 바삭해진 매콤한 닭가슴살 패티를 하나 더. 두 장으로 꽉 채운 매콤 바삭한 맛
5	826	63	100% (1개)
5	826	149	ㆍ
5	826	193	리뷰 (1)
5	900	36	더블 맥스파이시 상하이 버거 세트
5	954	36	12,600원
5	1012	36	더블 맥스파이시 상하이 + 후렌치후라이(M) + 콜라(M)&#9;쌀가루로 더 바삭해진 매콤한 닭가슴살 패티를 하나 더. 두 장으로 꽉 채운 매콤 바삭한 맛
5	1090	63	100% (6개)
5	1090	149	ㆍ
5	1090	193	리뷰 (5)
5	1164	36	더블 맥스파이시 상하이 버거 라지세트
5	1218	36	13,500원
5	1276	36	더블 맥스파이시 상하이 + 후렌치후라이(L) + 콜라(L)&#9;쌀가루로 더 바삭해진 매콤한 닭가슴살 패티를 하나 더. 두 장으로 꽉 채운 매콤 바삭한 맛
5	1354	63	100% (8개)
5	1354	149	ㆍ
5	1354	193	리뷰 (3)
5	1428	36	맥너겟® 4조각
5	1441	121	지금 와우 가입하면 배달비 0원 + 25,000원 쿠폰
5	1458	781	가입하기
5	1482	36	3,700원
5	1540	36	맥너겟® 4조각 바삭하고 촉촉한 치킨이 한 입에 쏙! 3가지 소스로 입맛에 맞게 즐겨보세요!
5	1556	24	배달비 0원 적용 중
6	66	155	맥도날드 수유점 내 메뉴를 찾아보세요
6	140	36	더블 맥스파이시 상하이 버거
6	151	114	치킨
6	151	218	라지세트
6	151	366	세트
6	151	470	버거
6	151	574	스낵 & 사이드
6	151	771	해피밀
6	182	51	2 / 2
6	194	36	10,200원
6	248	349	맥도날드 수유점
6	252	36	쌀가루로 더 바삭해진 매콤한 닭가슴살 패티를 하나 더. 두 장으로 꽉 채운 매콤 바삭한 맛
6	298	398	4.8(11,417)
6	330	63	100% (1개)
6	330	149	ㆍ
6	330	193	리뷰 (1)
6	404	36	더블 맥스파이시 상하이 버거 세트
6	458	36	12,600원
6	516	36	더블 맥스파이시 상하이 + 후렌치후라이(M) + 콜라(M)&#9;쌀가루로 더 바삭해진 매콤한 닭가슴살 패티를 하나 더. 두 장으로 꽉 채운 매콤 바삭한 맛
6	594	63	100% (6개)
6	594	149	ㆍ
6	594	193	리뷰 (5)
6	668	36	더블 맥스파이시 상하이 버거 라지세트
6	722	36	13,500원
6	780	36	더블 맥스파이시 상하이 + 후렌치후라이(L) + 콜라(L)&#9;쌀가루로 더 바삭해진 매콤한 닭가슴살 패티를 하나 더. 두 장으로 꽉 채운 매콤 바삭한 맛
6	858	63	100% (8개)
6	858	149	ㆍ
6	858	193	리뷰 (3)
6	932	36	맥너겟® 4조각
6	986	36	3,700원
6	1044	36	맥너겟® 4조각 바삭하고 촉촉한 치킨이 한 입에 쏙! 3가지 소스로 입맛에 맞게 즐겨보세요!
6	1122	63	94% (370개)
6	1122	159	ㆍ
6	1122	203	리뷰 (132)
6	1196	36	맥너겟® 6조각
6	1250	36	5,000원
6	1308	36	맥너겟® 6조각 바삭하고 촉촉한 치킨이 한 입에 쏙!3가지 소스로 입맛에 맞게 즐겨보세요!
6	1386	63	94% (245개)
6	1386	159	ㆍ
6	1386	203	리뷰 (125)
6	1441	121	지금 와우 가입하면 배달비 0원 + 25,000원 쿠폰
6	1458	781	가입하기
6	1460	36	맥윙 2조각 콤보
6	1514	36	6,100원
6	1556	24	배달비 0원 적용 중
6	1572	36	맥윙 2조각 + 콜라(M) 짭조롬하게 시즈닝 된 바삭한 껍질과 쫄깃한 속살의 조화로운 맛, 맥윙
7	0	0	95% (129개)
7	0	0	ㆍ
7	0	0	더블 맥스파이시 상하이 버거 세트
7	0	0	리뷰 (41)
7	27	36	더블 맥스파이시 상하이 + 후렌치후라이(M) + 콜라(M)&#9;쌀가루로 더 바삭해진 매콤한 닭가슴살 패티를 하나 더. 두 장으로 꽉 채운 매콤 바삭한 맛
7	66	155	맥도날드 수유점 내 메뉴를 찾아보세요
7	105	63	100% (6개)
7	105	149	ㆍ
7	105	193	리뷰 (5)
7	151	114	치킨
7	151	218	라지세트
7	151	366	세트
7	151	470	버거
7	151	574	스낵 & 사이드
7	151	771	해피밀
7	179	36	더블 맥스파이시 상하이 버거 라지세트
7	182	51	1 / 2
7	233	36	13,500원
7	248	349	맥도날드 수유점
7	291	36	더블 맥스파이시 상하이 + 후렌치후라이(L) + 콜라(L)&#9;쌀가루로 더 바삭해진 매콤한 닭가슴살 패티를 하나 더. 두 장으로 꽉 채운 매콤 바삭한 맛
7	298	398	4.8(11,417)
7	369	63	100% (8개)
7	369	149	ㆍ
7	369	193	리뷰 (3)
7	443	36	맥너겟® 4조각
7	497	36	3,700원
7	555	36	맥너겟® 4조각 바삭하고 촉촉한 치킨이 한 입에 쏙! 3가지 소스로 입맛에 맞게 즐겨보세요!
7	633	63	94% (370개)
7	633	159	ㆍ
7	633	203	리뷰 (132)
7	707	36	맥너겟® 6조각
7	761	36	5,000원
7	819	36	맥너겟® 6조각 바삭하고 촉촉한 치킨이 한 입에 쏙!3가지 소스로 입맛에 맞게 즐겨보세요!
7	897	63	94% (245개)
7	897	159	ㆍ
7	897	203	리뷰 (125)
7	971	36	맥윙 2조각 콤보
7	1025	36	6,100원
7	1083	36	맥윙 2조각 + 콜라(M) 짭조롬하게 시즈닝 된 바삭한 껍질과 쫄깃한 속살의 조화로운 맛, 맥윙
7	1191	36	맥윙 4조각 콤보
7	1245	36	9,300원
7	1303	36	맥윙 4조각 + 콜라(M) 짭조롬하게 시즈닝 된 바삭한 껍질과 쫄깃한 속살의 조화로운 맛, 맥윙
7	1381	63	100% (1개)
7	1441	121	지금 와우 가입하면 배달비 0원 + 25,000원 쿠폰
7	1455	36	맥스파이시® 치킨텐더 2조각
7	1458	781	가입하기
7	1509	36	3,600원
7	1556	24	배달비 0원 적용 중
7	1567	36	맥스파이시® 치킨텐더 2조각 부드러운 100% 닭안심살을 스파이시 시즈닝으로 매콤 바삭하게 튀겨낸 치킨 텐더! 2가지 소스로 입맛에 맞게 즐겨보세요!
8	0	0	100% (4개)
8	0	0	맥너겟® 4조각
8	66	36	맥너겟® 4조각 바삭하고 촉촉한 치킨이 한 입에 쏙! 3가지 소스로 입맛에 맞게 즐겨보세요!
8	66	155	맥도날드 수유점 내 메뉴를 찾아보세요
8	144	63	94% (370개)
8	144	159	ㆍ
8	144	203	리뷰 (132)
8	151	114	치킨
8	151	218	라지세트
8	151	366	세트
8	151	470	버거
8	151	574	스낵 & 사이드
8	151	771	해피밀
8	182	51	2 / 2
8	218	36	맥너겟® 6조각
8	248	349	맥도날드 수유점
8	272	36	5,000원
8	298	398	4.8(11,417)
8	330	36	맥너겟® 6조각 바삭하고 촉촉한 치킨이 한 입에 쏙!3가지 소스로 입맛에 맞게 즐겨보세요!
8	408	63	94% (245개)
8	408	159	ㆍ
8	408	203	리뷰 (125)
8	482	36	맥윙 2조각 콤보
8	536	36	6,100원
8	594	36	맥윙 2조각 + 콜라(M) 짭조롬하게 시즈닝 된 바삭한 껍질과 쫄깃한 속살의 조화로운 맛, 맥윙
8	702	36	맥윙 4조각 콤보
8	756	36	9,300원
8	814	36	맥윙 4조각 + 콜라(M) 짭조롬하게 시즈닝 된 바삭한 껍질과 쫄깃한 속살의 조화로운 맛, 맥윙
8	892	63	100% (1개)
8	966	36	맥스파이시® 치킨텐더 2조각
8	1020	36	3,600원
8	1078	36	맥스파이시® 치킨텐더 2조각 부드러운 100% 닭안심살을 스파이시 시즈닝으로 매콤 바삭하게 튀겨낸 치킨 텐더! 2가지 소스로 입맛에 맞게 즐겨보세요!
8	1156	63	95% (129개)
8	1156	159	ㆍ
8	1156	203	리뷰 (41)
8	1218	0	라지세트
8	1324	0	오전 10:20~내일 오전 3:50 주문가능
8	1416	36	맥크리스피™ 치킨 디럭스 라지세트
8	1441	121	지금 와우 가입하면 배달비 0원 + 25,000원 쿠폰
8	1458	781	가입하기
8	1470	36	10,700원
8	1528	36	맥크리스피™ 치킨 디럭스 + 후렌치후라이(L) + 콜라(L)&#9;더 맛있어진 100% 통닭다리살의 겉빠속촉 케이준 치킨 패티와 촉촉한 포테이토 브리오쉬 번, 풍성한 채소가 선사하는 특별한 맛의 치킨 버거
8	1556	24	배달비 0원 적용 중
9	0	0	100% (16개)
9	0	0	ㆍ
9	0	0	리뷰 (6)
9	0	36	맥윙 2조각 콤보
9	66	155	맥도날드 수유점 내 메뉴를 찾아보세요
9	108	36	맥윙 2조각 + 콜라(M) 짭조롬하게 시즈닝 된 바삭한 껍질과 쫄깃한 속살의 조화로운 맛, 맥윙
9	151	114	치킨
9	151	218	라지세트
9	151	366	세트
9	151	470	버거
9	151	574	스낵 & 사이드
9	151	771	해피밀
9	182	51	1 / 2
9	216	36	맥윙 4조각 콤보
9	248	349	맥도날드 수유점
9	270	36	9,300원
9	298	398	4.8(11,417)
9	328	36	맥윙 4조각 + 콜라(M) 짭조롬하게 시즈닝 된 바삭한 껍질과 쫄깃한 속살의 조화로운 맛, 맥윙
9	406	63	100% (1개)
9	480	36	맥스파이시® 치킨텐더 2조각
9	534	36	3,600원
9	592	36	맥스파이시® 치킨텐더 2조각 부드러운 100% 닭안심살을 스파이시 시즈닝으로 매콤 바삭하게 튀겨낸 치킨 텐더! 2가지 소스로 입맛에 맞게 즐겨보세요!
9	670	63	95% (129개)
9	670	159	ㆍ
9	670	203	리뷰 (41)
9	732	0	라지세트
9	838	0	오전 10:20~내일 오전 3:50 주문가능
9	930	36	맥크리스피™ 치킨 디럭스 라지세트
9	984	36	10,700원
9	1042	36	맥크리스피™ 치킨 디럭스 + 후렌치후라이(L) + 콜라(L)&#9;더 맛있어진 100% 통닭다리살의 겉빠속촉 케이준 치킨 패티와 촉촉한 포테이토 브리오쉬 번, 풍성한 채소가 선사하는 특별한 맛의 치킨 버거
9	1120	63	100% (4개)
9	1194	36	맥크리스피™ 치킨 클래식 라지세트
9	1248	36	9,700원
9	1306	36	맥크리스피™ 치킨 클래식 + 후렌치후라이(L) + 콜라(L)&#9;더 맛있어진 100% 통닭다리살의 겉빠속촉 케이준 치킨 패티와 촉촉한 포테이토 브리오쉬 번의 본질에 집중한, 치킨 맛을 아는 사람들을 위한 클래식 치킨 버거
9	1384	63	94% (18개)
9	1384	149	ㆍ
9	1384	193	리뷰 (1)
9	1441	121	지금 와우 가입하면 배달비 0원 + 25,000원 쿠폰
9	1458	36	토마토 치즈 비프 버거 라지 세트
9	1458	781	가입하기
9	1512	36	7,900원
9	1556	24	배달비 0원 적용 중
9	1570	36	토마토 치즈 비프 버거 + 후렌치 후라이 (L) + 콜라 (L)&#9;신선한 토마토와 고소한 치즈버거의 조화
10	0	0	94% (114개)
10	0	0	ㆍ
10	0	0	리뷰 (52)
10	0	0	슈비버거 + 후렌치후라이 (L) + 콜라 (L) 탱~글한 통새우살에 비프 패티를 더해 푸짐하게~ 슈비버거!
10	0	36	맥스파이시® 치킨텐더 2조각
10	66	155	맥도날드 수유점 내 메뉴를 찾아보세요
10	102	36	맥스파이시® 치킨텐더 2조각 부드러운 100% 닭안심살을 스파이시 시즈닝으로 매콤 바삭하게 튀겨낸 치킨 텐더! 2가지 소스로 입맛에 맞게 즐겨보세요!
10	151	114	치킨
10	151	218	라지세트
10	151	366	세트
10	151	470	버거
10	151	574	스낵 & 사이드
10	151	771	해피밀
10	180	63	95% (129개)
10	180	159	ㆍ
10	180	203	리뷰 (41)
10	182	51	2 / 2
10	242	0	라지세트
10	248	349	맥도날드 수유점
10	298	398	4.8(11,417)
10	348	0	오전 10:20~내일 오전 3:50 주문가능
10	440	36	맥크리스피™ 치킨 디럭스 라지세트
10	494	36	10,700원
10	552	36	맥크리스피™ 치킨 디럭스 + 후렌치후라이(L) + 콜라(L)&#9;더 맛있어진 100% 통닭다리살의 겉빠속촉 케이준 치킨 패티와 촉촉한 포테이토 브리오쉬 번, 풍성한 채소가 선사하는 특별한 맛의 치킨 버거
10	630	63	100% (4개)
10	704	36	맥크리스피™ 치킨 클래식 라지세트
10	758	36	9,700원
10	816	36	맥크리스피™ 치킨 클래식 + 후렌치후라이(L) + 콜라(L)&#9;더 맛있어진 100% 통닭다리살의 겉빠속촉 케이준 치킨 패티와 촉촉한 포테이토 브리오쉬 번의 본질에 집중한, 치킨 맛을 아는 사람들을 위한 클래식 치킨 버거
10	894	63	94% (18개)
10	894	149	ㆍ
10	894	193	리뷰 (1)
10	968	36	토마토 치즈 비프 버거 라지 세트
10	1022	36	7,900원
10	1080	36	토마토 치즈 비프 버거 + 후렌치 후라이 (L) + 콜라 (L)&#9;신선한 토마토와 고소한 치즈버거의 조화
10	1158	63	100% (16개)
10	1158	159	ㆍ
10	1158	203	리뷰 (6)
10	1232	36	트리플 치즈버거 라지 세트
10	1286	36	9,800원
10	1344	36	버거 + 후렌치 후라이 (L) + 콜라 (L) 부드러운 치즈와 풍부한 육즙의 패티를 세배 더 진하게 즐길 수 있는 트리플 치즈버거
10	1422	63	98% (178개)
10	1422	159	ㆍ
10	1422	203	리뷰 (41)
10	1441	121	지금 와우 가입하면 배달비 0원 + 25,000원 쿠폰
10	1458	781	가입하기
10	1496	36	슈비버거 라지 세트
10	1550	36	10,800원
10	1556	24	배달비 0원 적용 중
11	0	0	1955® 버거 + 후렌치후라이 (L) + 콜라 (L) 113g 두툼한 순 쇠고기 패티와 그릴 어니언과 베이컨, 특별한 1955 소스로 오리지널의 맛을 살리다
11	0	0	94% (235개)
11	0	0	ㆍ
11	0	0	리뷰 (55)
11	0	0	맥크리스피™ 치킨 디럭스 라지세트
11	61	36	맥크리스피™ 치킨 디럭스 + 후렌치후라이(L) + 콜라(L)&#9;더 맛있어진 100% 통닭다리살의 겉빠속촉 케이준 치킨 패티와 촉촉한 포테이토 브리오쉬 번, 풍성한 채소가 선사하는 특별한 맛의 치킨 버거
11	66	155	맥도날드 수유점 내 메뉴를 찾아보세요
11	139	63	100% (4개)
11	151	114	라지세트
11	151	262	세트
11	151	366	버거
11	151	470	스낵 & 사이드
11	151	667	해피밀
11	151	793	음료
11	182	51	1 / 2
11	213	36	맥크리스피™ 치킨 클래식 라지세트
11	248	349	맥도날드 수유점
11	267	36	9,700원
11	298	398	4.8(11,417)
11	325	36	맥크리스피™ 치킨 클래식 + 후렌치후라이(L) + 콜라(L)&#9;더 맛있어진 100% 통닭다리살의 겉빠속촉 케이준 치킨 패티와 촉촉한 포테이토 브리오쉬 번의 본질에 집중한, 치킨 맛을 아는 사람들을 위한 클래식 치킨 버거
11	403	63	94% (18개)
11	403	149	ㆍ
11	403	193	리뷰 (1)
11	477	36	토마토 치즈 비프 버거 라지 세트
11	531	36	7,900원
11	589	36	토마토 치즈 비프 버거 + 후렌치 후라이 (L) + 콜라 (L)&#9;신선한 토마토와 고소한 치즈버거의 조화
11	667	63	100% (16개)
11	667	159	ㆍ
11	667	203	리뷰 (6)
11	741	36	트리플 치즈버거 라지 세트
11	795	36	9,800원
11	853	36	버거 + 후렌치 후라이 (L) + 콜라 (L) 부드러운 치즈와 풍부한 육즙의 패티를 세배 더 진하게 즐길 수 있는 트리플 치즈버거
11	931	63	98% (178개)
11	931	159	ㆍ
11	931	203	리뷰 (41)
11	1005	36	슈비버거 라지 세트
11	1059	36	10,800원
11	1117	36	슈비버거 + 후렌치후라이 (L) + 콜라 (L) 탱~글한 통새우살에 비프 패티를 더해 푸짐하게~ 슈비버거!
11	1195	63	94% (114개)
11	1195	159	ㆍ
11	1195	203	리뷰 (52)
11	1269	36	슈슈버거 라지 세트
11	1323	36	8,300원
11	1381	36	슈버거 +슈 후렌치후라이 (L) + 콜라 (L) 탱~글한 통새우살 가득~ 슈슈버거!
11	1441	121	지금 와우 가입하면 배달비 0원 + 25,000원 쿠폰
11	1458	781	가입하기
11	1459	63	92% (90개)
11	1459	149	ㆍ
11	1459	193	리뷰 (46)
11	1533	36	1955® 버거 라지 세트
11	1556	24	배달비 0원 적용 중
11	1587	36	10,700원
12	0	0	99% (69개)
12	0	0	ㆍ
12	0	0	리뷰 (27)
12	0	0	맥치킨® 모짜렐라 버거 + 후렌치후라이 (L) + 콜라 (L) 모짜렐라 치즈 스틱과 아라비아따 소스의 조합! 아메리칸 이탈리안 스타일의 특별한 맛, 맥치킨® 모짜렐라
12	0	36	토마토 치즈 비프 버거 라지 세트
12	66	155	맥도날드 수유점 내 메뉴를 찾아보세요
12	99	36	토마토 치즈 비프 버거 + 후렌치 후라이 (L) + 콜라 (L)&#9;신선한 토마토와 고소한 치즈버거의 조화
12	151	114	라지세트
12	151	262	세트
12	151	366	버거
12	151	470	스낵 & 사이드
12	151	667	해피밀
12	151	793	음료
12	177	63	100% (16개)
12	177	159	ㆍ
12	177	203	리뷰 (6)
12	182	51	2 / 2
12	248	349	맥도날드 수유점
12	251	36	트리플 치즈버거 라지 세트
12	298	398	4.8(11,417)
12	305	36	9,800원
12	363	36	버거 + 후렌치 후라이 (L) + 콜라 (L) 부드러운 치즈와 풍부한 육즙의 패티를 세배 더 진하게 즐길 수 있는 트리플 치즈버거
12	441	63	98% (178개)
12	441	159	ㆍ
12	441	203	리뷰 (41)
12	515	36	슈비버거 라지 세트
12	569	36	10,800원
12	627	36	슈비버거 + 후렌치후라이 (L) + 콜라 (L) 탱~글한 통새우살에 비프 패티를 더해 푸짐하게~ 슈비버거!
12	705	63	94% (114개)
12	705	159	ㆍ
12	705	203	리뷰 (52)
12	779	36	슈슈버거 라지 세트
12	833	36	8,300원
12	891	36	슈버거 +슈 후렌치후라이 (L) + 콜라 (L) 탱~글한 통새우살 가득~ 슈슈버거!
12	969	63	92% (90개)
12	969	149	ㆍ
12	969	193	리뷰 (46)
12	1043	36	1955® 버거 라지 세트
12	1097	36	10,700원
12	1155	36	1955® 버거 + 후렌치후라이 (L) + 콜라 (L) 113g 두툼한 순 쇠고기 패티와 그릴 어니언과 베이컨, 특별한 1955 소스로 오리지널의 맛을 살리다
12	1233	63	94% (235개)
12	1233	159	ㆍ
12	1233	203	리뷰 (55)
12	1307	36	맥치킨® 라지 세트
12	1361	36	7,900원
12	1419	36	맥치킨® 버거 + 후렌치후라이 (L) + 콜라 (L) 바삭한 치킨 패티와 화이트 마요 소스의 조화가 깔끔하고 맛있는 맥치킨®
12	1441	121	지금 와우 가입하면 배달비 0원 + 25,000원 쿠폰
12	1458	781	가입하기
12	1497	63	96% (97개)
12	1497	149	ㆍ
12	1497	193	리뷰 (26)
12	1556	24	배달비 0원 적용 중
12	1571	36	맥치킨® 모짜렐라 라지 세트
13	0	0	90% (308개)
13	0	0	ㆍ
13	0	0	리뷰 (161)
13	0	0	맥스파이시® 상하이버거 + 후렌치후라이 (L) + 콜라 (L) 매콤한 100% 닭가슴 통살 위에 아삭아삭한 양상추와 신선한 토마토~ 겉은 바삭, 속은 부드러운 치킨 패티의 매콤함으로 입맛도 기분도 화끈하게!
13	0	0	맥스파이시® 상하이버거 라지 세트
13	25	36	슈비버거 라지 세트
13	66	155	맥도날드 수유점 내 메뉴를 찾아보세요
13	137	36	슈비버거 + 후렌치후라이 (L) + 콜라 (L) 탱~글한 통새우살에 비프 패티를 더해 푸짐하게~ 슈비버거!
13	151	114	라지세트
13	151	262	세트
13	151	366	버거
13	151	470	스낵 & 사이드
13	151	667	해피밀
13	151	793	음료
13	182	51	1 / 2
13	215	63	94% (114개)
13	215	159	ㆍ
13	215	203	리뷰 (52)
13	248	349	맥도날드 수유점
13	289	36	슈슈버거 라지 세트
13	298	398	4.8(11,417)
13	343	36	8,300원
13	401	36	슈버거 +슈 후렌치후라이 (L) + 콜라 (L) 탱~글한 통새우살 가득~ 슈슈버거!
13	479	63	92% (90개)
13	479	149	ㆍ
13	479	193	리뷰 (46)
13	553	36	1955® 버거 라지 세트
13	607	36	10,700원
13	665	36	1955® 버거 + 후렌치후라이 (L) + 콜라 (L) 113g 두툼한 순 쇠고기 패티와 그릴 어니언과 베이컨, 특별한 1955 소스로 오리지널의 맛을 살리다
13	743	63	94% (235개)
13	743	159	ㆍ
13	743	203	리뷰 (55)
13	817	36	맥치킨® 라지 세트
13	871	36	7,900원
13	929	36	맥치킨® 버거 + 후렌치후라이 (L) + 콜라 (L) 바삭한 치킨 패티와 화이트 마요 소스의 조화가 깔끔하고 맛있는 맥치킨®
13	1007	63	96% (97개)
13	1007	149	ㆍ
13	1007	193	리뷰 (26)
13	1081	36	맥치킨® 모짜렐라 라지 세트
13	1135	36	9,600원
13	1193	36	맥치킨® 모짜렐라 버거 + 후렌치후라이 (L) + 콜라 (L) 모짜렐라 치즈 스틱과 아라비아따 소스의 조합! 아메리칸 이탈리안 스타일의 특별한 맛, 맥치킨® 모짜렐라
13	1271	63	99% (69개)
13	1271	149	ㆍ
13	1271	193	리뷰 (27)
13	1345	36	빅맥® 라지 세트
13	1399	36	9,900원
13	1441	121	지금 와우 가입하면 배달비 0원 + 25,000원 쿠폰
13	1457	36	빅맥® 버거 + 후렌치후라이 (L) + 콜라 (L) 100% 순 쇠고기 패티 두 장에 빅맥®만의 특별한 소스. 입안에서 살살 녹는 치즈와 신선한 양상추, 양파, 그리고 피클까지. 40년 넘게 전 세계인의 입맛을 사로 잡은 버거의 대명사.
13	1458	781	가입하기
13	1535	63	92% (382개)
13	1535	159	ㆍ
13	1535	203	리뷰 (170)
13	1556	24	배달비 0원 적용 중
14	63	36	1955® 버거 라지 세트
14	66	155	맥도날드 수유점 내 메뉴를 찾아보세요
14	132	36	10,700원
14	151	114	라지세트
14	151	262	세트
14	151	366	버거
14	151	470	스낵 & 사이드
14	151	667	해피밀
14	151	793	음료
14	175	36	1955® 버거 + 후렌치후라이 (L) + 콜라 (L) 113g 두툼한 순 쇠고기 패티와 그릴 어니언과 베이컨, 특별한 1955 소스로 오리지널의 맛을 살리다
14	182	51	2 / 2
14	248	349	맥도날드 수유점
14	253	63	94% (235개)
14	253	159	ㆍ
14	253	203	리뷰 (55)
14	298	398	4.8(11,417)
14	327	36	맥치킨® 라지 세트
14	381	36	7,900원
14	439	36	맥치킨® 버거 + 후렌치후라이 (L) + 콜라 (L) 바삭한 치킨 패티와 화이트 마요 소스의 조화가 깔끔하고 맛있는 맥치킨®
14	517	63	96% (97개)
14	517	149	ㆍ
14	517	193	리뷰 (26)
14	591	36	맥치킨® 모짜렐라 라지 세트
14	645	36	9,600원
14	703	36	맥치킨® 모짜렐라 버거 + 후렌치후라이 (L) + 콜라 (L) 모짜렐라 치즈 스틱과 아라비아따 소스의 조합! 아메리칸 이탈리안 스타일의 특별한 맛, 맥치킨® 모짜렐라
14	781	63	99% (69개)
14	781	149	ㆍ
14	781	193	리뷰 (27)
14	855	36	빅맥® 라지 세트
14	909	36	9,900원
14	967	36	빅맥® 버거 + 후렌치후라이 (L) + 콜라 (L) 100% 순 쇠고기 패티 두 장에 빅맥®만의 특별한 소스. 입안에서 살살 녹는 치즈와 신선한 양상추, 양파, 그리고 피클까지. 40년 넘게 전 세계인의 입맛을 사로 잡은 버거의 대명사.
14	1045	63	92% (382개)
14	1045	159	ㆍ
14	1045	203	리뷰 (170)
14	1119	36	맥스파이시® 상하이버거 라지 세트
14	1173	36	10,000원
14	1231	36	맥스파이시® 상하이버거 + 후렌치후라이 (L) + 콜라 (L) 매콤한 100% 닭가슴 통살 위에 아삭아삭한 양상추와 신선한 토마토~ 겉은 바삭, 속은 부드러운 치킨 패티의 매콤함으로 입맛도 기분도 화끈하게!
14	1309	63	90% (308개)
14	1309	159	ㆍ
14	1309	203	리뷰 (161)
14	1383	36	더블 불고기버거 라지 세트
14	1437	36	9,100원
14	1441	121	지금 와우 가입하면 배달비 0원 + 25,000원 쿠폰
14	1458	781	가입하기
14	1495	36	더블 불고기 버거 + 후렌치후라이 (L) + 콜라 (L) 진한 불고기 소스의 패티가 두 장! 여기에 고소한 치즈와 마요네즈,  신선한 양상추를 곁들인 깊고 풍부한 맛.
14	1556	24	배달비 0원 적용 중
14	1573	63	98% (167개)
14	1573	159	ㆍ
14	1573	203	리뷰 (55)
15	0	0	95% (128개)
15	0	0	ㆍ
15	0	0	리뷰 (48)
15	66	155	맥도날드 수유점 내 메뉴를 찾아보세요
15	106	36	맥치킨® 모짜렐라 라지 세트
15	151	114	라지세트
15	151	262	세트
15	151	366	버거
15	151	470	스낵 & 사이드
15	151	667	해피밀
15	151	793	음료
15	160	36	9,600원
15	182	51	1 / 2
15	218	36	맥치킨® 모짜렐라 버거 + 후렌치후라이 (L) + 콜라 (L) 모짜렐라 치즈 스틱과 아라비아따 소스의 조합! 아메리칸 이탈리안 스타일의 특별한 맛, 맥치킨® 모짜렐라
15	248	349	맥도날드 수유점
15	296	63	99% (69개)
15	296	149	ㆍ
15	296	193	리뷰 (27)
15	298	398	4.8(11,417)
15	370	36	빅맥® 라지 세트
15	424	36	9,900원
15	482	36	빅맥® 버거 + 후렌치후라이 (L) + 콜라 (L) 100% 순 쇠고기 패티 두 장에 빅맥®만의 특별한 소스. 입안에서 살살 녹는 치즈와 신선한 양상추, 양파, 그리고 피클까지. 40년 넘게 전 세계인의 입맛을 사로 잡은 버거의 대명사.
15	560	63	92% (382개)
15	560	159	ㆍ
15	560	203	리뷰 (170)
15	634	36	맥스파이시® 상하이버거 라지 세트
15	688	36	10,000원
15	746	36	맥스파이시® 상하이버거 + 후렌치후라이 (L) + 콜라 (L) 매콤한 100% 닭가슴 통살 위에 아삭아삭한 양상추와 신선한 토마토~ 겉은 바삭, 속은 부드러운 치킨 패티의 매콤함으로 입맛도 기분도 화끈하게!
15	824	63	90% (308개)
15	824	159	ㆍ
15	824	203	리뷰 (161)
15	898	36	더블 불고기버거 라지 세트
15	952	36	9,100원
15	1010	36	더블 불고기 버거 + 후렌치후라이 (L) + 콜라 (L) 진한 불고기 소스의 패티가 두 장! 여기에 고소한 치즈와 마요네즈,  신선한 양상추를 곁들인 깊고 풍부한 맛.
15	1088	63	98% (167개)
15	1088	159	ㆍ
15	1088	203	리뷰 (55)
15	1162	36	불고기버거 라지 세트
15	1216	36	7,800원
15	1274	36	불고기 버거 + 후렌치후라이 (L) + 콜라 (L) 한국인의 입맛에 딱 맞는 불고기 소스에 잘 재운 패티와 고소한 마요네즈, 신선한 양상추의 맛있는 조합.
15	1352	63	91% (146개)
15	1352	159	ㆍ
15	1352	203	리뷰 (53)
15	1426	36	베이컨 토마토 디럭스 라지 세트
15	1441	121	지금 와우 가입하면 배달비 0원 + 25,000원 쿠폰
15	1458	781	가입하기
15	1480	36	10,300원
15	1538	36	베이컨 토마토 디럭스 버거 + 후렌치후라이 (L) + 콜라 (L) 두 장의 100% 순 쇠고기 패티에 베이컨과, 신선한 토마토와 양상추,매콤달콤한 스위트 칠리 소스, 치즈, 마요네즈를 더해 더욱 풍부하고 신선한 맛의 프리미엄 버거.
15	1556	24	배달비 0원 적용 중
16	0	0	100% (40개)
16	0	0	ㆍ
16	0	0	리뷰 (9)
16	66	155	맥도날드 수유점 내 메뉴를 찾아보세요
16	145	36	맥스파이시® 상하이버거 라지 세트
16	151	114	라지세트
16	151	262	세트
16	151	366	버거
16	151	470	스낵 & 사이드
16	151	667	해피밀
16	151	793	음료
16	182	51	2 / 2
16	199	36	10,000원
16	248	349	맥도날드 수유점
16	257	36	맥스파이시® 상하이버거 + 후렌치후라이 (L) + 콜라 (L) 매콤한 100% 닭가슴 통살 위에 아삭아삭한 양상추와 신선한 토마토~ 겉은 바삭, 속은 부드러운 치킨 패티의 매콤함으로 입맛도 기분도 화끈하게!
16	298	398	4.8(11,417)
16	335	63	90% (308개)
16	335	159	ㆍ
16	335	203	리뷰 (161)
16	409	36	더블 불고기버거 라지 세트
16	463	36	9,100원
16	521	36	더블 불고기 버거 + 후렌치후라이 (L) + 콜라 (L) 진한 불고기 소스의 패티가 두 장! 여기에 고소한 치즈와 마요네즈,  신선한 양상추를 곁들인 깊고 풍부한 맛.
16	599	63	98% (167개)
16	599	159	ㆍ
16	599	203	리뷰 (55)
16	673	36	불고기버거 라지 세트
16	727	36	7,800원
16	785	36	불고기 버거 + 후렌치후라이 (L) + 콜라 (L) 한국인의 입맛에 딱 맞는 불고기 소스에 잘 재운 패티와 고소한 마요네즈, 신선한 양상추의 맛있는 조합.
16	863	63	91% (146개)
16	863	159	ㆍ
16	863	203	리뷰 (53)
16	937	36	베이컨 토마토 디럭스 라지 세트
16	991	36	10,300원
16	1049	36	베이컨 토마토 디럭스 버거 + 후렌치후라이 (L) + 콜라 (L) 두 장의 100% 순 쇠고기 패티에 베이컨과, 신선한 토마토와 양상추,매콤달콤한 스위트 칠리 소스, 치즈, 마요네즈를 더해 더욱 풍부하고 신선한 맛의 프리미엄 버거.
16	1127	63	95% (128개)
16	1127	159	ㆍ
16	1127	203	리뷰 (48)
16	1201	36	더블 쿼터파운더® 치즈 라지 세트
16	1255	36	11,900원
16	1313	36	더블 쿼터파운더® 치즈버거 + 후렌치후라이 (L) + 콜라 (L) 좋아하는건 더 많이 즐기시라고, 두 배 이상 커진 1/4 파운드 비프 패티가 두 장(226그램)! 육즙이 풍부한 고기 맛을 그대로 살린 100% 순 쇠고기 패티 두 장과 치즈 두 장이 입안 가득 완벽하게 조화되는 놀라운 맛
16	1391	63	97% (182개)
16	1391	159	ㆍ
16	1391	203	리뷰 (40)
16	1441	121	지금 와우 가입하면 배달비 0원 + 25,000원 쿠폰
16	1458	781	가입하기
16	1465	36	쿼터파운더® 치즈 라지 세트
16	1519	36	10,200원
16	1556	24	배달비 0원 적용 중
16	1577	36	쿼터파운더® 치즈버거 + 후렌치후라이 (L) + 콜라 (L) 쿼터파운더라는 이름에서 알 수 있듯이 두 배 이상 커진 1/4파운드(113그램) 비프와 부드러운 치즈 두 장의 환상궁합! 두툼한 순 쇠고기 패티와 신선한 치즈의 풍부한 맛으로 세계적으로 사랑받고 있는 맥도날드의 대표적인 프리미엄 버거
17	0	0	97% (66개)
17	0	0	ㆍ
17	0	0	더블 불고기버거 라지 세트
17	0	0	더블 치즈버거 + 후렌치후라이 (L) + 콜라 (L) 고소하고 부드러운 치즈와 100% 순 쇠고기 패티가 두개 맥도날드만의 더블 치즈버거!!
17	0	0	리뷰 (20)
17	30	36	더블 불고기 버거 + 후렌치후라이 (L) + 콜라 (L) 진한 불고기 소스의 패티가 두 장! 여기에 고소한 치즈와 마요네즈,  신선한 양상추를 곁들인 깊고 풍부한 맛.
17	66	155	맥도날드 수유점 내 메뉴를 찾아보세요
17	108	63	98% (167개)
17	108	159	ㆍ
17	108	203	리뷰 (55)
17	151	114	라지세트
17	151	262	세트
17	151	366	버거
17	151	470	스낵 & 사이드
17	151	667	해피밀
17	151	793	음료
17	182	36	불고기버거 라지 세트
17	182	51	1 / 2
17	236	36	7,800원
17	248	349	맥도날드 수유점
17	294	36	불고기 버거 + 후렌치후라이 (L) + 콜라 (L) 한국인의 입맛에 딱 맞는 불고기 소스에 잘 재운 패티와 고소한 마요네즈, 신선한 양상추의 맛있는 조합.
17	298	398	4.8(11,417)
17	372	63	91% (146개)
17	372	159	ㆍ
17	372	203	리뷰 (53)
17	446	36	베이컨 토마토 디럭스 라지 세트
17	500	36	10,300원
17	558	36	베이컨 토마토 디럭스 버거 + 후렌치후라이 (L) + 콜라 (L) 두 장의 100% 순 쇠고기 패티에 베이컨과, 신선한 토마토와 양상추,매콤달콤한 스위트 칠리 소스, 치즈, 마요네즈를 더해 더욱 풍부하고 신선한 맛의 프리미엄 버거.
17	636	63	95% (128개)
17	636	159	ㆍ
17	636	203	리뷰 (48)
17	710	36	더블 쿼터파운더® 치즈 라지 세트
17	764	36	11,900원
17	822	36	더블 쿼터파운더® 치즈버거 + 후렌치후라이 (L) + 콜라 (L) 좋아하는건 더 많이 즐기시라고, 두 배 이상 커진 1/4 파운드 비프 패티가 두 장(226그램)! 육즙이 풍부한 고기 맛을 그대로 살린 100% 순 쇠고기 패티 두 장과 치즈 두 장이 입안 가득 완벽하게 조화되는 놀라운 맛
17	900	63	97% (182개)
17	900	159	ㆍ
17	900	203	리뷰 (40)
17	974	36	쿼터파운더® 치즈 라지 세트
17	1028	36	10,200원
17	1086	36	쿼터파운더® 치즈버거 + 후렌치후라이 (L) + 콜라 (L) 쿼터파운더라는 이름에서 알 수 있듯이 두 배 이상 커진 1/4파운드(113그램) 비프와 부드러운 치즈 두 장의 환상궁합! 두툼한 순 쇠고기 패티와 신선한 치즈의 풍부한 맛으로 세계적으로 사랑받고 있는 맥도날드의 대표적인 프리미엄 버거
17	1164	63	100% (40개)
17	1164	159	ㆍ
17	1164	203	리뷰 (9)
17	1238	36	치즈버거 라지 세트
17	1292	36	7,300원
17	1350	36	치즈버거 + 후렌치후라이 (L) + 콜라 (L) 고소하고 부드러운 치즈와 100% 순 쇠고기 패티, 맥도날드만의 심플한 클래식 치즈버거.
17	1428	63	85% (27개)
17	1428	149	ㆍ
17	1428	193	리뷰 (14)
17	1441	121	지금 와우 가입하면 배달비 0원 + 25,000원 쿠폰
17	1458	781	가입하기
17	1502	36	더블 치즈버거 라지 세트
17	1556	24	배달비 0원 적용 중
17	1556	36	8,600원
18	0	0	베이컨 토마토 디럭스 라지 세트
18	66	155	맥도날드 수유점 내 메뉴를 찾아보세요
18	69	36	베이컨 토마토 디럭스 버거 + 후렌치후라이 (L) + 콜라 (L) 두 장의 100% 순 쇠고기 패티에 베이컨과, 신선한 토마토와 양상추,매콤달콤한 스위트 칠리 소스, 치즈, 마요네즈를 더해 더욱 풍부하고 신선한 맛의 프리미엄 버거.
18	147	63	95% (128개)
18	147	159	ㆍ
18	147	203	리뷰 (48)
18	151	114	라지세트
18	151	262	세트
18	151	366	버거
18	151	470	스낵 & 사이드
18	151	667	해피밀
18	151	793	음료
18	182	51	2 / 2
18	221	36	더블 쿼터파운더® 치즈 라지 세트
18	248	349	맥도날드 수유점
18	275	36	11,900원
18	298	398	4.8(11,417)
18	333	36	더블 쿼터파운더® 치즈버거 + 후렌치후라이 (L) + 콜라 (L) 좋아하는건 더 많이 즐기시라고, 두 배 이상 커진 1/4 파운드 비프 패티가 두 장(226그램)! 육즙이 풍부한 고기 맛을 그대로 살린 100% 순 쇠고기 패티 두 장과 치즈 두 장이 입안 가득 완벽하게 조화되는 놀라운 맛
18	411	63	97% (182개)
18	411	159	ㆍ
18	411	203	리뷰 (40)
18	485	36	쿼터파운더® 치즈 라지 세트
18	539	36	10,200원
18	597	36	쿼터파운더® 치즈버거 + 후렌치후라이 (L) + 콜라 (L) 쿼터파운더라는 이름에서 알 수 있듯이 두 배 이상 커진 1/4파운드(113그램) 비프와 부드러운 치즈 두 장의 환상궁합! 두툼한 순 쇠고기 패티와 신선한 치즈의 풍부한 맛으로 세계적으로 사랑받고 있는 맥도날드의 대표적인 프리미엄 버거
18	675	63	100% (40개)
18	675	159	ㆍ
18	675	203	리뷰 (9)
18	749	36	치즈버거 라지 세트
18	803	36	7,300원
18	861	36	치즈버거 + 후렌치후라이 (L) + 콜라 (L) 고소하고 부드러운 치즈와 100% 순 쇠고기 패티, 맥도날드만의 심플한 클래식 치즈버거.
18	939	63	85% (27개)
18	939	149	ㆍ
18	939	193	리뷰 (14)
18	1013	36	더블 치즈버거 라지 세트
18	1067	36	8,600원
18	1125	36	더블 치즈버거 + 후렌치후라이 (L) + 콜라 (L) 고소하고 부드러운 치즈와 100% 순 쇠고기 패티가 두개 맥도날드만의 더블 치즈버거!!
18	1203	63	97% (66개)
18	1203	149	ㆍ
18	1203	193	리뷰 (20)
18	1277	36	맥너겟® 6조각 라지 세트
18	1331	36	8,600원
18	1389	36	맥너겟® 6조각 + 후렌치후라이 (L) + 콜라 (L) 바삭하고 촉촉한 치킨이 한 입에 쏙! 3가지 소스로 입맛에 맞게 즐겨보세요!
18	1441	121	지금 와우 가입하면 배달비 0원 + 25,000원 쿠폰
18	1458	781	가입하기
18	1467	63	95% (20개)
18	1467	149	ㆍ
18	1467	193	리뷰 (3)
18	1529	0	세트
18	1556	24	배달비 0원 적용 중
19	0	0	100% (5개)
19	0	0	맥크리스피™ 치킨 클래식+ 후렌치후라이(M) + 콜라(M)&#9;더 맛있어진 100% 통닭다리살의 겉빠속촉 케이준 치킨 패티와 촉촉한 포테이토 브리오쉬 번의 본질에 집중한, 치킨 맛을 아는 사람들을 위한 클래식 치킨 버거
19	0	36	쿼터파운더® 치즈 라지 세트
19	66	155	맥도날드 수유점 내 메뉴를 찾아보세요
19	109	36	쿼터파운더® 치즈버거 + 후렌치후라이 (L) + 콜라 (L) 쿼터파운더라는 이름에서 알 수 있듯이 두 배 이상 커진 1/4파운드(113그램) 비프와 부드러운 치즈 두 장의 환상궁합! 두툼한 순 쇠고기 패티와 신선한 치즈의 풍부한 맛으로 세계적으로 사랑받고 있는 맥도날드의 대표적인 프리미엄 버거
19	151	114	라지세트
19	151	262	세트
19	151	366	버거
19	151	470	스낵 & 사이드
19	151	667	해피밀
19	151	793	음료
19	182	51	1 / 2
19	187	63	100% (40개)
19	187	159	ㆍ
19	187	203	리뷰 (9)
19	248	349	맥도날드 수유점
19	261	36	치즈버거 라지 세트
19	298	398	4.8(11,417)
19	315	36	7,300원
19	373	36	치즈버거 + 후렌치후라이 (L) + 콜라 (L) 고소하고 부드러운 치즈와 100% 순 쇠고기 패티, 맥도날드만의 심플한 클래식 치즈버거.
19	451	63	85% (27개)
19	451	149	ㆍ
19	451	193	리뷰 (14)
19	525	36	더블 치즈버거 라지 세트
19	579	36	8,600원
19	637	36	더블 치즈버거 + 후렌치후라이 (L) + 콜라 (L) 고소하고 부드러운 치즈와 100% 순 쇠고기 패티가 두개 맥도날드만의 더블 치즈버거!!
19	715	63	97% (66개)
19	715	149	ㆍ
19	715	193	리뷰 (20)
19	789	36	맥너겟® 6조각 라지 세트
19	843	36	8,600원
19	901	36	맥너겟® 6조각 + 후렌치후라이 (L) + 콜라 (L) 바삭하고 촉촉한 치킨이 한 입에 쏙! 3가지 소스로 입맛에 맞게 즐겨보세요!
19	979	63	95% (20개)
19	979	149	ㆍ
19	979	193	리뷰 (3)
19	1041	0	세트
19	1147	0	오전 10:20~내일 오전 3:50 주문가능
19	1239	36	맥크리스피™ 치킨 디럭스 세트
19	1293	36	9,800원
19	1351	36	맥크리스피™ 치킨 디럭스 + 후렌치후라이(M) + 콜라(M)&#9;더 맛있어진 100% 통닭다리살의 겉빠속촉 케이준 치킨 패티와 촉촉한 포테이토 브리오쉬 번, 풍성한 채소가 선사하는 특별한 맛의 치킨 버거
19	1429	63	100% (2개)
19	1429	149	ㆍ
19	1429	193	리뷰 (3)
19	1441	121	지금 와우 가입하면 배달비 0원 + 25,000원 쿠폰
19	1458	781	가입하기
19	1503	36	맥크리스피™ 치킨 클래식 세트
19	1556	24	배달비 0원 적용 중
19	1557	36	8,800원
20	0	0	98% (114개)
20	0	0	ㆍ
20	0	0	리뷰 (36)
20	0	0	버거 + 후렌치 후라이 (M) + 콜라 (M) 부드러운 치즈와 풍부한 육즙의 패티를 세배 더 진하게 즐길 수 있는 트리플 치즈버거
20	33	36	더블 치즈버거 라지 세트
20	66	155	맥도날드 수유점 내 메뉴를 찾아보세요
20	145	36	더블 치즈버거 + 후렌치후라이 (L) + 콜라 (L) 고소하고 부드러운 치즈와 100% 순 쇠고기 패티가 두개 맥도날드만의 더블 치즈버거!!
20	151	114	라지세트
20	151	262	세트
20	151	366	버거
20	151	470	스낵 & 사이드
20	151	667	해피밀
20	151	793	음료
20	182	51	2 / 2
20	223	63	97% (66개)
20	223	149	ㆍ
20	223	193	리뷰 (20)
20	248	349	맥도날드 수유점
20	297	36	맥너겟® 6조각 라지 세트
20	298	398	4.8(11,417)
20	351	36	8,600원
20	409	36	맥너겟® 6조각 + 후렌치후라이 (L) + 콜라 (L) 바삭하고 촉촉한 치킨이 한 입에 쏙! 3가지 소스로 입맛에 맞게 즐겨보세요!
20	487	63	95% (20개)
20	487	149	ㆍ
20	487	193	리뷰 (3)
20	549	0	세트
20	655	0	오전 10:20~내일 오전 3:50 주문가능
20	747	36	맥크리스피™ 치킨 디럭스 세트
20	801	36	9,800원
20	859	36	맥크리스피™ 치킨 디럭스 + 후렌치후라이(M) + 콜라(M)&#9;더 맛있어진 100% 통닭다리살의 겉빠속촉 케이준 치킨 패티와 촉촉한 포테이토 브리오쉬 번, 풍성한 채소가 선사하는 특별한 맛의 치킨 버거
20	937	63	100% (2개)
20	937	149	ㆍ
20	937	193	리뷰 (3)
20	1011	36	맥크리스피™ 치킨 클래식 세트
20	1065	36	8,800원
20	1123	36	맥크리스피™ 치킨 클래식+ 후렌치후라이(M) + 콜라(M)&#9;더 맛있어진 100% 통닭다리살의 겉빠속촉 케이준 치킨 패티와 촉촉한 포테이토 브리오쉬 번의 본질에 집중한, 치킨 맛을 아는 사람들을 위한 클래식 치킨 버거
20	1201	63	100% (5개)
20	1275	36	토마토 치즈 비프 버거 세트
20	1329	36	7,000원
20	1387	36	토마토 치즈 비프 버거 + 후렌치 후라이 (M) + 콜라 (M)&#9;신선한 토마토와 고소한 치즈버거의 조화
20	1441	121	지금 와우 가입하면 배달비 0원 + 25,000원 쿠폰
20	1458	781	가입하기
20	1465	63	100% (30개)
20	1465	159	ㆍ
20	1465	203	리뷰 (5)
20	1539	36	트리플 치즈버거 세트
20	1556	24	배달비 0원 적용 중
20	1593	36	8,900원
21	0	0	94% (83개)
21	0	0	ㆍ
21	0	0	리뷰 (48)
21	0	0	버거 + 후렌치후라이 (M) + 콜라 (M) 탱~글한 통새우살 가득~ 슈슈버거!
21	66	155	맥도날드 수유점 내 메뉴를 찾아보세요
21	132	0	세트
21	151	114	세트
21	151	218	버거
21	151	322	스낵 & 사이드
21	151	519	해피밀
21	151	645	음료
21	151	749	디저트
21	151	875	디저트
21	169	0	오전 10:20~내일 오전 3:50 주문가능
21	182	51	1 / 2
21	248	349	맥도날드 수유점
21	261	36	맥크리스피™ 치킨 디럭스 세트
21	298	398	4.8(11,417)
21	315	36	9,800원
21	373	36	맥크리스피™ 치킨 디럭스 + 후렌치후라이(M) + 콜라(M)&#9;더 맛있어진 100% 통닭다리살의 겉빠속촉 케이준 치킨 패티와 촉촉한 포테이토 브리오쉬 번, 풍성한 채소가 선사하는 특별한 맛의 치킨 버거
21	451	63	100% (2개)
21	451	149	ㆍ
21	451	193	리뷰 (3)
21	525	36	맥크리스피™ 치킨 클래식 세트
21	579	36	8,800원
21	637	36	맥크리스피™ 치킨 클래식+ 후렌치후라이(M) + 콜라(M)&#9;더 맛있어진 100% 통닭다리살의 겉빠속촉 케이준 치킨 패티와 촉촉한 포테이토 브리오쉬 번의 본질에 집중한, 치킨 맛을 아는 사람들을 위한 클래식 치킨 버거
21	715	63	100% (5개)
21	789	36	토마토 치즈 비프 버거 세트
21	843	36	7,000원
21	901	36	토마토 치즈 비프 버거 + 후렌치 후라이 (M) + 콜라 (M)&#9;신선한 토마토와 고소한 치즈버거의 조화
21	979	63	100% (30개)
21	979	159	ㆍ
21	979	203	리뷰 (5)
21	1053	36	트리플 치즈버거 세트
21	1107	36	8,900원
21	1165	36	버거 + 후렌치 후라이 (M) + 콜라 (M) 부드러운 치즈와 풍부한 육즙의 패티를 세배 더 진하게 즐길 수 있는 트리플 치즈버거
21	1243	63	98% (114개)
21	1243	159	ㆍ
21	1243	203	리뷰 (36)
21	1317	36	슈비버거 세트
21	1371	36	9,900원
21	1429	36	버거 + 후렌치후라이 (M) + 콜라 (M) 탱~글한 통새우살에 비프 패티를 더해 푸짐하게~ 슈비버거!
21	1441	121	지금 와우 가입하면 배달비 0원 + 25,000원 쿠폰
21	1458	781	가입하기
21	1507	63	98% (102개)
21	1507	159	ㆍ
21	1507	203	리뷰 (59)
21	1556	24	배달비 0원 적용 중
21	1581	36	슈슈버거 세트
22	0	0	97% (151개)
22	0	0	ㆍ
22	0	0	리뷰 (61)
22	0	0	버거 + 후렌치후라이 (M) + 콜라 (M) 바삭한 치킨 패티와 화이트 마요 소스의 조화가 깔끔하고 맛있는 맥치킨®
22	39	36	맥크리스피™ 치킨 클래식 세트
22	66	155	맥도날드 수유점 내 메뉴를 찾아보세요
22	132	36	8,800원
22	151	36	맥크리스피™ 치킨 클래식+ 후렌치후라이(M) + 콜라(M)&#9;더 맛있어진 100% 통닭다리살의 겉빠속촉 케이준 치킨 패티와 촉촉한 포테이토 브리오쉬 번의 본질에 집중한, 치킨 맛을 아는 사람들을 위한 클래식 치킨 버거
22	151	114	세트
22	151	218	버거
22	151	322	스낵 & 사이드
22	151	519	해피밀
22	151	645	음료
22	151	749	디저트
22	151	875	디저트
22	182	51	2 / 2
22	229	63	100% (5개)
22	248	349	맥도날드 수유점
22	298	398	4.8(11,417)
22	303	36	토마토 치즈 비프 버거 세트
22	357	36	7,000원
22	415	36	토마토 치즈 비프 버거 + 후렌치 후라이 (M) + 콜라 (M)&#9;신선한 토마토와 고소한 치즈버거의 조화
22	493	63	100% (30개)
22	493	159	ㆍ
22	493	203	리뷰 (5)
22	567	36	트리플 치즈버거 세트
22	621	36	8,900원
22	679	36	버거 + 후렌치 후라이 (M) + 콜라 (M) 부드러운 치즈와 풍부한 육즙의 패티를 세배 더 진하게 즐길 수 있는 트리플 치즈버거
22	757	63	98% (114개)
22	757	159	ㆍ
22	757	203	리뷰 (36)
22	831	36	슈비버거 세트
22	885	36	9,900원
22	943	36	버거 + 후렌치후라이 (M) + 콜라 (M) 탱~글한 통새우살에 비프 패티를 더해 푸짐하게~ 슈비버거!
22	1021	63	98% (102개)
22	1021	159	ㆍ
22	1021	203	리뷰 (59)
22	1095	36	슈슈버거 세트
22	1149	36	7,400원
22	1207	36	버거 + 후렌치후라이 (M) + 콜라 (M) 탱~글한 통새우살 가득~ 슈슈버거!
22	1255	63	94% (83개)
22	1255	149	ㆍ
22	1255	193	리뷰 (48)
22	1329	36	1955® 버거 세트
22	1383	36	9,800원
22	1441	36	버거 + 후렌치후라이 (M) + 콜라 (M) 113g 두툼한 순 쇠고기 패티와 그릴 어니언과 베이컨, 특별한 1955 소스로 오리지널의 맛을 살리다
22	1441	121	지금 와우 가입하면 배달비 0원 + 25,000원 쿠폰
22	1458	781	가입하기
22	1519	63	96% (120개)
22	1519	159	ㆍ
22	1519	203	리뷰 (52)
22	1556	24	배달비 0원 적용 중
22	1593	36	맥치킨® 세트
23	66	155	맥도날드 수유점 내 메뉴를 찾아보세요
23	78	36	트리플 치즈버거 세트
23	132	36	8,900원
23	151	114	세트
23	151	218	버거
23	151	322	스낵 & 사이드
23	151	519	해피밀
23	151	645	음료
23	151	749	디저트
23	151	875	디저트
23	182	51	1 / 2
23	190	36	버거 + 후렌치 후라이 (M) + 콜라 (M) 부드러운 치즈와 풍부한 육즙의 패티를 세배 더 진하게 즐길 수 있는 트리플 치즈버거
23	248	349	맥도날드 수유점
23	268	63	98% (114개)
23	268	159	ㆍ
23	268	203	리뷰 (36)
23	298	398	4.8(11,417)
23	342	36	슈비버거 세트
23	396	36	9,900원
23	454	36	버거 + 후렌치후라이 (M) + 콜라 (M) 탱~글한 통새우살에 비프 패티를 더해 푸짐하게~ 슈비버거!
23	532	63	98% (102개)
23	532	159	ㆍ
23	532	203	리뷰 (59)
23	606	36	슈슈버거 세트
23	660	36	7,400원
23	718	36	버거 + 후렌치후라이 (M) + 콜라 (M) 탱~글한 통새우살 가득~ 슈슈버거!
23	766	63	94% (83개)
23	766	149	ㆍ
23	766	193	리뷰 (48)
23	840	36	1955® 버거 세트
23	894	36	9,800원
23	952	36	버거 + 후렌치후라이 (M) + 콜라 (M) 113g 두툼한 순 쇠고기 패티와 그릴 어니언과 베이컨, 특별한 1955 소스로 오리지널의 맛을 살리다
23	1030	63	96% (120개)
23	1030	159	ㆍ
23	1030	203	리뷰 (52)
23	1104	36	맥치킨® 세트
23	1158	36	7,000원
23	1216	36	버거 + 후렌치후라이 (M) + 콜라 (M) 바삭한 치킨 패티와 화이트 마요 소스의 조화가 깔끔하고 맛있는 맥치킨®
23	1294	63	97% (151개)
23	1294	159	ㆍ
23	1294	203	리뷰 (61)
23	1369	45	리뷰최고
23	1395	36	빅맥® 세트
23	1441	121	지금 와우 가입하면 배달비 0원 + 25,000원 쿠폰
23	1449	36	9,000원
23	1458	781	가입하기
23	1507	36	버거 + 후렌치후라이 (M) + 콜라 (M) 100% 순 쇠고기 패티 두 장에 빅맥®만의 특별한 소스. 입안에서 살살 녹는 치즈와 신선한 양상추, 양파, 그리고 피클까지. 40년 넘게 전 세계인의 입맛을 사로 잡은 버거의 대명사.
23	1556	24	배달비 0원 적용 중
23	1585	63	94% (480개)
23	1585	159	ㆍ
23	1585	203	리뷰 (207)
24	0	0	94% (381개)
24	0	0	ㆍ
24	0	0	리뷰 (191)
24	66	155	맥도날드 수유점 내 메뉴를 찾아보세요
24	110	36	슈슈버거 세트
24	151	114	세트
24	151	218	버거
24	151	322	스낵 & 사이드
24	151	519	해피밀
24	151	645	음료
24	151	749	디저트
24	151	875	디저트
24	164	36	7,400원
24	182	51	2 / 2
24	222	36	버거 + 후렌치후라이 (M) + 콜라 (M) 탱~글한 통새우살 가득~ 슈슈버거!
24	248	349	맥도날드 수유점
24	270	63	94% (83개)
24	270	149	ㆍ
24	270	193	리뷰 (48)
24	298	398	4.8(11,417)
24	344	36	1955® 버거 세트
24	398	36	9,800원
24	456	36	버거 + 후렌치후라이 (M) + 콜라 (M) 113g 두툼한 순 쇠고기 패티와 그릴 어니언과 베이컨, 특별한 1955 소스로 오리지널의 맛을 살리다
24	534	63	96% (120개)
24	534	159	ㆍ
24	534	203	리뷰 (52)
24	608	36	맥치킨® 세트
24	662	36	7,000원
24	720	36	버거 + 후렌치후라이 (M) + 콜라 (M) 바삭한 치킨 패티와 화이트 마요 소스의 조화가 깔끔하고 맛있는 맥치킨®
24	798	63	97% (151개)
24	798	159	ㆍ
24	798	203	리뷰 (61)
24	873	45	리뷰최고
24	899	36	빅맥® 세트
24	953	36	9,000원
24	1011	36	버거 + 후렌치후라이 (M) + 콜라 (M) 100% 순 쇠고기 패티 두 장에 빅맥®만의 특별한 소스. 입안에서 살살 녹는 치즈와 신선한 양상추, 양파, 그리고 피클까지. 40년 넘게 전 세계인의 입맛을 사로 잡은 버거의 대명사.
24	1089	63	94% (480개)
24	1089	159	ㆍ
24	1089	203	리뷰 (207)
24	1163	36	맥치킨® 모짜렐라 세트
24	1217	36	8,700원
24	1275	36	버거 + 후렌치후라이 (M) + 콜라 (M) 모짜렐라 치즈 스틱과 아라비아따 소스의 조합! 아메리칸 이탈리안 스타일의 특별한 맛, 맥치킨® 모짜렐라
24	1353	63	100% (57개)
24	1353	159	ㆍ
24	1353	203	리뷰 (20)
24	1428	45	주문많음
24	1441	121	지금 와우 가입하면 배달비 0원 + 25,000원 쿠폰
24	1454	36	맥스파이시® 상하이버거 세트
24	1458	781	가입하기
24	1508	36	9,100원
24	1556	24	배달비 0원 적용 중
24	1566	36	버거 + 후렌치후라이 (M) + 콜라 (M) 매콤한 100% 닭가슴 통살 위에 아삭아삭한 양상추와 신선한 토마토~ 겉은 바삭, 속은 부드러운 치킨 패티의 매콤함으로 입맛도 기분도 화끈하게!
25	0	0	95% (213개)
25	0	0	ㆍ
25	0	0	리뷰 (97)
25	0	0	버거 + 후렌치후라이 (M) + 콜라 (M) 한국인의 입맛에 딱 맞는 불고기 소스에 잘 재운 패티와 고소한 마요네즈, 신선한 양상추의 맛있는 조합.
25	66	155	맥도날드 수유점 내 메뉴를 찾아보세요
25	119	36	맥치킨® 세트
25	151	114	세트
25	151	218	버거
25	151	322	스낵 & 사이드
25	151	519	해피밀
25	151	645	음료
25	151	749	디저트
25	151	875	디저트
25	173	36	7,000원
25	182	51	1 / 2
25	231	36	버거 + 후렌치후라이 (M) + 콜라 (M) 바삭한 치킨 패티와 화이트 마요 소스의 조화가 깔끔하고 맛있는 맥치킨®
25	248	349	맥도날드 수유점
25	298	398	4.8(11,417)
25	309	63	97% (151개)
25	309	159	ㆍ
25	309	203	리뷰 (61)
25	384	45	리뷰최고
25	410	36	빅맥® 세트
25	464	36	9,000원
25	522	36	버거 + 후렌치후라이 (M) + 콜라 (M) 100% 순 쇠고기 패티 두 장에 빅맥®만의 특별한 소스. 입안에서 살살 녹는 치즈와 신선한 양상추, 양파, 그리고 피클까지. 40년 넘게 전 세계인의 입맛을 사로 잡은 버거의 대명사.
25	600	63	94% (480개)
25	600	159	ㆍ
25	600	203	리뷰 (207)
25	674	36	맥치킨® 모짜렐라 세트
25	728	36	8,700원
25	786	36	버거 + 후렌치후라이 (M) + 콜라 (M) 모짜렐라 치즈 스틱과 아라비아따 소스의 조합! 아메리칸 이탈리안 스타일의 특별한 맛, 맥치킨® 모짜렐라
25	864	63	100% (57개)
25	864	159	ㆍ
25	864	203	리뷰 (20)
25	939	45	주문많음
25	965	36	맥스파이시® 상하이버거 세트
25	1019	36	9,100원
25	1077	36	버거 + 후렌치후라이 (M) + 콜라 (M) 매콤한 100% 닭가슴 통살 위에 아삭아삭한 양상추와 신선한 토마토~ 겉은 바삭, 속은 부드러운 치킨 패티의 매콤함으로 입맛도 기분도 화끈하게!
25	1155	63	94% (381개)
25	1155	159	ㆍ
25	1155	203	리뷰 (191)
25	1229	36	더블 불고기버거 세트
25	1283	36	8,200원
25	1341	36	버거 + 후렌치후라이 (M) + 콜라 (M) 진한 불고기 소스의 패티가 두 장! 여기에 고소한 치즈와 마요네즈,  신선한 양상추를 곁들인 깊고 풍부한 맛.
25	1419	63	94% (171개)
25	1419	159	ㆍ
25	1419	203	리뷰 (70)
25	1441	121	지금 와우 가입하면 배달비 0원 + 25,000원 쿠폰
25	1458	781	가입하기
25	1493	36	불고기버거 세트
25	1547	36	6,900원
25	1556	24	배달비 0원 적용 중
26	0	0	96% (113개)
26	0	0	ㆍ
26	0	0	리뷰 (20)
26	0	0	리뷰최고
26	0	0	버거 + 후렌치후라이 (M) + 콜라 (M) 좋아하는건 더 많이 즐기시라고, 두 배 이상 커진 1/4 파운드 비프 패티가 두 장(226그램)! 육즙이 풍부한 고기 맛을 그대로 살린 100% 순 쇠고기 패티 두 장과 치즈 두 장이 입안 가득 완벽하게 조화되는 놀라운 맛
26	0	0	빅맥® 세트
26	30	36	버거 + 후렌치후라이 (M) + 콜라 (M) 100% 순 쇠고기 패티 두 장에 빅맥®만의 특별한 소스. 입안에서 살살 녹는 치즈와 신선한 양상추, 양파, 그리고 피클까지. 40년 넘게 전 세계인의 입맛을 사로 잡은 버거의 대명사.
26	66	155	맥도날드 수유점 내 메뉴를 찾아보세요
26	108	63	94% (480개)
26	108	159	ㆍ
26	108	203	리뷰 (207)
26	151	114	세트
26	151	218	버거
26	151	322	스낵 & 사이드
26	151	519	해피밀
26	151	645	음료
26	151	749	디저트
26	151	875	디저트
26	182	36	맥치킨® 모짜렐라 세트
26	182	51	2 / 2
26	236	36	8,700원
26	248	349	맥도날드 수유점
26	294	36	버거 + 후렌치후라이 (M) + 콜라 (M) 모짜렐라 치즈 스틱과 아라비아따 소스의 조합! 아메리칸 이탈리안 스타일의 특별한 맛, 맥치킨® 모짜렐라
26	298	398	4.8(11,417)
26	372	63	100% (57개)
26	372	159	ㆍ
26	372	203	리뷰 (20)
26	447	45	주문많음
26	473	36	맥스파이시® 상하이버거 세트
26	527	36	9,100원
26	585	36	버거 + 후렌치후라이 (M) + 콜라 (M) 매콤한 100% 닭가슴 통살 위에 아삭아삭한 양상추와 신선한 토마토~ 겉은 바삭, 속은 부드러운 치킨 패티의 매콤함으로 입맛도 기분도 화끈하게!
26	663	63	94% (381개)
26	663	159	ㆍ
26	663	203	리뷰 (191)
26	737	36	더블 불고기버거 세트
26	791	36	8,200원
26	849	36	버거 + 후렌치후라이 (M) + 콜라 (M) 진한 불고기 소스의 패티가 두 장! 여기에 고소한 치즈와 마요네즈,  신선한 양상추를 곁들인 깊고 풍부한 맛.
26	927	63	94% (171개)
26	927	159	ㆍ
26	927	203	리뷰 (70)
26	1001	36	불고기버거 세트
26	1055	36	6,900원
26	1113	36	버거 + 후렌치후라이 (M) + 콜라 (M) 한국인의 입맛에 딱 맞는 불고기 소스에 잘 재운 패티와 고소한 마요네즈, 신선한 양상추의 맛있는 조합.
26	1191	63	95% (213개)
26	1191	159	ㆍ
26	1191	203	리뷰 (97)
26	1265	36	베이컨 토마토 디럭스 세트
26	1319	36	9,400원
26	1377	36	버거 + 후렌치후라이 (M) + 콜라 (M) 두 장의 100% 순 쇠고기 패티에 베이컨과, 신선한 토마토와 양상추,매콤달콤한 스위트 칠리 소스, 치즈, 마요네즈를 더해더욱 풍부하고 신선한 맛의 프리미엄 버거.
26	1441	121	지금 와우 가입하면 배달비 0원 + 25,000원 쿠폰
26	1455	63	95% (132개)
26	1455	159	ㆍ
26	1455	203	리뷰 (57)
26	1458	781	가입하기
26	1529	36	더블 쿼터파운더® 치즈 세트
26	1556	24	배달비 0원 적용 중
26	1583	36	11,000원
27	0	0	96% (71개)
27	0	0	ㆍ
27	0	0	리뷰 (45)
27	0	0	버거 + 후렌치후라이 (M) + 콜라 (M) 고소하고 부드러운 치즈와 100% 순 쇠고기 패티, 맥도날드만의 심플한 클래식 치즈버거.
27	0	0	주문많음
27	0	36	맥스파이시® 상하이버거 세트
27	66	155	맥도날드 수유점 내 메뉴를 찾아보세요
27	93	36	버거 + 후렌치후라이 (M) + 콜라 (M) 매콤한 100% 닭가슴 통살 위에 아삭아삭한 양상추와 신선한 토마토~ 겉은 바삭, 속은 부드러운 치킨 패티의 매콤함으로 입맛도 기분도 화끈하게!
27	151	114	세트
27	151	218	버거
27	151	322	스낵 & 사이드
27	151	519	해피밀
27	151	645	음료
27	151	749	디저트
27	151	875	디저트
27	171	63	94% (381개)
27	171	159	ㆍ
27	171	203	리뷰 (191)
27	182	51	1 / 2
27	245	36	더블 불고기버거 세트
27	248	349	맥도날드 수유점
27	298	398	4.8(11,417)
27	299	36	8,200원
27	357	36	버거 + 후렌치후라이 (M) + 콜라 (M) 진한 불고기 소스의 패티가 두 장! 여기에 고소한 치즈와 마요네즈,  신선한 양상추를 곁들인 깊고 풍부한 맛.
27	435	63	94% (171개)
27	435	159	ㆍ
27	435	203	리뷰 (70)
27	509	36	불고기버거 세트
27	563	36	6,900원
27	621	36	버거 + 후렌치후라이 (M) + 콜라 (M) 한국인의 입맛에 딱 맞는 불고기 소스에 잘 재운 패티와 고소한 마요네즈, 신선한 양상추의 맛있는 조합.
27	699	63	95% (213개)
27	699	159	ㆍ
27	699	203	리뷰 (97)
27	773	36	베이컨 토마토 디럭스 세트
27	827	36	9,400원
27	885	36	버거 + 후렌치후라이 (M) + 콜라 (M) 두 장의 100% 순 쇠고기 패티에 베이컨과, 신선한 토마토와 양상추,매콤달콤한 스위트 칠리 소스, 치즈, 마요네즈를 더해더욱 풍부하고 신선한 맛의 프리미엄 버거.
27	963	63	95% (132개)
27	963	159	ㆍ
27	963	203	리뷰 (57)
27	1037	36	더블 쿼터파운더® 치즈 세트
27	1091	36	11,000원
27	1149	36	버거 + 후렌치후라이 (M) + 콜라 (M) 좋아하는건 더 많이 즐기시라고, 두 배 이상 커진 1/4 파운드 비프 패티가 두 장(226그램)! 육즙이 풍부한 고기 맛을 그대로 살린 100% 순 쇠고기 패티 두 장과 치즈 두 장이 입안 가득 완벽하게 조화되는 놀라운 맛
27	1227	63	96% (113개)
27	1227	159	ㆍ
27	1227	203	리뷰 (20)
27	1301	36	쿼터파운더® 치즈 세트
27	1355	36	9,300원
27	1413	36	버거 + 후렌치후라이 (M) + 콜라 (M) 쿼터파운더라는 이름에서 알 수 있듯이 두 배 이상 커진 1/4파운드(113그램) 비프와 부드러운 치즈 두 장의 환상궁합! 두툼한 순 쇠고기 패티와 신선한 치즈의 풍부한 맛으로 세계적으로 사랑받고 있는 맥도날드의 대표적인 프리미엄 버거
27	1441	121	지금 와우 가입하면 배달비 0원 + 25,000원 쿠폰
27	1458	781	가입하기
27	1491	63	95% (59개)
27	1491	149	ㆍ
27	1491	193	리뷰 (25)
27	1556	24	배달비 0원 적용 중
27	1565	36	치즈버거 세트
28	0	0	96% (56개)
28	0	0	ㆍ
28	0	0	리뷰 (4)
28	0	0	맥너겟® 6조각 + 후렌치후라이 (M) + 콜라 (M) 바삭하고 촉촉한 치킨이 한 입에 쏙! 3가지 소스로 입맛에 맞게 즐겨보세요!
28	0	0	맥너겟® 6조각 세트
28	28	36	불고기버거 세트
28	66	155	맥도날드 수유점 내 메뉴를 찾아보세요
28	140	36	버거 + 후렌치후라이 (M) + 콜라 (M) 한국인의 입맛에 딱 맞는 불고기 소스에 잘 재운 패티와 고소한 마요네즈, 신선한 양상추의 맛있는 조합.
28	151	114	세트
28	151	218	버거
28	151	322	스낵 & 사이드
28	151	519	해피밀
28	151	645	음료
28	151	749	디저트
28	151	875	디저트
28	182	51	2 / 2
28	218	63	95% (213개)
28	218	159	ㆍ
28	218	203	리뷰 (97)
28	248	349	맥도날드 수유점
28	292	36	베이컨 토마토 디럭스 세트
28	298	398	4.8(11,417)
28	346	36	9,400원
28	404	36	버거 + 후렌치후라이 (M) + 콜라 (M) 두 장의 100% 순 쇠고기 패티에 베이컨과, 신선한 토마토와 양상추,매콤달콤한 스위트 칠리 소스, 치즈, 마요네즈를 더해더욱 풍부하고 신선한 맛의 프리미엄 버거.
28	482	63	95% (132개)
28	482	159	ㆍ
28	482	203	리뷰 (57)
28	556	36	더블 쿼터파운더® 치즈 세트
28	610	36	11,000원
28	668	36	버거 + 후렌치후라이 (M) + 콜라 (M) 좋아하는건 더 많이 즐기시라고, 두 배 이상 커진 1/4 파운드 비프 패티가 두 장(226그램)! 육즙이 풍부한 고기 맛을 그대로 살린 100% 순 쇠고기 패티 두 장과 치즈 두 장이 입안 가득 완벽하게 조화되는 놀라운 맛
28	746	63	96% (113개)
28	746	159	ㆍ
28	746	203	리뷰 (20)
28	820	36	쿼터파운더® 치즈 세트
28	874	36	9,300원
28	932	36	버거 + 후렌치후라이 (M) + 콜라 (M) 쿼터파운더라는 이름에서 알 수 있듯이 두 배 이상 커진 1/4파운드(113그램) 비프와 부드러운 치즈 두 장의 환상궁합! 두툼한 순 쇠고기 패티와 신선한 치즈의 풍부한 맛으로 세계적으로 사랑받고 있는 맥도날드의 대표적인 프리미엄 버거
28	1010	63	95% (59개)
28	1010	149	ㆍ
28	1010	193	리뷰 (25)
28	1084	36	치즈버거 세트
28	1138	36	6,400원
28	1196	36	버거 + 후렌치후라이 (M) + 콜라 (M) 고소하고 부드러운 치즈와 100% 순 쇠고기 패티, 맥도날드만의 심플한 클래식 치즈버거.
28	1274	63	96% (71개)
28	1274	149	ㆍ
28	1274	193	리뷰 (45)
28	1348	36	더블 치즈버거 세트
28	1402	36	7,700원
28	1441	121	지금 와우 가입하면 배달비 0원 + 25,000원 쿠폰
28	1458	781	가입하기
28	1460	36	버거 + 후렌치후라이 (M) + 콜라 (M) 고소하고 부드러운 치즈와 100% 순 쇠고기 패티, 맥도날드만의 심플한 클래식 치즈버거.
28	1538	63	99% (104개)
28	1538	159	ㆍ
28	1538	203	리뷰 (28)
28	1556	24	배달비 0원 적용 중
29	0	0	100% (4개)
29	0	0	ㆍ
29	0	0	더 맛있어진 100% 통닭다리살의 겉빠속촉 케이준 치킨 패티와 촉촉한 포테이토 브리오쉬 번, 풍성한 채소가 선사하는 특별한 맛의 치킨 버거
29	0	0	리뷰 (2)
29	66	155	맥도날드 수유점 내 메뉴를 찾아보세요
29	69	36	더블 쿼터파운더® 치즈 세트
29	132	36	11,000원
29	151	114	세트
29	151	218	버거
29	151	322	스낵 & 사이드
29	151	519	해피밀
29	151	645	음료
29	151	749	디저트
29	151	875	디저트
29	181	36	버거 + 후렌치후라이 (M) + 콜라 (M) 좋아하는건 더 많이 즐기시라고, 두 배 이상 커진 1/4 파운드 비프 패티가 두 장(226그램)! 육즙이 풍부한 고기 맛을 그대로 살린 100% 순 쇠고기 패티 두 장과 치즈 두 장이 입안 가득 완벽하게 조화되는 놀라운 맛
29	182	51	1 / 2
29	248	349	맥도날드 수유점
29	259	63	96% (113개)
29	259	159	ㆍ
29	259	203	리뷰 (20)
29	298	398	4.8(11,417)
29	333	36	쿼터파운더® 치즈 세트
29	387	36	9,300원
29	445	36	버거 + 후렌치후라이 (M) + 콜라 (M) 쿼터파운더라는 이름에서 알 수 있듯이 두 배 이상 커진 1/4파운드(113그램) 비프와 부드러운 치즈 두 장의 환상궁합! 두툼한 순 쇠고기 패티와 신선한 치즈의 풍부한 맛으로 세계적으로 사랑받고 있는 맥도날드의 대표적인 프리미엄 버거
29	523	63	95% (59개)
29	523	149	ㆍ
29	523	193	리뷰 (25)
29	597	36	치즈버거 세트
29	651	36	6,400원
29	709	36	버거 + 후렌치후라이 (M) + 콜라 (M) 고소하고 부드러운 치즈와 100% 순 쇠고기 패티, 맥도날드만의 심플한 클래식 치즈버거.
29	787	63	96% (71개)
29	787	149	ㆍ
29	787	193	리뷰 (45)
29	861	36	더블 치즈버거 세트
29	915	36	7,700원
29	973	36	버거 + 후렌치후라이 (M) + 콜라 (M) 고소하고 부드러운 치즈와 100% 순 쇠고기 패티, 맥도날드만의 심플한 클래식 치즈버거.
29	1051	63	99% (104개)
29	1051	159	ㆍ
29	1051	203	리뷰 (28)
29	1125	36	맥너겟® 6조각 세트
29	1179	36	7,700원
29	1237	36	맥너겟® 6조각 + 후렌치후라이 (M) + 콜라 (M) 바삭하고 촉촉한 치킨이 한 입에 쏙! 3가지 소스로 입맛에 맞게 즐겨보세요!
29	1315	63	96% (56개)
29	1315	149	ㆍ
29	1315	193	리뷰 (4)
29	1377	0	버거
29	1441	121	지금 와우 가입하면 배달비 0원 + 25,000원 쿠폰
29	1458	781	가입하기
29	1483	0	오전 10:20~내일 오전 3:50 주문가능
29	1556	24	배달비 0원 적용 중
29	1575	36	맥크리스피™ 치킨 디럭스
30	0	0	94% (31개)
30	0	0	ㆍ
30	0	0	리뷰 (13)
30	0	0	신선한 토마토와 고소한 치즈버거의 조화
30	0	0	토마토 치즈 비프 버거
30	66	155	맥도날드 수유점 내 메뉴를 찾아보세요
30	111	36	치즈버거 세트
30	151	114	세트
30	151	218	버거
30	151	322	스낵 & 사이드
30	151	519	해피밀
30	151	645	음료
30	151	749	디저트
30	151	875	디저트
30	165	36	6,400원
30	182	51	2 / 2
30	223	36	버거 + 후렌치후라이 (M) + 콜라 (M) 고소하고 부드러운 치즈와 100% 순 쇠고기 패티, 맥도날드만의 심플한 클래식 치즈버거.
30	248	349	맥도날드 수유점
30	298	398	4.8(11,417)
30	301	63	96% (71개)
30	301	149	ㆍ
30	301	193	리뷰 (45)
30	375	36	더블 치즈버거 세트
30	429	36	7,700원
30	487	36	버거 + 후렌치후라이 (M) + 콜라 (M) 고소하고 부드러운 치즈와 100% 순 쇠고기 패티, 맥도날드만의 심플한 클래식 치즈버거.
30	565	63	99% (104개)
30	565	159	ㆍ
30	565	203	리뷰 (28)
30	639	36	맥너겟® 6조각 세트
30	693	36	7,700원
30	751	36	맥너겟® 6조각 + 후렌치후라이 (M) + 콜라 (M) 바삭하고 촉촉한 치킨이 한 입에 쏙! 3가지 소스로 입맛에 맞게 즐겨보세요!
30	829	63	96% (56개)
30	829	149	ㆍ
30	829	193	리뷰 (4)
30	891	0	버거
30	997	0	오전 10:20~내일 오전 3:50 주문가능
30	1089	36	맥크리스피™ 치킨 디럭스
30	1143	36	7,700원
30	1201	36	더 맛있어진 100% 통닭다리살의 겉빠속촉 케이준 치킨 패티와 촉촉한 포테이토 브리오쉬 번, 풍성한 채소가 선사하는 특별한 맛의 치킨 버거
30	1279	63	100% (4개)
30	1279	149	ㆍ
30	1279	193	리뷰 (2)
30	1353	36	맥크리스피™ 치킨 클래식
30	1407	36	6,800원
30	1441	121	지금 와우 가입하면 배달비 0원 + 25,000원 쿠폰
30	1458	781	가입하기
30	1465	36	더 맛있어진 100% 통닭다리살의 겉빠속촉 케이준 치킨 패티와 촉촉한 포테이토 브리오쉬 번의 본질에 집중한, 치킨 맛을 아는 사람들을 위한 클래식 치킨 버거
30	1543	63	리뷰 (2)
30	1556	24	배달비 0원 적용 중
31	0	0	95% (102개)
31	0	0	ㆍ
31	0	0	리뷰 (35)
31	0	0	슈비버거
31	0	0	탱~글한 통새우살에 비프 패티를 더해 푸짐하게~ 슈비버거!
31	66	155	맥도날드 수유점 내 메뉴를 찾아보세요
31	143	36	맥너겟® 6조각 세트
31	151	114	세트
31	151	218	버거
31	151	322	스낵 & 사이드
31	151	519	해피밀
31	151	645	음료
31	151	749	디저트
31	151	875	디저트
31	182	51	1 / 2
31	197	36	7,700원
31	248	349	맥도날드 수유점
31	255	36	맥너겟® 6조각 + 후렌치후라이 (M) + 콜라 (M) 바삭하고 촉촉한 치킨이 한 입에 쏙! 3가지 소스로 입맛에 맞게 즐겨보세요!
31	298	398	4.8(11,417)
31	333	63	96% (56개)
31	333	149	ㆍ
31	333	193	리뷰 (4)
31	395	0	버거
31	501	0	오전 10:20~내일 오전 3:50 주문가능
31	593	36	맥크리스피™ 치킨 디럭스
31	647	36	7,700원
31	705	36	더 맛있어진 100% 통닭다리살의 겉빠속촉 케이준 치킨 패티와 촉촉한 포테이토 브리오쉬 번, 풍성한 채소가 선사하는 특별한 맛의 치킨 버거
31	783	63	100% (4개)
31	783	149	ㆍ
31	783	193	리뷰 (2)
31	857	36	맥크리스피™ 치킨 클래식
31	911	36	6,800원
31	969	36	더 맛있어진 100% 통닭다리살의 겉빠속촉 케이준 치킨 패티와 촉촉한 포테이토 브리오쉬 번의 본질에 집중한, 치킨 맛을 아는 사람들을 위한 클래식 치킨 버거
31	1047	63	리뷰 (2)
31	1121	36	토마토 치즈 비프 버거
31	1175	36	4,900원
31	1233	36	신선한 토마토와 고소한 치즈버거의 조화
31	1281	63	94% (31개)
31	1281	149	ㆍ
31	1281	193	리뷰 (13)
31	1355	36	트리플 치즈버거
31	1409	36	7,000원
31	1441	121	지금 와우 가입하면 배달비 0원 + 25,000원 쿠폰
31	1458	781	가입하기
31	1467	36	부드러운 치즈와 풍부한 육즙의 패티를 세배 더 진하게 즐길 수 있는 트리플 치즈버거
31	1545	63	97% (97개)
31	1545	149	ㆍ
31	1545	193	리뷰 (31)
31	1556	24	배달비 0원 적용 중
32	0	0	113g 두툼한 순 쇠고기 패티와 그릴 어니언과 베이컨, 특별한 1955 소스로 오리지널의 맛을 살리다
32	0	0	91% (85개)
32	0	0	ㆍ
32	0	0	리뷰 (42)
32	66	155	맥도날드 수유점 내 메뉴를 찾아보세요
32	103	36	맥크리스피™ 치킨 디럭스
32	151	78	세트
32	151	141	버거
32	151	245	스낵 & 사이드
32	151	442	해피밀
32	151	568	음료
32	151	672	디저트
32	151	798	디저트
32	157	36	7,700원
32	182	51	2 / 2
32	215	36	더 맛있어진 100% 통닭다리살의 겉빠속촉 케이준 치킨 패티와 촉촉한 포테이토 브리오쉬 번, 풍성한 채소가 선사하는 특별한 맛의 치킨 버거
32	248	349	맥도날드 수유점
32	293	63	100% (4개)
32	293	149	ㆍ
32	293	193	리뷰 (2)
32	298	398	4.8(11,417)
32	367	36	맥크리스피™ 치킨 클래식
32	421	36	6,800원
32	479	36	더 맛있어진 100% 통닭다리살의 겉빠속촉 케이준 치킨 패티와 촉촉한 포테이토 브리오쉬 번의 본질에 집중한, 치킨 맛을 아는 사람들을 위한 클래식 치킨 버거
32	557	63	리뷰 (2)
32	631	36	토마토 치즈 비프 버거
32	685	36	4,900원
32	743	36	신선한 토마토와 고소한 치즈버거의 조화
32	791	63	94% (31개)
32	791	149	ㆍ
32	791	193	리뷰 (13)
32	865	36	트리플 치즈버거
32	919	36	7,000원
32	977	36	부드러운 치즈와 풍부한 육즙의 패티를 세배 더 진하게 즐길 수 있는 트리플 치즈버거
32	1055	63	97% (97개)
32	1055	149	ㆍ
32	1055	193	리뷰 (31)
32	1129	36	슈비버거
32	1183	36	7,100원
32	1241	36	탱~글한 통새우살에 비프 패티를 더해 푸짐하게~ 슈비버거!
32	1289	63	95% (102개)
32	1289	159	ㆍ
32	1289	203	리뷰 (35)
32	1363	36	슈슈버거
32	1417	36	5,600원
32	1441	121	지금 와우 가입하면 배달비 0원 + 25,000원 쿠폰
32	1458	781	가입하기
32	1475	36	탱~글한 통새우살 가득~ 슈슈버거!
32	1523	63	93% (137개)
32	1523	159	ㆍ
32	1523	203	리뷰 (63)
32	1556	24	배달비 0원 적용 중
32	1597	36	1955® 버거
33	0	0	97% (30개)
33	0	0	ㆍ
33	0	0	리뷰 (17)
33	0	0	맥치킨® 모짜렐라
33	0	0	모짜렐라 치즈 스틱과 아라비아따 소스의 조합! 아메리칸 이탈리안 스타일의 특별한 맛, 맥치킨® 모짜렐라
33	66	155	맥도날드 수유점 내 메뉴를 찾아보세요
33	140	36	토마토 치즈 비프 버거
33	151	78	세트
33	151	141	버거
33	151	245	스낵 & 사이드
33	151	442	해피밀
33	151	568	음료
33	151	672	디저트
33	151	798	디저트
33	182	51	1 / 2
33	194	36	4,900원
33	248	349	맥도날드 수유점
33	252	36	신선한 토마토와 고소한 치즈버거의 조화
33	298	398	4.8(11,417)
33	300	63	94% (31개)
33	300	149	ㆍ
33	300	193	리뷰 (13)
33	374	36	트리플 치즈버거
33	428	36	7,000원
33	486	36	부드러운 치즈와 풍부한 육즙의 패티를 세배 더 진하게 즐길 수 있는 트리플 치즈버거
33	564	63	97% (97개)
33	564	149	ㆍ
33	564	193	리뷰 (31)
33	638	36	슈비버거
33	692	36	7,100원
33	750	36	탱~글한 통새우살에 비프 패티를 더해 푸짐하게~ 슈비버거!
33	798	63	95% (102개)
33	798	159	ㆍ
33	798	203	리뷰 (35)
33	872	36	슈슈버거
33	926	36	5,600원
33	984	36	탱~글한 통새우살 가득~ 슈슈버거!
33	1032	63	93% (137개)
33	1032	159	ㆍ
33	1032	203	리뷰 (63)
33	1106	36	1955® 버거
33	1160	36	7,600원
33	1218	36	113g 두툼한 순 쇠고기 패티와 그릴 어니언과 베이컨, 특별한 1955 소스로 오리지널의 맛을 살리다
33	1296	63	91% (85개)
33	1296	149	ㆍ
33	1296	193	리뷰 (42)
33	1370	36	맥치킨®
33	1424	36	4,400원
33	1441	121	지금 와우 가입하면 배달비 0원 + 25,000원 쿠폰
33	1458	781	가입하기
33	1482	36	바삭한 치킨 패티와 화이트 마요 소스의 조화가 깔끔하고 맛있는 맥치킨®
33	1530	63	95% (147개)
33	1530	159	ㆍ
33	1530	203	리뷰 (76)
33	1556	24	배달비 0원 적용 중
34	66	155	맥도날드 수유점 내 메뉴를 찾아보세요
34	144	36	슈비버거
34	151	78	세트
34	151	141	버거
34	151	245	스낵 & 사이드
34	151	442	해피밀
34	151	568	음료
34	151	672	디저트
34	151	798	디저트
34	182	51	2 / 2
34	198	36	7,100원
34	248	349	맥도날드 수유점
34	256	36	탱~글한 통새우살에 비프 패티를 더해 푸짐하게~ 슈비버거!
34	298	398	4.8(11,417)
34	304	63	95% (102개)
34	304	159	ㆍ
34	304	203	리뷰 (35)
34	378	36	슈슈버거
34	432	36	5,600원
34	490	36	탱~글한 통새우살 가득~ 슈슈버거!
34	538	63	93% (137개)
34	538	159	ㆍ
34	538	203	리뷰 (63)
34	612	36	1955® 버거
34	666	36	7,600원
34	724	36	113g 두툼한 순 쇠고기 패티와 그릴 어니언과 베이컨, 특별한 1955 소스로 오리지널의 맛을 살리다
34	802	63	91% (85개)
34	802	149	ㆍ
34	802	193	리뷰 (42)
34	876	36	맥치킨®
34	930	36	4,400원
34	988	36	바삭한 치킨 패티와 화이트 마요 소스의 조화가 깔끔하고 맛있는 맥치킨®
34	1036	63	95% (147개)
34	1036	159	ㆍ
34	1036	203	리뷰 (76)
34	1110	36	맥치킨® 모짜렐라
34	1164	36	5,900원
34	1222	36	모짜렐라 치즈 스틱과 아라비아따 소스의 조합! 아메리칸 이탈리안 스타일의 특별한 맛, 맥치킨® 모짜렐라
34	1300	63	97% (30개)
34	1300	149	ㆍ
34	1300	193	리뷰 (17)
34	1374	36	빅맥®
34	1428	36	6,600원
34	1441	121	지금 와우 가입하면 배달비 0원 + 25,000원 쿠폰
34	1458	781	가입하기
34	1486	36	100% 순 쇠고기 패티 두 장에 빅맥®만의 특별한 소스. 입안에서 살살 녹는 치즈와 신선한 양상추, 양파, 그리고 피클까지. 40년 넘게 전 세계인의 입맛을 사로 잡은 버거의 대명사.
34	1556	24	배달비 0원 적용 중
34	1564	63	94% (174개)
34	1564	159	ㆍ
34	1564	203	리뷰 (79)
35	0	0	94% (157개)
35	0	0	ㆍ
35	0	0	리뷰 (77)
35	66	155	맥도날드 수유점 내 메뉴를 찾아보세요
35	133	36	1955® 버거
35	151	78	세트
35	151	141	버거
35	151	245	스낵 & 사이드
35	151	442	해피밀
35	151	568	음료
35	151	672	디저트
35	151	798	디저트
35	182	51	1 / 2
35	187	36	7,600원
35	245	36	113g 두툼한 순 쇠고기 패티와 그릴 어니언과 베이컨, 특별한 1955 소스로 오리지널의 맛을 살리다
35	248	349	맥도날드 수유점
35	298	398	4.8(11,417)
35	323	63	91% (85개)
35	323	149	ㆍ
35	323	193	리뷰 (42)
35	397	36	맥치킨®
35	451	36	4,400원
35	509	36	바삭한 치킨 패티와 화이트 마요 소스의 조화가 깔끔하고 맛있는 맥치킨®
35	557	63	95% (147개)
35	557	159	ㆍ
35	557	203	리뷰 (76)
35	631	36	맥치킨® 모짜렐라
35	685	36	5,900원
35	743	36	모짜렐라 치즈 스틱과 아라비아따 소스의 조합! 아메리칸 이탈리안 스타일의 특별한 맛, 맥치킨® 모짜렐라
35	821	63	97% (30개)
35	821	149	ㆍ
35	821	193	리뷰 (17)
35	895	36	빅맥®
35	949	36	6,600원
35	1007	36	100% 순 쇠고기 패티 두 장에 빅맥®만의 특별한 소스. 입안에서 살살 녹는 치즈와 신선한 양상추, 양파, 그리고 피클까지. 40년 넘게 전 세계인의 입맛을 사로 잡은 버거의 대명사.
35	1085	63	94% (174개)
35	1085	159	ㆍ
35	1085	203	리뷰 (79)
35	1159	36	맥스파이시® 상하이버거
35	1213	36	6,800원
35	1271	36	매콤한 100% 닭가슴 통살 위에 아삭아삭한 양상추와 신선한 토마토~ 겉은 바삭, 속은 부드러운 치킨 패티의 매콤함으로 입맛도 기분도 화끈하게!
35	1349	63	96% (187개)
35	1349	159	ㆍ
35	1349	203	리뷰 (88)
35	1423	36	더블 불고기버거
35	1441	121	지금 와우 가입하면 배달비 0원 + 25,000원 쿠폰
35	1458	781	가입하기
35	1477	36	5,600원
35	1535	36	진한 불고기 소스의 패티가 두 장! 여기에 고소한 치즈와 마요네즈,  신선한 양상추를 곁들인 깊고 풍부한 맛.
35	1556	24	배달비 0원 적용 중
36	0	0	91% (76개)
36	0	0	ㆍ
36	0	0	리뷰 (41)
36	66	155	맥도날드 수유점 내 메뉴를 찾아보세요
36	146	36	맥치킨® 모짜렐라
36	151	78	세트
36	151	141	버거
36	151	245	스낵 & 사이드
36	151	442	해피밀
36	151	568	음료
36	151	672	디저트
36	151	798	디저트
36	182	51	2 / 2
36	200	36	5,900원
36	248	349	맥도날드 수유점
36	258	36	모짜렐라 치즈 스틱과 아라비아따 소스의 조합! 아메리칸 이탈리안 스타일의 특별한 맛, 맥치킨® 모짜렐라
36	298	398	4.8(11,417)
36	336	63	97% (30개)
36	336	149	ㆍ
36	336	193	리뷰 (17)
36	410	36	빅맥®
36	464	36	6,600원
36	522	36	100% 순 쇠고기 패티 두 장에 빅맥®만의 특별한 소스. 입안에서 살살 녹는 치즈와 신선한 양상추, 양파, 그리고 피클까지. 40년 넘게 전 세계인의 입맛을 사로 잡은 버거의 대명사.
36	600	63	94% (174개)
36	600	159	ㆍ
36	600	203	리뷰 (79)
36	674	36	맥스파이시® 상하이버거
36	728	36	6,800원
36	786	36	매콤한 100% 닭가슴 통살 위에 아삭아삭한 양상추와 신선한 토마토~ 겉은 바삭, 속은 부드러운 치킨 패티의 매콤함으로 입맛도 기분도 화끈하게!
36	864	63	96% (187개)
36	864	159	ㆍ
36	864	203	리뷰 (88)
36	938	36	더블 불고기버거
36	992	36	5,600원
36	1050	36	진한 불고기 소스의 패티가 두 장! 여기에 고소한 치즈와 마요네즈,  신선한 양상추를 곁들인 깊고 풍부한 맛.
36	1128	63	94% (157개)
36	1128	159	ㆍ
36	1128	203	리뷰 (77)
36	1202	36	불고기버거
36	1256	36	4,700원
36	1314	36	한국인의 입맛에 딱 맞는 불고기 소스에 잘 재운 패티와 고소한 마요네즈, 신선한 양상추의 맛있는 조합.
36	1392	63	93% (280개)
36	1392	159	ㆍ
36	1392	203	리뷰 (132)
36	1441	121	지금 와우 가입하면 배달비 0원 + 25,000원 쿠폰
36	1458	781	가입하기
36	1466	36	베이컨 토마토 디럭스
36	1520	36	6,700원
36	1556	24	배달비 0원 적용 중
36	1578	36	두 장의 100% 순 쇠고기 패티에 베이컨과, 신선한 토마토와 양상추,매콤달콤한 스위트 칠리 소스, 치즈, 마요네즈를 더해더욱 풍부하고 신선한 맛의 프리미엄 버거.
37	0	0	95% (60개)
37	0	0	ㆍ
37	0	0	리뷰 (23)
37	0	0	빅맥®
37	0	0	쿼터파운더라는 이름에서 알 수 있듯이 두 배 이상 커진 1/4파운드(113그램) 비프와 부드러운 치즈 두 장의 환상궁합! 두툼한 순 쇠고기 패티와 신선한 치즈의 풍부한 맛으로 세계적으로 사랑받고 있는 맥도날드의 대표적인 프리미엄 버거
37	30	36	100% 순 쇠고기 패티 두 장에 빅맥®만의 특별한 소스. 입안에서 살살 녹는 치즈와 신선한 양상추, 양파, 그리고 피클까지. 40년 넘게 전 세계인의 입맛을 사로 잡은 버거의 대명사.
37	66	155	맥도날드 수유점 내 메뉴를 찾아보세요
37	108	63	94% (174개)
37	108	159	ㆍ
37	108	203	리뷰 (79)
37	151	78	세트
37	151	141	버거
37	151	245	스낵 & 사이드
37	151	442	해피밀
37	151	568	음료
37	151	672	디저트
37	151	798	디저트
37	182	36	맥스파이시® 상하이버거
37	182	51	1 / 2
37	236	36	6,800원
37	248	349	맥도날드 수유점
37	294	36	매콤한 100% 닭가슴 통살 위에 아삭아삭한 양상추와 신선한 토마토~ 겉은 바삭, 속은 부드러운 치킨 패티의 매콤함으로 입맛도 기분도 화끈하게!
37	298	398	4.8(11,417)
37	372	63	96% (187개)
37	372	159	ㆍ
37	372	203	리뷰 (88)
37	446	36	더블 불고기버거
37	500	36	5,600원
37	558	36	진한 불고기 소스의 패티가 두 장! 여기에 고소한 치즈와 마요네즈,  신선한 양상추를 곁들인 깊고 풍부한 맛.
37	636	63	94% (157개)
37	636	159	ㆍ
37	636	203	리뷰 (77)
37	710	36	불고기버거
37	764	36	4,700원
37	822	36	한국인의 입맛에 딱 맞는 불고기 소스에 잘 재운 패티와 고소한 마요네즈, 신선한 양상추의 맛있는 조합.
37	900	63	93% (280개)
37	900	159	ㆍ
37	900	203	리뷰 (132)
37	974	36	베이컨 토마토 디럭스
37	1028	36	6,700원
37	1086	36	두 장의 100% 순 쇠고기 패티에 베이컨과, 신선한 토마토와 양상추,매콤달콤한 스위트 칠리 소스, 치즈, 마요네즈를 더해더욱 풍부하고 신선한 맛의 프리미엄 버거.
37	1164	63	91% (76개)
37	1164	149	ㆍ
37	1164	193	리뷰 (41)
37	1238	36	더블 쿼터파운더® 치즈
37	1292	36	8,600원
37	1350	36	좋아하는건 더 많이 즐기시라고, 두 배 이상 커진 1/4 파운드 비프 패티가 두 장(226그램)! 육즙이 풍부한 고기 맛을 그대로 살린 100% 순 쇠고기 패티 두 장과 치즈 두 장이 입안 가득 완벽하게 조화되는 놀라운 맛
37	1428	63	99% (73개)
37	1428	149	ㆍ
37	1428	193	리뷰 (32)
37	1441	121	지금 와우 가입하면 배달비 0원 + 25,000원 쿠폰
37	1458	781	가입하기
37	1502	36	쿼터파운더® 치즈
37	1556	24	배달비 0원 적용 중
37	1556	36	6,800원
38	0	0	99% (67개)
38	0	0	ㆍ
38	0	0	고소하고 부드러운 치즈와 100% 순 쇠고기 패티, 맥도날드만의 심플한 클래식 치즈버거.
38	0	0	리뷰 (41)
38	0	36	더블 불고기버거
38	66	155	맥도날드 수유점 내 메뉴를 찾아보세요
38	76	36	진한 불고기 소스의 패티가 두 장! 여기에 고소한 치즈와 마요네즈,  신선한 양상추를 곁들인 깊고 풍부한 맛.
38	151	78	세트
38	151	141	버거
38	151	245	스낵 & 사이드
38	151	442	해피밀
38	151	568	음료
38	151	672	디저트
38	151	798	디저트
38	154	63	94% (157개)
38	154	159	ㆍ
38	154	203	리뷰 (77)
38	182	51	2 / 2
38	228	36	불고기버거
38	248	349	맥도날드 수유점
38	282	36	4,700원
38	298	398	4.8(11,417)
38	340	36	한국인의 입맛에 딱 맞는 불고기 소스에 잘 재운 패티와 고소한 마요네즈, 신선한 양상추의 맛있는 조합.
38	418	63	93% (280개)
38	418	159	ㆍ
38	418	203	리뷰 (132)
38	492	36	베이컨 토마토 디럭스
38	546	36	6,700원
38	604	36	두 장의 100% 순 쇠고기 패티에 베이컨과, 신선한 토마토와 양상추,매콤달콤한 스위트 칠리 소스, 치즈, 마요네즈를 더해더욱 풍부하고 신선한 맛의 프리미엄 버거.
38	682	63	91% (76개)
38	682	149	ㆍ
38	682	193	리뷰 (41)
38	756	36	더블 쿼터파운더® 치즈
38	810	36	8,600원
38	868	36	좋아하는건 더 많이 즐기시라고, 두 배 이상 커진 1/4 파운드 비프 패티가 두 장(226그램)! 육즙이 풍부한 고기 맛을 그대로 살린 100% 순 쇠고기 패티 두 장과 치즈 두 장이 입안 가득 완벽하게 조화되는 놀라운 맛
38	946	63	99% (73개)
38	946	149	ㆍ
38	946	193	리뷰 (32)
38	1020	36	쿼터파운더® 치즈
38	1074	36	6,800원
38	1132	36	쿼터파운더라는 이름에서 알 수 있듯이 두 배 이상 커진 1/4파운드(113그램) 비프와 부드러운 치즈 두 장의 환상궁합! 두툼한 순 쇠고기 패티와 신선한 치즈의 풍부한 맛으로 세계적으로 사랑받고 있는 맥도날드의 대표적인 프리미엄 버거
38	1210	63	95% (60개)
38	1210	149	ㆍ
38	1210	193	리뷰 (23)
38	1284	36	치즈버거
38	1338	36	4,100원
38	1396	36	고소하고 부드러운 치즈와 100% 순 쇠고기 패티, 맥도날드만의 심플한 클래식 치즈버거.
38	1441	121	지금 와우 가입하면 배달비 0원 + 25,000원 쿠폰
38	1458	781	가입하기
38	1474	63	92% (172개)
38	1474	159	ㆍ
38	1474	203	리뷰 (76)
38	1548	36	더블 치즈버거
38	1556	24	배달비 0원 적용 중
39	7	36	베이컨 토마토 디럭스
39	66	155	맥도날드 수유점 내 메뉴를 찾아보세요
39	119	36	두 장의 100% 순 쇠고기 패티에 베이컨과, 신선한 토마토와 양상추,매콤달콤한 스위트 칠리 소스, 치즈, 마요네즈를 더해더욱 풍부하고 신선한 맛의 프리미엄 버거.
39	151	78	세트
39	151	141	버거
39	151	245	스낵 & 사이드
39	151	442	해피밀
39	151	568	음료
39	151	672	디저트
39	151	798	디저트
39	182	51	1 / 2
39	197	63	91% (76개)
39	197	149	ㆍ
39	197	193	리뷰 (41)
39	248	349	맥도날드 수유점
39	271	36	더블 쿼터파운더® 치즈
39	298	398	4.8(11,417)
39	325	36	8,600원
39	383	36	좋아하는건 더 많이 즐기시라고, 두 배 이상 커진 1/4 파운드 비프 패티가 두 장(226그램)! 육즙이 풍부한 고기 맛을 그대로 살린 100% 순 쇠고기 패티 두 장과 치즈 두 장이 입안 가득 완벽하게 조화되는 놀라운 맛
39	461	63	99% (73개)
39	461	149	ㆍ
39	461	193	리뷰 (32)
39	535	36	쿼터파운더® 치즈
39	589	36	6,800원
39	647	36	쿼터파운더라는 이름에서 알 수 있듯이 두 배 이상 커진 1/4파운드(113그램) 비프와 부드러운 치즈 두 장의 환상궁합! 두툼한 순 쇠고기 패티와 신선한 치즈의 풍부한 맛으로 세계적으로 사랑받고 있는 맥도날드의 대표적인 프리미엄 버거
39	725	63	95% (60개)
39	725	149	ㆍ
39	725	193	리뷰 (23)
39	799	36	치즈버거
39	853	36	4,100원
39	911	36	고소하고 부드러운 치즈와 100% 순 쇠고기 패티, 맥도날드만의 심플한 클래식 치즈버거.
39	989	63	92% (172개)
39	989	159	ㆍ
39	989	203	리뷰 (76)
39	1063	36	더블 치즈버거
39	1117	36	5,900원
39	1175	36	고소하고 부드러운 치즈와 100% 순 쇠고기 패티, 맥도날드만의 심플한 클래식 치즈버거.
39	1253	63	99% (67개)
39	1253	149	ㆍ
39	1253	193	리뷰 (41)
39	1327	36	햄버거
39	1381	36	3,700원
39	1439	36	100% 순 쇠고기 패티에 상픔한 피클과 양파, 기본에 충실한 맥도날드 햄버거.
39	1441	121	지금 와우 가입하면 배달비 0원 + 25,000원 쿠폰
39	1458	781	가입하기
39	1517	63	93% (40개)
39	1517	149	ㆍ
39	1517	193	리뷰 (13)
39	1556	24	배달비 0원 적용 중
39	1579	0	스낵 & 사이드
40	0	0	86% (22개)
40	0	0	ㆍ
40	0	0	겉은 바삭 속은 크리미한 게살 크림 크로켓과 산뜻한 홀그레인 타르타르 소스로 풍미를 완성한 스낵랩
40	0	0	리뷰 (4)
40	45	36	쿼터파운더® 치즈
40	66	155	맥도날드 수유점 내 메뉴를 찾아보세요
40	132	36	6,800원
40	151	78	세트
40	151	141	버거
40	151	245	스낵 & 사이드
40	151	442	해피밀
40	151	568	음료
40	151	672	디저트
40	151	798	디저트
40	157	36	쿼터파운더라는 이름에서 알 수 있듯이 두 배 이상 커진 1/4파운드(113그램) 비프와 부드러운 치즈 두 장의 환상궁합! 두툼한 순 쇠고기 패티와 신선한 치즈의 풍부한 맛으로 세계적으로 사랑받고 있는 맥도날드의 대표적인 프리미엄 버거
40	182	51	2 / 2
40	235	63	95% (60개)
40	235	149	ㆍ
40	235	193	리뷰 (23)
40	248	349	맥도날드 수유점
40	298	398	4.8(11,417)
40	309	36	치즈버거
40	363	36	4,100원
40	421	36	고소하고 부드러운 치즈와 100% 순 쇠고기 패티, 맥도날드만의 심플한 클래식 치즈버거.
40	499	63	92% (172개)
40	499	159	ㆍ
40	499	203	리뷰 (76)
40	573	36	더블 치즈버거
40	627	36	5,900원
40	685	36	고소하고 부드러운 치즈와 100% 순 쇠고기 패티, 맥도날드만의 심플한 클래식 치즈버거.
40	763	63	99% (67개)
40	763	149	ㆍ
40	763	193	리뷰 (41)
40	837	36	햄버거
40	891	36	3,700원
40	949	36	100% 순 쇠고기 패티에 상픔한 피클과 양파, 기본에 충실한 맥도날드 햄버거.
40	1027	63	93% (40개)
40	1027	149	ㆍ
40	1027	193	리뷰 (13)
40	1089	0	스낵 & 사이드
40	1195	0	오전 10:20~내일 오전 3:50 주문가능
40	1287	36	홍천 우리쌀 칩
40	1341	36	3,400원
40	1399	36	홍천 우리쌀 칩 홍천 우리쌀로 만들어 더욱 바삭하고 고소하게 즐기는 쌀칩
40	1441	121	지금 와우 가입하면 배달비 0원 + 25,000원 쿠폰
40	1458	781	가입하기
40	1500	36	게살 크림 크로켓 스낵랩
40	1554	36	3,900원
40	1556	24	배달비 0원 적용 중
41	0	0	94% (150개)
41	0	0	ㆍ
41	0	0	골든 모짜렐라 치즈스틱 2조각 속이 꽉 찬 황금빛 바삭함! 자연 모짜렐라 치즈로 빈틈 없이 고소한 맥도날드 치즈스틱을  2조각과 4조각으로 다양하게 즐겨보세요!
41	0	0	리뷰 (88)
41	66	155	맥도날드 수유점 내 메뉴를 찾아보세요
41	78	36	더블 치즈버거
41	132	36	5,900원
41	151	78	세트
41	151	141	버거
41	151	245	스낵 & 사이드
41	151	442	해피밀
41	151	568	음료
41	151	672	디저트
41	151	798	디저트
41	182	51	1 / 2
41	190	36	고소하고 부드러운 치즈와 100% 순 쇠고기 패티, 맥도날드만의 심플한 클래식 치즈버거.
41	248	349	맥도날드 수유점
41	268	63	99% (67개)
41	268	149	ㆍ
41	268	193	리뷰 (41)
41	298	398	4.8(11,417)
41	342	36	햄버거
41	396	36	3,700원
41	454	36	100% 순 쇠고기 패티에 상픔한 피클과 양파, 기본에 충실한 맥도날드 햄버거.
41	532	63	93% (40개)
41	532	149	ㆍ
41	532	193	리뷰 (13)
41	594	0	스낵 & 사이드
41	700	0	오전 10:20~내일 오전 3:50 주문가능
41	792	36	홍천 우리쌀 칩
41	846	36	3,400원
41	904	36	홍천 우리쌀 칩 홍천 우리쌀로 만들어 더욱 바삭하고 고소하게 즐기는 쌀칩
41	1005	36	게살 크림 크로켓 스낵랩
41	1059	36	3,900원
41	1117	36	겉은 바삭 속은 크리미한 게살 크림 크로켓과 산뜻한 홀그레인 타르타르 소스로 풍미를 완성한 스낵랩
41	1195	63	86% (22개)
41	1195	149	ㆍ
41	1195	193	리뷰 (4)
41	1269	36	코울슬로
41	1323	36	2,900원
41	1381	36	양배추, 당근, 양파가 상큼하고 크리미한 마요 드레싱과 어우러져 아삭하게 씹히는 샐러드
41	1441	121	지금 와우 가입하면 배달비 0원 + 25,000원 쿠폰
41	1458	781	가입하기
41	1459	63	98% (120개)
41	1459	159	ㆍ
41	1459	203	리뷰 (55)
41	1533	36	골든 모짜렐라 치즈스틱 2조각
41	1556	24	배달비 0원 적용 중
41	1587	36	3,700원
42	0	0	96% (461개)
42	0	0	ㆍ
42	0	0	리뷰 (199)
42	0	0	매콤한 치킨에 달콤한 화이트 마요 소스로 매콤달콤하게! 베이컨에 양상추, 또띠아까지 어우러져 씹는 맛까지 즐겁다!
42	66	155	맥도날드 수유점 내 메뉴를 찾아보세요
42	132	0	스낵 & 사이드
42	151	78	세트
42	151	140	버거
42	151	244	스낵 & 사이드
42	151	442	해피밀
42	151	568	음료
42	151	672	디저트
42	151	798	디저트
42	182	51	2 / 2
42	213	0	오전 10:20~내일 오전 3:50 주문가능
42	248	349	맥도날드 수유점
42	298	398	4.8(11,417)
42	305	36	홍천 우리쌀 칩
42	359	36	3,400원
42	417	36	홍천 우리쌀 칩 홍천 우리쌀로 만들어 더욱 바삭하고 고소하게 즐기는 쌀칩
42	518	36	게살 크림 크로켓 스낵랩
42	572	36	3,900원
42	630	36	겉은 바삭 속은 크리미한 게살 크림 크로켓과 산뜻한 홀그레인 타르타르 소스로 풍미를 완성한 스낵랩
42	708	63	86% (22개)
42	708	149	ㆍ
42	708	193	리뷰 (4)
42	782	36	코울슬로
42	836	36	2,900원
42	894	36	양배추, 당근, 양파가 상큼하고 크리미한 마요 드레싱과 어우러져 아삭하게 씹히는 샐러드
42	972	63	98% (120개)
42	972	159	ㆍ
42	972	203	리뷰 (55)
42	1046	36	골든 모짜렐라 치즈스틱 2조각
42	1100	36	3,700원
42	1158	36	골든 모짜렐라 치즈스틱 2조각 속이 꽉 찬 황금빛 바삭함! 자연 모짜렐라 치즈로 빈틈 없이 고소한 맥도날드 치즈스틱을  2조각과 4조각으로 다양하게 즐겨보세요!
42	1236	63	94% (150개)
42	1236	159	ㆍ
42	1236	203	리뷰 (88)
42	1310	36	골든 모짜렐라 치즈스틱 4조각
42	1364	36	5,400원
42	1422	36	골든 모짜렐라 치즈스틱 4조각 속이 꽉 찬 황금빛 바삭함! 자연 모짜렐라 치즈로 빈틈 없이 고소한 맥도날드 치즈스틱을  2조각과 4조각으로 다양하게 즐겨보세요!
42	1441	121	지금 와우 가입하면 배달비 0원 + 25,000원 쿠폰
42	1458	781	가입하기
42	1500	63	95% (131개)
42	1500	159	ㆍ
42	1500	203	리뷰 (53)
42	1556	24	배달비 0원 적용 중
42	1574	36	상하이 치킨 스낵랩®
43	0	0	91% (120개)
43	0	0	ㆍ
43	0	0	리뷰 (59)
43	0	0	통으로 썰어낸 감자를 맥도날드만의 노하우로 튀겨낸 남다른 맛과 바삭함!  맥도날드의 역사가 담긴 월드 클래스 후렌치 후라이
43	0	0	후렌치 후라이 미디엄
43	30	36	게살 크림 크로켓 스낵랩
43	66	155	맥도날드 수유점 내 메뉴를 찾아보세요
43	142	36	겉은 바삭 속은 크리미한 게살 크림 크로켓과 산뜻한 홀그레인 타르타르 소스로 풍미를 완성한 스낵랩
43	151	78	세트
43	151	140	버거
43	151	244	스낵 & 사이드
43	151	442	해피밀
43	151	568	음료
43	151	672	디저트
43	151	798	디저트
43	182	51	1 / 2
43	220	63	86% (22개)
43	220	149	ㆍ
43	220	193	리뷰 (4)
43	248	349	맥도날드 수유점
43	294	36	코울슬로
43	298	398	4.8(11,417)
43	348	36	2,900원
43	406	36	양배추, 당근, 양파가 상큼하고 크리미한 마요 드레싱과 어우러져 아삭하게 씹히는 샐러드
43	484	63	98% (120개)
43	484	159	ㆍ
43	484	203	리뷰 (55)
43	558	36	골든 모짜렐라 치즈스틱 2조각
43	612	36	3,700원
43	670	36	골든 모짜렐라 치즈스틱 2조각 속이 꽉 찬 황금빛 바삭함! 자연 모짜렐라 치즈로 빈틈 없이 고소한 맥도날드 치즈스틱을  2조각과 4조각으로 다양하게 즐겨보세요!
43	748	63	94% (150개)
43	748	159	ㆍ
43	748	203	리뷰 (88)
43	822	36	골든 모짜렐라 치즈스틱 4조각
43	876	36	5,400원
43	934	36	골든 모짜렐라 치즈스틱 4조각 속이 꽉 찬 황금빛 바삭함! 자연 모짜렐라 치즈로 빈틈 없이 고소한 맥도날드 치즈스틱을  2조각과 4조각으로 다양하게 즐겨보세요!
43	1012	63	95% (131개)
43	1012	159	ㆍ
43	1012	203	리뷰 (53)
43	1086	36	상하이 치킨 스낵랩®
43	1140	36	4,400원
43	1198	36	매콤한 치킨에 달콤한 화이트 마요 소스로 매콤달콤하게! 베이컨에 양상추, 또띠아까지 어우러져 씹는 맛까지 즐겁다!
43	1276	63	96% (461개)
43	1276	159	ㆍ
43	1276	203	리뷰 (199)
43	1350	36	후렌치 후라이 스몰
43	1404	36	2,400원
43	1441	121	지금 와우 가입하면 배달비 0원 + 25,000원 쿠폰
43	1458	781	가입하기
43	1462	36	통으로 썰어낸 감자를 맥도날드만의 노하우로 튀겨낸 남다른 맛과 바삭함!  맥도날드의 역사가 담긴 월드 클래스 후렌치 후라이
43	1540	63	98% (92개)
43	1540	149	ㆍ
43	1540	193	리뷰 (39)
43	1556	24	배달비 0원 적용 중
44	66	155	맥도날드 수유점 내 메뉴를 찾아보세요
44	67	36	골든 모짜렐라 치즈스틱 2조각
44	132	36	3,700원
44	151	78	세트
44	151	140	버거
44	151	244	스낵 & 사이드
44	151	442	해피밀
44	151	568	음료
44	151	672	디저트
44	151	798	디저트
44	179	36	골든 모짜렐라 치즈스틱 2조각 속이 꽉 찬 황금빛 바삭함! 자연 모짜렐라 치즈로 빈틈 없이 고소한 맥도날드 치즈스틱을  2조각과 4조각으로 다양하게 즐겨보세요!
44	182	51	2 / 2
44	248	349	맥도날드 수유점
44	257	63	94% (150개)
44	257	159	ㆍ
44	257	203	리뷰 (88)
44	298	398	4.8(11,417)
44	331	36	골든 모짜렐라 치즈스틱 4조각
44	385	36	5,400원
44	443	36	골든 모짜렐라 치즈스틱 4조각 속이 꽉 찬 황금빛 바삭함! 자연 모짜렐라 치즈로 빈틈 없이 고소한 맥도날드 치즈스틱을  2조각과 4조각으로 다양하게 즐겨보세요!
44	521	63	95% (131개)
44	521	159	ㆍ
44	521	203	리뷰 (53)
44	595	36	상하이 치킨 스낵랩®
44	649	36	4,400원
44	707	36	매콤한 치킨에 달콤한 화이트 마요 소스로 매콤달콤하게! 베이컨에 양상추, 또띠아까지 어우러져 씹는 맛까지 즐겁다!
44	785	63	96% (461개)
44	785	159	ㆍ
44	785	203	리뷰 (199)
44	859	36	후렌치 후라이 스몰
44	913	36	2,400원
44	971	36	통으로 썰어낸 감자를 맥도날드만의 노하우로 튀겨낸 남다른 맛과 바삭함!  맥도날드의 역사가 담긴 월드 클래스 후렌치 후라이
44	1049	63	98% (92개)
44	1049	149	ㆍ
44	1049	193	리뷰 (39)
44	1123	36	후렌치 후라이 미디엄
44	1177	36	3,500원
44	1235	36	통으로 썰어낸 감자를 맥도날드만의 노하우로 튀겨낸 남다른 맛과 바삭함!  맥도날드의 역사가 담긴 월드 클래스 후렌치 후라이
44	1313	63	91% (120개)
44	1313	159	ㆍ
44	1313	203	리뷰 (59)
44	1387	36	후렌치 후라이 라지
44	1441	36	4,100원
44	1441	121	지금 와우 가입하면 배달비 0원 + 25,000원 쿠폰
44	1458	781	가입하기
44	1499	36	통으로 썰어낸 감자를 맥도날드만의 노하우로 튀겨낸 남다른 맛과 바삭함!  맥도날드의 역사가 담긴 월드 클래스 후렌치 후라이
44	1556	24	배달비 0원 적용 중
44	1577	63	92% (230개)
44	1577	159	ㆍ
44	1577	203	리뷰 (108)
45	66	155	맥도날드 수유점 내 메뉴를 찾아보세요
45	112	36	상하이 치킨 스낵랩®
45	151	78	세트
45	151	140	버거
45	151	244	스낵 & 사이드
45	151	442	해피밀
45	151	568	음료
45	151	672	디저트
45	151	798	디저트
45	166	36	4,400원
45	182	51	1 / 2
45	224	36	매콤한 치킨에 달콤한 화이트 마요 소스로 매콤달콤하게! 베이컨에 양상추, 또띠아까지 어우러져 씹는 맛까지 즐겁다!
45	248	349	맥도날드 수유점
45	298	398	4.8(11,417)
45	302	63	96% (461개)
45	302	159	ㆍ
45	302	203	리뷰 (199)
45	376	36	후렌치 후라이 스몰
45	430	36	2,400원
45	488	36	통으로 썰어낸 감자를 맥도날드만의 노하우로 튀겨낸 남다른 맛과 바삭함!  맥도날드의 역사가 담긴 월드 클래스 후렌치 후라이
45	566	63	98% (92개)
45	566	149	ㆍ
45	566	193	리뷰 (39)
45	640	36	후렌치 후라이 미디엄
45	694	36	3,500원
45	752	36	통으로 썰어낸 감자를 맥도날드만의 노하우로 튀겨낸 남다른 맛과 바삭함!  맥도날드의 역사가 담긴 월드 클래스 후렌치 후라이
45	830	63	91% (120개)
45	830	159	ㆍ
45	830	203	리뷰 (59)
45	904	36	후렌치 후라이 라지
45	958	36	4,100원
45	1016	36	통으로 썰어낸 감자를 맥도날드만의 노하우로 튀겨낸 남다른 맛과 바삭함!  맥도날드의 역사가 담긴 월드 클래스 후렌치 후라이
45	1094	63	92% (230개)
45	1094	159	ㆍ
45	1094	203	리뷰 (108)
45	1168	36	디핑 소스 스위트 앤 사워
45	1222	36	300원
45	1280	36	새콤 달콤한 맛의 디핑 소스
45	1328	63	리뷰 (29)
45	1402	36	디핑 소스 스위트 칠리
45	1441	121	지금 와우 가입하면 배달비 0원 + 25,000원 쿠폰
45	1456	36	300원
45	1458	781	가입하기
45	1514	36	매콤 달콤한 맛의 디핑 소스
45	1556	24	배달비 0원 적용 중
45	1562	63	리뷰 (31)
46	0	0	100% (22개)
46	0	0	ㆍ
46	0	0	리뷰 (8)
46	0	0	버거 + 후룻볼 파인애플 + 생수 + 해피밀 랜덤 토이 1종
46	66	155	맥도날드 수유점 내 메뉴를 찾아보세요
46	150	36	후렌치 후라이 미디엄
46	151	78	세트
46	151	140	버거
46	151	244	스낵 & 사이드
46	151	442	해피밀
46	151	568	음료
46	151	672	디저트
46	151	798	디저트
46	182	51	2 / 2
46	204	36	3,500원
46	248	349	맥도날드 수유점
46	262	36	통으로 썰어낸 감자를 맥도날드만의 노하우로 튀겨낸 남다른 맛과 바삭함!  맥도날드의 역사가 담긴 월드 클래스 후렌치 후라이
46	298	398	4.8(11,417)
46	340	63	91% (120개)
46	340	159	ㆍ
46	340	203	리뷰 (59)
46	414	36	후렌치 후라이 라지
46	468	36	4,100원
46	526	36	통으로 썰어낸 감자를 맥도날드만의 노하우로 튀겨낸 남다른 맛과 바삭함!  맥도날드의 역사가 담긴 월드 클래스 후렌치 후라이
46	604	63	92% (230개)
46	604	159	ㆍ
46	604	203	리뷰 (108)
46	678	36	디핑 소스 스위트 앤 사워
46	732	36	300원
46	790	36	새콤 달콤한 맛의 디핑 소스
46	838	63	리뷰 (29)
46	912	36	디핑 소스 스위트 칠리
46	966	36	300원
46	1024	36	매콤 달콤한 맛의 디핑 소스
46	1072	63	리뷰 (31)
46	1146	36	디핑 소스 케이준
46	1200	36	300원
46	1258	36	톡 쏘는 매콤한 맛의 디핑 소스
46	1306	63	리뷰 (35)
46	1368	0	해피밀
46	1441	121	지금 와우 가입하면 배달비 0원 + 25,000원 쿠폰
46	1458	781	가입하기
46	1474	0	오전 10:20~내일 오전 3:50 주문가능
46	1556	24	배달비 0원 적용 중
46	1566	36	해피밀 치즈버거
47	0	0	83% (6개)
47	0	0	ㆍ
47	0	0	리뷰 (4)
47	0	0	버거 + 후룻볼 파인애플 + 생수 + 해피밀 랜덤 토이 1종
47	0	0	후렌치 후라이 라지
47	33	36	통으로 썰어낸 감자를 맥도날드만의 노하우로 튀겨낸 남다른 맛과 바삭함!  맥도날드의 역사가 담긴 월드 클래스 후렌치 후라이
47	66	155	맥도날드 수유점 내 메뉴를 찾아보세요
47	111	63	92% (230개)
47	111	159	ㆍ
47	111	203	리뷰 (108)
47	151	78	세트
47	151	140	버거
47	151	244	스낵 & 사이드
47	151	442	해피밀
47	151	568	음료
47	151	672	디저트
47	151	798	디저트
47	182	51	1 / 2
47	185	36	디핑 소스 스위트 앤 사워
47	239	36	300원
47	248	349	맥도날드 수유점
47	297	36	새콤 달콤한 맛의 디핑 소스
47	298	398	4.8(11,417)
47	345	63	리뷰 (29)
47	419	36	디핑 소스 스위트 칠리
47	473	36	300원
47	531	36	매콤 달콤한 맛의 디핑 소스
47	579	63	리뷰 (31)
47	653	36	디핑 소스 케이준
47	707	36	300원
47	765	36	톡 쏘는 매콤한 맛의 디핑 소스
47	813	63	리뷰 (35)
47	875	0	해피밀
47	981	0	오전 10:20~내일 오전 3:50 주문가능
47	1073	36	해피밀 치즈버거
47	1127	36	6,200원
47	1185	36	버거 + 후룻볼 파인애플 + 생수 + 해피밀 랜덤 토이 1종
47	1233	63	100% (22개)
47	1233	159	ㆍ
47	1233	203	리뷰 (8)
47	1307	36	해피밀 맥너겟® 4조각
47	1361	36	6,200원
47	1419	36	맥너겟® 4조각 + 후룻볼 파인애플 + 생수 + 해피밀 랜덤 토이 1종
47	1441	121	지금 와우 가입하면 배달비 0원 + 25,000원 쿠폰
47	1458	781	가입하기
47	1467	63	94% (16개)
47	1467	149	ㆍ
47	1467	193	리뷰 (8)
47	1541	36	해피밀 햄버거
47	1556	24	배달비 0원 적용 중
47	1595	36	6,200원
48	0	0	디핑 소스 스위트 칠리
48	39	36	매콤 달콤한 맛의 디핑 소스
48	66	155	맥도날드 수유점 내 메뉴를 찾아보세요
48	87	63	리뷰 (31)
48	151	78	세트
48	151	140	버거
48	151	244	스낵 & 사이드
48	151	442	해피밀
48	151	568	음료
48	151	672	디저트
48	151	798	디저트
48	161	36	디핑 소스 케이준
48	182	51	2 / 2
48	215	36	300원
48	248	349	맥도날드 수유점
48	273	36	톡 쏘는 매콤한 맛의 디핑 소스
48	298	398	4.8(11,417)
48	321	63	리뷰 (35)
48	383	0	해피밀
48	489	0	오전 10:20~내일 오전 3:50 주문가능
48	581	36	해피밀 치즈버거
48	635	36	6,200원
48	693	36	버거 + 후룻볼 파인애플 + 생수 + 해피밀 랜덤 토이 1종
48	741	63	100% (22개)
48	741	159	ㆍ
48	741	203	리뷰 (8)
48	815	36	해피밀 맥너겟® 4조각
48	869	36	6,200원
48	927	36	맥너겟® 4조각 + 후룻볼 파인애플 + 생수 + 해피밀 랜덤 토이 1종
48	975	63	94% (16개)
48	975	149	ㆍ
48	975	193	리뷰 (8)
48	1049	36	해피밀 햄버거
48	1103	36	6,200원
48	1161	36	버거 + 후룻볼 파인애플 + 생수 + 해피밀 랜덤 토이 1종
48	1209	63	83% (6개)
48	1209	139	ㆍ
48	1209	183	리뷰 (4)
48	1283	36	해피밀 불고기버거
48	1337	36	6,200원
48	1395	36	버거 + 후룻볼 파인애플 + 생수 + 해피밀 랜덤 토이 1종
48	1441	121	지금 와우 가입하면 배달비 0원 + 25,000원 쿠폰
48	1443	63	96% (91개)
48	1443	149	ㆍ
48	1443	193	리뷰 (37)
48	1458	781	가입하기
48	1505	0	음료
48	1556	24	배달비 0원 적용 중
49	66	155	맥도날드 수유점 내 메뉴를 찾아보세요
49	92	36	해피밀 치즈버거
49	146	36	6,200원
49	151	78	세트
49	151	141	버거
49	151	245	스낵 & 사이드
49	151	442	해피밀
49	151	568	음료
49	151	672	디저트
49	151	798	디저트
49	182	51	1 / 2
49	204	36	버거 + 후룻볼 파인애플 + 생수 + 해피밀 랜덤 토이 1종
49	248	349	맥도날드 수유점
49	252	63	100% (22개)
49	252	159	ㆍ
49	252	203	리뷰 (8)
49	298	398	4.8(11,417)
49	326	36	해피밀 맥너겟® 4조각
49	380	36	6,200원
49	438	36	맥너겟® 4조각 + 후룻볼 파인애플 + 생수 + 해피밀 랜덤 토이 1종
49	486	63	94% (16개)
49	486	149	ㆍ
49	486	193	리뷰 (8)
49	560	36	해피밀 햄버거
49	614	36	6,200원
49	672	36	버거 + 후룻볼 파인애플 + 생수 + 해피밀 랜덤 토이 1종
49	720	63	83% (6개)
49	720	139	ㆍ
49	720	183	리뷰 (4)
49	794	36	해피밀 불고기버거
49	848	36	6,200원
49	906	36	버거 + 후룻볼 파인애플 + 생수 + 해피밀 랜덤 토이 1종
49	954	63	96% (91개)
49	954	149	ㆍ
49	954	193	리뷰 (37)
49	1016	0	음료
49	1122	0	오전 10:20~내일 오전 3:50 주문가능
49	1214	36	그리머스 쉐이크
49	1268	36	3,800원
49	1326	36	달콤한 블루베리 맛을 담은 그리머스 쉐이크
49	1374	63	100% (1개)
49	1441	121	지금 와우 가입하면 배달비 0원 + 25,000원 쿠폰
49	1448	36	망고 맥피즈 - 스프라이트 M
49	1458	781	가입하기
49	1502	36	3,300원
49	1556	24	배달비 0원 적용 중
49	1560	36	달콤 상큼한 망고 시럽과 청량한 스프라이트가 만나 시원하게 즐기는 여름 한정 맥피즈
50	66	155	맥도날드 수유점 내 메뉴를 찾아보세요
50	69	36	해피밀 햄버거
50	132	36	6,200원
50	151	78	세트
50	151	141	버거
50	151	245	스낵 & 사이드
50	151	442	해피밀
50	151	568	음료
50	151	672	디저트
50	151	798	디저트
50	181	36	버거 + 후룻볼 파인애플 + 생수 + 해피밀 랜덤 토이 1종
50	182	51	2 / 2
50	229	63	83% (6개)
50	229	139	ㆍ
50	229	183	리뷰 (4)
50	248	349	맥도날드 수유점
50	298	398	4.8(11,417)
50	303	36	해피밀 불고기버거
50	357	36	6,200원
50	415	36	버거 + 후룻볼 파인애플 + 생수 + 해피밀 랜덤 토이 1종
50	463	63	96% (91개)
50	463	149	ㆍ
50	463	193	리뷰 (37)
50	525	0	음료
50	631	0	오전 10:20~내일 오전 3:50 주문가능
50	723	36	그리머스 쉐이크
50	777	36	3,800원
50	835	36	달콤한 블루베리 맛을 담은 그리머스 쉐이크
50	883	63	100% (1개)
50	957	36	망고 맥피즈 - 스프라이트 M
50	1011	36	3,300원
50	1069	36	달콤 상큼한 망고 시럽과 청량한 스프라이트가 만나 시원하게 즐기는 여름 한정 맥피즈
50	1177	36	망고 맥피즈 - 스프라이트 L
50	1231	36	3,700원
50	1289	36	달콤 상큼한 망고 시럽과 청량한 스프라이트가 만나 시원하게 즐기는 여름 한정 맥피즈
50	1397	36	피치 아이스티 미디엄
50	1441	121	지금 와우 가입하면 배달비 0원 + 25,000원 쿠폰
50	1451	36	3,900원
50	1458	781	가입하기
50	1509	36	피치 아이스티 (M) 세계 3대 홍차, 우바산 홍차 베이스로 향긋하게 즐기는 복숭아 아이스티
50	1556	24	배달비 0원 적용 중
50	1587	63	100% (4개)
50	1587	149	ㆍ
50	1587	193	리뷰 (2)
51	0	0	리뷰 (1)
51	66	155	맥도날드 수유점 내 메뉴를 찾아보세요
51	132	0	음료
51	136	0	오전 10:20~내일 오전 3:50 주문가능
51	151	78	세트
51	151	141	버거
51	151	245	스낵 & 사이드
51	151	442	해피밀
51	151	568	음료
51	151	672	디저트
51	151	798	디저트
51	182	51	1 / 2
51	228	36	그리머스 쉐이크
51	248	349	맥도날드 수유점
51	282	36	3,800원
51	298	398	4.8(11,417)
51	340	36	달콤한 블루베리 맛을 담은 그리머스 쉐이크
51	388	63	100% (1개)
51	462	36	망고 맥피즈 - 스프라이트 M
51	516	36	3,300원
51	574	36	달콤 상큼한 망고 시럽과 청량한 스프라이트가 만나 시원하게 즐기는 여름 한정 맥피즈
51	682	36	망고 맥피즈 - 스프라이트 L
51	736	36	3,700원
51	794	36	달콤 상큼한 망고 시럽과 청량한 스프라이트가 만나 시원하게 즐기는 여름 한정 맥피즈
51	902	36	피치 아이스티 미디엄
51	956	36	3,900원
51	1014	36	피치 아이스티 (M) 세계 3대 홍차, 우바산 홍차 베이스로 향긋하게 즐기는 복숭아 아이스티
51	1092	63	100% (4개)
51	1092	149	ㆍ
51	1092	193	리뷰 (2)
51	1166	36	피치 아이스티 라지
51	1220	36	4,400원
51	1278	36	피치 아이스티 (L) 세계 3대 홍차, 우바산 홍차 베이스로 향긋하게 즐기는 복숭아 아이스티
51	1356	63	100% (2개)
51	1430	36	망고 피치 아이스티 미디엄
51	1441	121	지금 와우 가입하면 배달비 0원 + 25,000원 쿠폰
51	1458	781	가입하기
51	1484	36	4,200원
51	1542	36	망고 피치 아이스티 (M) 세계 3대 홍차, 우바산 홍차 베이스 복숭아 아이스티에 리얼 망고 퓨레를 더해 달콤 향긋하게 즐기는 아이스티
51	1556	24	배달비 0원 적용 중
52	0	0	리뷰 (1)
52	0	36	망고 맥피즈 - 스프라이트 M
52	66	155	맥도날드 수유점 내 메뉴를 찾아보세요
52	87	36	달콤 상큼한 망고 시럽과 청량한 스프라이트가 만나 시원하게 즐기는 여름 한정 맥피즈
52	151	78	세트
52	151	141	버거
52	151	245	스낵 & 사이드
52	151	442	해피밀
52	151	568	음료
52	151	672	디저트
52	151	798	디저트
52	182	51	2 / 2
52	195	36	망고 맥피즈 - 스프라이트 L
52	248	349	맥도날드 수유점
52	249	36	3,700원
52	298	398	4.8(11,417)
52	307	36	달콤 상큼한 망고 시럽과 청량한 스프라이트가 만나 시원하게 즐기는 여름 한정 맥피즈
52	415	36	피치 아이스티 미디엄
52	469	36	3,900원
52	527	36	피치 아이스티 (M) 세계 3대 홍차, 우바산 홍차 베이스로 향긋하게 즐기는 복숭아 아이스티
52	605	63	100% (4개)
52	605	149	ㆍ
52	605	193	리뷰 (2)
52	679	36	피치 아이스티 라지
52	733	36	4,400원
52	791	36	피치 아이스티 (L) 세계 3대 홍차, 우바산 홍차 베이스로 향긋하게 즐기는 복숭아 아이스티
52	869	63	100% (2개)
52	943	36	망고 피치 아이스티 미디엄
52	997	36	4,200원
52	1055	36	망고 피치 아이스티 (M) 세계 3대 홍차, 우바산 홍차 베이스 복숭아 아이스티에 리얼 망고 퓨레를 더해 달콤 향긋하게 즐기는 아이스티
52	1133	63	리뷰 (1)
52	1207	36	망고 피치 아이스티 라지
52	1261	36	4,700원
52	1319	36	망고 피치 아이스티 (L) 세계 3대 홍차, 우바산 홍차 베이스 복숭아 아이스티에 리얼 망고 퓨레를 더해 달콤 향긋하게 즐기는 아이스티
52	1397	63	100% (1개)
52	1441	121	지금 와우 가입하면 배달비 0원 + 25,000원 쿠폰
52	1458	781	가입하기
52	1471	36	바닐라 라떼 미디엄
52	1525	36	4,700원
52	1556	24	배달비 0원 적용 중
52	1583	36	진한 에스프레소와 부드러운 우유, 달콤한 바닐라의 만남
53	0	0	100% (4개)
53	0	0	ㆍ
53	0	0	리뷰 (1)
53	0	0	피치 아이스티 미디엄
53	33	36	피치 아이스티 (M) 세계 3대 홍차, 우바산 홍차 베이스로 향긋하게 즐기는 복숭아 아이스티
53	66	155	맥도날드 수유점 내 메뉴를 찾아보세요
53	111	63	100% (4개)
53	111	149	ㆍ
53	111	193	리뷰 (2)
53	151	78	세트
53	151	141	버거
53	151	245	스낵 & 사이드
53	151	442	해피밀
53	151	568	음료
53	151	672	디저트
53	151	798	디저트
53	182	51	1 / 2
53	185	36	피치 아이스티 라지
53	239	36	4,400원
53	248	349	맥도날드 수유점
53	297	36	피치 아이스티 (L) 세계 3대 홍차, 우바산 홍차 베이스로 향긋하게 즐기는 복숭아 아이스티
53	298	398	4.8(11,417)
53	375	63	100% (2개)
53	449	36	망고 피치 아이스티 미디엄
53	503	36	4,200원
53	561	36	망고 피치 아이스티 (M) 세계 3대 홍차, 우바산 홍차 베이스 복숭아 아이스티에 리얼 망고 퓨레를 더해 달콤 향긋하게 즐기는 아이스티
53	639	63	리뷰 (1)
53	713	36	망고 피치 아이스티 라지
53	767	36	4,700원
53	825	36	망고 피치 아이스티 (L) 세계 3대 홍차, 우바산 홍차 베이스 복숭아 아이스티에 리얼 망고 퓨레를 더해 달콤 향긋하게 즐기는 아이스티
53	903	63	100% (1개)
53	977	36	바닐라 라떼 미디엄
53	1031	36	4,700원
53	1089	36	진한 에스프레소와 부드러운 우유, 달콤한 바닐라의 만남
53	1137	63	리뷰 (1)
53	1211	36	바닐라 라떼 라지
53	1265	36	5,100원
53	1323	36	진한 에스프레소와 부드러운 우유, 달콤한 바닐라의 만남
53	1371	63	100% (3개)
53	1371	149	ㆍ
53	1371	193	리뷰 (4)
53	1441	121	지금 와우 가입하면 배달비 0원 + 25,000원 쿠폰
53	1445	36	아이스 바닐라 라떼 미디엄
53	1458	781	가입하기
53	1499	36	4,700원
53	1556	24	배달비 0원 적용 중
53	1557	36	진한 에스프레소와 부드러운 우유, 달콤한 바닐라의 만남
54	0	0	망고 피치 아이스티 미디엄
54	66	155	맥도날드 수유점 내 메뉴를 찾아보세요
54	67	36	망고 피치 아이스티 (M) 세계 3대 홍차, 우바산 홍차 베이스 복숭아 아이스티에 리얼 망고 퓨레를 더해 달콤 향긋하게 즐기는 아이스티
54	145	63	리뷰 (1)
54	151	78	세트
54	151	141	버거
54	151	245	스낵 & 사이드
54	151	442	해피밀
54	151	568	음료
54	151	672	디저트
54	151	798	디저트
54	182	51	2 / 2
54	219	36	망고 피치 아이스티 라지
54	248	349	맥도날드 수유점
54	273	36	4,700원
54	298	398	4.8(11,417)
54	331	36	망고 피치 아이스티 (L) 세계 3대 홍차, 우바산 홍차 베이스 복숭아 아이스티에 리얼 망고 퓨레를 더해 달콤 향긋하게 즐기는 아이스티
54	409	63	100% (1개)
54	483	36	바닐라 라떼 미디엄
54	537	36	4,700원
54	595	36	진한 에스프레소와 부드러운 우유, 달콤한 바닐라의 만남
54	643	63	리뷰 (1)
54	717	36	바닐라 라떼 라지
54	771	36	5,100원
54	829	36	진한 에스프레소와 부드러운 우유, 달콤한 바닐라의 만남
54	877	63	100% (3개)
54	877	149	ㆍ
54	877	193	리뷰 (4)
54	951	36	아이스 바닐라 라떼 미디엄
54	1005	36	4,700원
54	1063	36	진한 에스프레소와 부드러운 우유, 달콤한 바닐라의 만남
54	1111	63	100% (4개)
54	1111	149	ㆍ
54	1111	193	리뷰 (1)
54	1185	36	아이스 바닐라 라떼 라지
54	1239	36	5,100원
54	1297	36	진한 에스프레소와 부드러운 우유, 달콤한 바닐라의 만남
54	1345	63	89% (9개)
54	1345	139	ㆍ
54	1345	183	리뷰 (5)
54	1419	36	코카 콜라® 미디엄
54	1441	121	지금 와우 가입하면 배달비 0원 + 25,000원 쿠폰
54	1458	781	가입하기
54	1473	36	2,800원
54	1531	36	갈증해소 뿐만이 아니라 기분까지 상쾌하게! 코카-콜라
54	1556	24	배달비 0원 적용 중
54	1579	63	94% (18개)
54	1579	149	ㆍ
54	1579	193	리뷰 (11)
55	0	36	바닐라 라떼 미디엄
55	66	155	맥도날드 수유점 내 메뉴를 찾아보세요
55	105	36	진한 에스프레소와 부드러운 우유, 달콤한 바닐라의 만남
55	151	78	세트
55	151	141	버거
55	151	245	스낵 & 사이드
55	151	442	해피밀
55	151	568	음료
55	151	672	디저트
55	151	798	디저트
55	153	63	리뷰 (1)
55	182	51	1 / 2
55	227	36	바닐라 라떼 라지
55	248	349	맥도날드 수유점
55	281	36	5,100원
55	298	398	4.8(11,417)
55	339	36	진한 에스프레소와 부드러운 우유, 달콤한 바닐라의 만남
55	387	63	100% (3개)
55	387	149	ㆍ
55	387	193	리뷰 (4)
55	461	36	아이스 바닐라 라떼 미디엄
55	515	36	4,700원
55	573	36	진한 에스프레소와 부드러운 우유, 달콤한 바닐라의 만남
55	621	63	100% (4개)
55	621	149	ㆍ
55	621	193	리뷰 (1)
55	695	36	아이스 바닐라 라떼 라지
55	749	36	5,100원
55	807	36	진한 에스프레소와 부드러운 우유, 달콤한 바닐라의 만남
55	855	63	89% (9개)
55	855	139	ㆍ
55	855	183	리뷰 (5)
55	929	36	코카 콜라® 미디엄
55	983	36	2,800원
55	1041	36	갈증해소 뿐만이 아니라 기분까지 상쾌하게! 코카-콜라
55	1089	63	94% (18개)
55	1089	149	ㆍ
55	1089	193	리뷰 (11)
55	1163	36	코카 콜라® 라지
55	1217	36	3,200원
55	1275	36	갈증해소 뿐만이 아니라 기분까지 상쾌하게! 코카-콜라
55	1323	63	95% (19개)
55	1323	149	ㆍ
55	1323	193	리뷰 (13)
55	1397	36	코카 콜라® 제로 미디엄
55	1441	121	지금 와우 가입하면 배달비 0원 + 25,000원 쿠폰
55	1451	36	2,800원
55	1458	781	가입하기
55	1509	36	상쾌한 맛은 살리면서 웰빙 트렌드에 맞춰  설탕과 칼로리를 제로로 줄인 코카-콜라 제로
55	1556	24	배달비 0원 적용 중
55	1587	63	100% (9개)
55	1587	149	ㆍ
55	1587	193	리뷰 (10)
56	0	36	아이스 바닐라 라떼 미디엄
56	66	155	맥도날드 수유점 내 메뉴를 찾아보세요
56	77	36	진한 에스프레소와 부드러운 우유, 달콤한 바닐라의 만남
56	125	63	100% (4개)
56	125	149	ㆍ
56	125	193	리뷰 (1)
56	151	78	세트
56	151	141	버거
56	151	245	스낵 & 사이드
56	151	442	해피밀
56	151	568	음료
56	151	672	디저트
56	151	798	디저트
56	182	51	2 / 2
56	199	36	아이스 바닐라 라떼 라지
56	248	349	맥도날드 수유점
56	253	36	5,100원
56	298	398	4.8(11,417)
56	311	36	진한 에스프레소와 부드러운 우유, 달콤한 바닐라의 만남
56	359	63	89% (9개)
56	359	139	ㆍ
56	359	183	리뷰 (5)
56	433	36	코카 콜라® 미디엄
56	487	36	2,800원
56	545	36	갈증해소 뿐만이 아니라 기분까지 상쾌하게! 코카-콜라
56	593	63	94% (18개)
56	593	149	ㆍ
56	593	193	리뷰 (11)
56	667	36	코카 콜라® 라지
56	721	36	3,200원
56	779	36	갈증해소 뿐만이 아니라 기분까지 상쾌하게! 코카-콜라
56	827	63	95% (19개)
56	827	149	ㆍ
56	827	193	리뷰 (13)
56	901	36	코카 콜라® 제로 미디엄
56	955	36	2,800원
56	1013	36	상쾌한 맛은 살리면서 웰빙 트렌드에 맞춰  설탕과 칼로리를 제로로 줄인 코카-콜라 제로
56	1091	63	100% (9개)
56	1091	149	ㆍ
56	1091	193	리뷰 (10)
56	1165	36	코카 콜라® 제로 라지
56	1219	36	3,200원
56	1277	36	상쾌한 맛은 살리면서 웰빙 트렌드에 맞춰  설탕과 칼로리를 제로로 줄인 코카-콜라 제로
56	1355	63	100% (15개)
56	1355	159	ㆍ
56	1355	203	리뷰 (15)
56	1429	36	환타® 미디엄
56	1441	121	지금 와우 가입하면 배달비 0원 + 25,000원 쿠폰
56	1458	781	가입하기
56	1483	36	2,800원
56	1541	36	톡 쏘는 오렌지 향!
56	1556	24	배달비 0원 적용 중
56	1589	63	96% (27개)
56	1589	149	ㆍ
56	1589	193	리뷰 (1)
57	0	0	코카 콜라® 미디엄
57	52	36	갈증해소 뿐만이 아니라 기분까지 상쾌하게! 코카-콜라
57	66	155	맥도날드 수유점 내 메뉴를 찾아보세요
57	100	63	94% (18개)
57	100	149	ㆍ
57	100	193	리뷰 (11)
57	151	78	세트
57	151	141	버거
57	151	245	스낵 & 사이드
57	151	442	해피밀
57	151	568	음료
57	151	672	디저트
57	151	798	디저트
57	174	36	코카 콜라® 라지
57	182	51	1 / 2
57	228	36	3,200원
57	248	349	맥도날드 수유점
57	286	36	갈증해소 뿐만이 아니라 기분까지 상쾌하게! 코카-콜라
57	298	398	4.8(11,417)
57	334	63	95% (19개)
57	334	149	ㆍ
57	334	193	리뷰 (13)
57	408	36	코카 콜라® 제로 미디엄
57	462	36	2,800원
57	520	36	상쾌한 맛은 살리면서 웰빙 트렌드에 맞춰  설탕과 칼로리를 제로로 줄인 코카-콜라 제로
57	598	63	100% (9개)
57	598	149	ㆍ
57	598	193	리뷰 (10)
57	672	36	코카 콜라® 제로 라지
57	726	36	3,200원
57	784	36	상쾌한 맛은 살리면서 웰빙 트렌드에 맞춰  설탕과 칼로리를 제로로 줄인 코카-콜라 제로
57	862	63	100% (15개)
57	862	159	ㆍ
57	862	203	리뷰 (15)
57	936	36	환타® 미디엄
57	990	36	2,800원
57	1048	36	톡 쏘는 오렌지 향!
57	1096	63	96% (27개)
57	1096	149	ㆍ
57	1096	193	리뷰 (1)
57	1170	36	환타® 라지
57	1224	36	3,200원
57	1282	36	톡 쏘는 오렌지 향!
57	1330	63	89% (9개)
57	1330	139	ㆍ
57	1330	183	리뷰 (3)
57	1404	36	스프라이트® 미디엄
57	1441	121	지금 와우 가입하면 배달비 0원 + 25,000원 쿠폰
57	1458	36	2,800원
57	1458	781	가입하기
57	1516	36	청량함에 레몬, 라임향을 더한 시원함!
57	1556	24	배달비 0원 적용 중
57	1564	63	100% (9개)
57	1564	149	ㆍ
57	1564	193	리뷰 (2)
58	0	0	100% (3개)
58	0	0	진한 에스프레소에 벨벳처럼 부드러운 스팀 밀크를 넣어 만든 라떼
58	0	0	카페라떼 라지
58	0	0	코카 콜라® 제로 미디엄
58	26	36	상쾌한 맛은 살리면서 웰빙 트렌드에 맞춰  설탕과 칼로리를 제로로 줄인 코카-콜라 제로
58	66	155	맥도날드 수유점 내 메뉴를 찾아보세요
58	104	63	100% (9개)
58	104	149	ㆍ
58	104	193	리뷰 (10)
58	151	78	세트
58	151	141	버거
58	151	245	스낵 & 사이드
58	151	442	해피밀
58	151	568	음료
58	151	672	디저트
58	151	798	디저트
58	178	36	코카 콜라® 제로 라지
58	182	51	2 / 2
58	232	36	3,200원
58	248	349	맥도날드 수유점
58	290	36	상쾌한 맛은 살리면서 웰빙 트렌드에 맞춰  설탕과 칼로리를 제로로 줄인 코카-콜라 제로
58	298	398	4.8(11,417)
58	368	63	100% (15개)
58	368	159	ㆍ
58	368	203	리뷰 (15)
58	442	36	환타® 미디엄
58	496	36	2,800원
58	554	36	톡 쏘는 오렌지 향!
58	602	63	96% (27개)
58	602	149	ㆍ
58	602	193	리뷰 (1)
58	676	36	환타® 라지
58	730	36	3,200원
58	788	36	톡 쏘는 오렌지 향!
58	836	63	89% (9개)
58	836	139	ㆍ
58	836	183	리뷰 (3)
58	910	36	스프라이트® 미디엄
58	964	36	2,800원
58	1022	36	청량함에 레몬, 라임향을 더한 시원함!
58	1070	63	100% (9개)
58	1070	149	ㆍ
58	1070	193	리뷰 (2)
58	1144	36	스프라이트® 라지
58	1198	36	3,200원
58	1256	36	청량함에 레몬, 라임향을 더한 시원함!
58	1304	63	88% (8개)
58	1304	139	ㆍ
58	1304	183	리뷰 (1)
58	1378	36	카페라떼 미디엄
58	1432	36	4,200원
58	1441	121	지금 와우 가입하면 배달비 0원 + 25,000원 쿠폰
58	1458	781	가입하기
58	1490	36	진한 에스프레소에 벨벳처럼 부드러운 스팀 밀크를 넣어 만든 라떼
58	1538	63	100% (2개)
58	1538	149	ㆍ
58	1538	193	리뷰 (1)
58	1556	24	배달비 0원 적용 중
59	0	0	환타® 미디엄
59	66	155	맥도날드 수유점 내 메뉴를 찾아보세요
59	70	36	톡 쏘는 오렌지 향!
59	118	63	96% (27개)
59	118	149	ㆍ
59	118	193	리뷰 (1)
59	151	78	세트
59	151	141	버거
59	151	245	스낵 & 사이드
59	151	442	해피밀
59	151	568	음료
59	151	672	디저트
59	151	798	디저트
59	182	51	1 / 2
59	192	36	환타® 라지
59	246	36	3,200원
59	248	349	맥도날드 수유점
59	298	398	4.8(11,417)
59	304	36	톡 쏘는 오렌지 향!
59	352	63	89% (9개)
59	352	139	ㆍ
59	352	183	리뷰 (3)
59	426	36	스프라이트® 미디엄
59	480	36	2,800원
59	538	36	청량함에 레몬, 라임향을 더한 시원함!
59	586	63	100% (9개)
59	586	149	ㆍ
59	586	193	리뷰 (2)
59	660	36	스프라이트® 라지
59	714	36	3,200원
59	772	36	청량함에 레몬, 라임향을 더한 시원함!
59	820	63	88% (8개)
59	820	139	ㆍ
59	820	183	리뷰 (1)
59	894	36	카페라떼 미디엄
59	948	36	4,200원
59	1006	36	진한 에스프레소에 벨벳처럼 부드러운 스팀 밀크를 넣어 만든 라떼
59	1054	63	100% (2개)
59	1054	149	ㆍ
59	1054	193	리뷰 (1)
59	1128	36	카페라떼 라지
59	1182	36	4,600원
59	1240	36	진한 에스프레소에 벨벳처럼 부드러운 스팀 밀크를 넣어 만든 라떼
59	1288	63	100% (3개)
59	1362	36	카푸치노 미디엄
59	1416	36	4,200원
59	1441	121	지금 와우 가입하면 배달비 0원 + 25,000원 쿠폰
59	1458	781	가입하기
59	1474	36	진하고 풍부한 에스프레소에 따뜻한 우유 거품과 초코 파우더를 넣은 달콤한 카푸치노
59	1552	63	100% (1개)
59	1556	24	배달비 0원 적용 중
60	0	0	스프라이트® 미디엄
60	49	36	청량함에 레몬, 라임향을 더한 시원함!
60	66	155	맥도날드 수유점 내 메뉴를 찾아보세요
60	97	63	100% (9개)
60	97	149	ㆍ
60	97	193	리뷰 (2)
60	151	78	세트
60	151	141	버거
60	151	245	스낵 & 사이드
60	151	442	해피밀
60	151	568	음료
60	151	672	디저트
60	151	798	디저트
60	171	36	스프라이트® 라지
60	182	51	2 / 2
60	225	36	3,200원
60	248	349	맥도날드 수유점
60	283	36	청량함에 레몬, 라임향을 더한 시원함!
60	298	398	4.8(11,417)
60	331	63	88% (8개)
60	331	139	ㆍ
60	331	183	리뷰 (1)
60	405	36	카페라떼 미디엄
60	459	36	4,200원
60	517	36	진한 에스프레소에 벨벳처럼 부드러운 스팀 밀크를 넣어 만든 라떼
60	565	63	100% (2개)
60	565	149	ㆍ
60	565	193	리뷰 (1)
60	639	36	카페라떼 라지
60	693	36	4,600원
60	751	36	진한 에스프레소에 벨벳처럼 부드러운 스팀 밀크를 넣어 만든 라떼
60	799	63	100% (3개)
60	873	36	카푸치노 미디엄
60	927	36	4,200원
60	985	36	진하고 풍부한 에스프레소에 따뜻한 우유 거품과 초코 파우더를 넣은 달콤한 카푸치노
60	1063	63	100% (1개)
60	1137	36	카푸치노 라지
60	1191	36	4,600원
60	1249	36	진하고 풍부한 에스프레소에 따뜻한 우유 거품과 초코 파우더를 넣은 달콤한 카푸치노
60	1327	63	100% (2개)
60	1401	36	아메리카노 미디엄
60	1441	121	지금 와우 가입하면 배달비 0원 + 25,000원 쿠폰
60	1455	36	3,500원
60	1458	781	가입하기
60	1513	36	진한 에스프레소 샷에 따뜻한 물을 섞어 더 향긋하게 즐기는 정통 아메리카노
60	1556	24	배달비 0원 적용 중
60	1591	63	100% (3개)
61	0	0	100% (1개)
61	0	0	ㆍ
61	0	0	리뷰 (2)
61	0	0	카페라떼 미디엄
61	36	36	진한 에스프레소에 벨벳처럼 부드러운 스팀 밀크를 넣어 만든 라떼
61	66	155	맥도날드 수유점 내 메뉴를 찾아보세요
61	84	63	100% (2개)
61	84	149	ㆍ
61	84	193	리뷰 (1)
61	151	78	세트
61	151	141	버거
61	151	245	스낵 & 사이드
61	151	442	해피밀
61	151	568	음료
61	151	672	디저트
61	151	798	디저트
61	158	36	카페라떼 라지
61	182	51	1 / 2
61	212	36	4,600원
61	248	349	맥도날드 수유점
61	270	36	진한 에스프레소에 벨벳처럼 부드러운 스팀 밀크를 넣어 만든 라떼
61	298	398	4.8(11,417)
61	318	63	100% (3개)
61	392	36	카푸치노 미디엄
61	446	36	4,200원
61	504	36	진하고 풍부한 에스프레소에 따뜻한 우유 거품과 초코 파우더를 넣은 달콤한 카푸치노
61	582	63	100% (1개)
61	656	36	카푸치노 라지
61	710	36	4,600원
61	768	36	진하고 풍부한 에스프레소에 따뜻한 우유 거품과 초코 파우더를 넣은 달콤한 카푸치노
61	846	63	100% (2개)
61	920	36	아메리카노 미디엄
61	974	36	3,500원
61	1032	36	진한 에스프레소 샷에 따뜻한 물을 섞어 더 향긋하게 즐기는 정통 아메리카노
61	1110	63	100% (3개)
61	1184	36	아메리카노 라지
61	1238	36	3,900원
61	1296	36	진한 에스프레소 샷에 따뜻한 물을 섞어 더 향긋하게 즐기는 정통 아메리카노
61	1374	63	100% (11개)
61	1374	159	ㆍ
61	1374	203	리뷰 (5)
61	1441	121	지금 와우 가입하면 배달비 0원 + 25,000원 쿠폰
61	1448	36	드립 커피 미디엄
61	1458	781	가입하기
61	1502	36	3,200원
61	1556	24	배달비 0원 적용 중
61	1560	36	100% 아라비카 원두를 드립 커피의 부드러움으로 만나보세요.
62	0	0	카푸치노 미디엄
62	14	36	진하고 풍부한 에스프레소에 따뜻한 우유 거품과 초코 파우더를 넣은 달콤한 카푸치노
62	66	155	맥도날드 수유점 내 메뉴를 찾아보세요
62	92	63	100% (1개)
62	151	78	세트
62	151	141	버거
62	151	245	스낵 & 사이드
62	151	442	해피밀
62	151	568	음료
62	151	672	디저트
62	151	798	디저트
62	166	36	카푸치노 라지
62	182	51	2 / 2
62	220	36	4,600원
62	248	349	맥도날드 수유점
62	278	36	진하고 풍부한 에스프레소에 따뜻한 우유 거품과 초코 파우더를 넣은 달콤한 카푸치노
62	298	398	4.8(11,417)
62	356	63	100% (2개)
62	430	36	아메리카노 미디엄
62	484	36	3,500원
62	542	36	진한 에스프레소 샷에 따뜻한 물을 섞어 더 향긋하게 즐기는 정통 아메리카노
62	620	63	100% (3개)
62	694	36	아메리카노 라지
62	748	36	3,900원
62	806	36	진한 에스프레소 샷에 따뜻한 물을 섞어 더 향긋하게 즐기는 정통 아메리카노
62	884	63	100% (11개)
62	884	159	ㆍ
62	884	203	리뷰 (5)
62	958	36	드립 커피 미디엄
62	1012	36	3,200원
62	1070	36	100% 아라비카 원두를 드립 커피의 부드러움으로 만나보세요.
62	1118	63	100% (1개)
62	1118	149	ㆍ
62	1118	193	리뷰 (2)
62	1192	36	드립 커피 라지
62	1246	36	3,600원
62	1304	36	100% 아라비카 원두를 드립 커피의 부드러움으로 만나보세요.
62	1352	63	100% (1개)
62	1352	149	ㆍ
62	1352	193	리뷰 (2)
62	1426	36	아이스 드립 커피(시럽없음) 미디엄
62	1441	121	지금 와우 가입하면 배달비 0원 + 25,000원 쿠폰
62	1458	781	가입하기
62	1480	36	3,200원
62	1538	36	100% 아라비카로 풍부한 아로마의 드립 커피를 시원하게 만나보세요!
62	1556	24	배달비 0원 적용 중
62	1586	63	100% (10개)
63	0	0	88% (8개)
63	0	0	ㆍ
63	0	0	리뷰 (2)
63	0	0	아메리카노 미디엄
63	59	36	진한 에스프레소 샷에 따뜻한 물을 섞어 더 향긋하게 즐기는 정통 아메리카노
63	66	155	맥도날드 수유점 내 메뉴를 찾아보세요
63	137	63	100% (3개)
63	151	78	세트
63	151	141	버거
63	151	245	스낵 & 사이드
63	151	442	해피밀
63	151	568	음료
63	151	672	디저트
63	151	798	디저트
63	182	51	1 / 2
63	211	36	아메리카노 라지
63	248	349	맥도날드 수유점
63	265	36	3,900원
63	298	398	4.8(11,417)
63	323	36	진한 에스프레소 샷에 따뜻한 물을 섞어 더 향긋하게 즐기는 정통 아메리카노
63	401	63	100% (11개)
63	401	159	ㆍ
63	401	203	리뷰 (5)
63	475	36	드립 커피 미디엄
63	529	36	3,200원
63	587	36	100% 아라비카 원두를 드립 커피의 부드러움으로 만나보세요.
63	635	63	100% (1개)
63	635	149	ㆍ
63	635	193	리뷰 (2)
63	709	36	드립 커피 라지
63	763	36	3,600원
63	821	36	100% 아라비카 원두를 드립 커피의 부드러움으로 만나보세요.
63	869	63	100% (1개)
63	869	149	ㆍ
63	869	193	리뷰 (2)
63	943	36	아이스 드립 커피(시럽없음) 미디엄
63	997	36	3,200원
63	1055	36	100% 아라비카로 풍부한 아로마의 드립 커피를 시원하게 만나보세요!
63	1103	63	100% (10개)
63	1177	36	아이스 드립 커피(시럽없음) 라지
63	1231	36	3,600원
63	1289	36	100% 아라비카로 풍부한 아로마의 드립 커피를 시원하게 만나보세요!
63	1337	63	87% (15개)
63	1337	149	ㆍ
63	1337	193	리뷰 (8)
63	1411	36	아이스 아메리카노(시럽없음) 미디엄
63	1441	121	지금 와우 가입하면 배달비 0원 + 25,000원 쿠폰
63	1458	781	가입하기
63	1465	36	3,500원
63	1523	36	바로 갈아 추출한 100% 아라비카 에스프레소를  시원하게 즐길 수 있는 아이스 아메리카노
63	1556	24	배달비 0원 적용 중
64	0	0	100% (1개)
64	0	0	ㆍ
64	0	0	리뷰 (2)
64	0	36	드립 커피 미디엄
64	66	155	맥도날드 수유점 내 메뉴를 찾아보세요
64	100	36	100% 아라비카 원두를 드립 커피의 부드러움으로 만나보세요.
64	148	63	100% (1개)
64	148	149	ㆍ
64	148	193	리뷰 (2)
64	151	78	세트
64	151	141	버거
64	151	245	스낵 & 사이드
64	151	442	해피밀
64	151	568	음료
64	151	672	디저트
64	151	798	디저트
64	182	51	2 / 2
64	222	36	드립 커피 라지
64	248	349	맥도날드 수유점
64	276	36	3,600원
64	298	398	4.8(11,417)
64	334	36	100% 아라비카 원두를 드립 커피의 부드러움으로 만나보세요.
64	382	63	100% (1개)
64	382	149	ㆍ
64	382	193	리뷰 (2)
64	456	36	아이스 드립 커피(시럽없음) 미디엄
64	510	36	3,200원
64	568	36	100% 아라비카로 풍부한 아로마의 드립 커피를 시원하게 만나보세요!
64	616	63	100% (10개)
64	690	36	아이스 드립 커피(시럽없음) 라지
64	744	36	3,600원
64	802	36	100% 아라비카로 풍부한 아로마의 드립 커피를 시원하게 만나보세요!
64	850	63	87% (15개)
64	850	149	ㆍ
64	850	193	리뷰 (8)
64	924	36	아이스 아메리카노(시럽없음) 미디엄
64	978	36	3,500원
64	1036	36	바로 갈아 추출한 100% 아라비카 에스프레소를  시원하게 즐길 수 있는 아이스 아메리카노
64	1114	63	88% (8개)
64	1114	139	ㆍ
64	1114	183	리뷰 (2)
64	1188	36	아이스 아메리카노(시럽없음) 라지
64	1242	36	3,900원
64	1300	36	바로 갈아 추출한 100% 아라비카 에스프레소를  시원하게 즐길 수 있는 아이스 아메리카노
64	1378	63	100% (20개)
64	1378	159	ㆍ
64	1378	203	리뷰 (7)
64	1441	121	지금 와우 가입하면 배달비 0원 + 25,000원 쿠폰
64	1452	36	아이스 카페라떼(시럽없음) 미디엄
64	1458	781	가입하기
64	1506	36	4,200원
64	1556	24	배달비 0원 적용 중
64	1564	36	갓 추출한 100% 아라비카 원두가 신선한 우유와 얼음을 만나 부드러우면서도 시원하게!
65	0	0	100% (11개)
65	0	0	ㆍ
65	0	0	리뷰 (9)
65	0	0	신선한 우유에 상큼한 딸기 시럽으로 맛을 더한 부드러운 쉐이크!
65	0	36	아이스 드립 커피(시럽없음) 미디엄
65	66	155	맥도날드 수유점 내 메뉴를 찾아보세요
65	80	36	100% 아라비카로 풍부한 아로마의 드립 커피를 시원하게 만나보세요!
65	128	63	100% (10개)
65	151	78	세트
65	151	141	버거
65	151	245	스낵 & 사이드
65	151	442	해피밀
65	151	568	음료
65	151	672	디저트
65	151	798	디저트
65	182	51	1 / 2
65	202	36	아이스 드립 커피(시럽없음) 라지
65	248	349	맥도날드 수유점
65	256	36	3,600원
65	298	398	4.8(11,417)
65	314	36	100% 아라비카로 풍부한 아로마의 드립 커피를 시원하게 만나보세요!
65	362	63	87% (15개)
65	362	149	ㆍ
65	362	193	리뷰 (8)
65	436	36	아이스 아메리카노(시럽없음) 미디엄
65	490	36	3,500원
65	548	36	바로 갈아 추출한 100% 아라비카 에스프레소를  시원하게 즐길 수 있는 아이스 아메리카노
65	626	63	88% (8개)
65	626	139	ㆍ
65	626	183	리뷰 (2)
65	700	36	아이스 아메리카노(시럽없음) 라지
65	754	36	3,900원
65	812	36	바로 갈아 추출한 100% 아라비카 에스프레소를  시원하게 즐길 수 있는 아이스 아메리카노
65	890	63	100% (20개)
65	890	159	ㆍ
65	890	203	리뷰 (7)
65	964	36	아이스 카페라떼(시럽없음) 미디엄
65	1018	36	4,200원
65	1076	36	갓 추출한 100% 아라비카 원두가 신선한 우유와 얼음을 만나 부드러우면서도 시원하게!
65	1154	63	100% (1개)
65	1154	149	ㆍ
65	1154	193	리뷰 (2)
65	1228	36	아이스 카페라떼(시럽없음) 라지
65	1282	36	4,600원
65	1340	36	갓 추출한 100% 아라비카 원두가 신선한 우유와 얼음을 만나 부드러우면서도 시원하게!
65	1418	63	100% (6개)
65	1418	149	ㆍ
65	1418	193	리뷰 (2)
65	1441	121	지금 와우 가입하면 배달비 0원 + 25,000원 쿠폰
65	1458	781	가입하기
65	1492	36	딸기 쉐이크 미디엄
65	1546	36	3,600원
65	1556	24	배달비 0원 적용 중
66	0	0	리뷰 (13)
66	0	0	아이스 아메리카노(시럽없음) 미디엄
66	55	36	바로 갈아 추출한 100% 아라비카 에스프레소를  시원하게 즐길 수 있는 아이스 아메리카노
66	66	155	맥도날드 수유점 내 메뉴를 찾아보세요
66	133	63	88% (8개)
66	133	139	ㆍ
66	133	183	리뷰 (2)
66	151	78	세트
66	151	141	버거
66	151	245	스낵 & 사이드
66	151	442	해피밀
66	151	568	음료
66	151	672	디저트
66	151	798	디저트
66	182	51	2 / 2
66	207	36	아이스 아메리카노(시럽없음) 라지
66	248	349	맥도날드 수유점
66	261	36	3,900원
66	298	398	4.8(11,417)
66	319	36	바로 갈아 추출한 100% 아라비카 에스프레소를  시원하게 즐길 수 있는 아이스 아메리카노
66	397	63	100% (20개)
66	397	159	ㆍ
66	397	203	리뷰 (7)
66	471	36	아이스 카페라떼(시럽없음) 미디엄
66	525	36	4,200원
66	583	36	갓 추출한 100% 아라비카 원두가 신선한 우유와 얼음을 만나 부드러우면서도 시원하게!
66	661	63	100% (1개)
66	661	149	ㆍ
66	661	193	리뷰 (2)
66	735	36	아이스 카페라떼(시럽없음) 라지
66	789	36	4,600원
66	847	36	갓 추출한 100% 아라비카 원두가 신선한 우유와 얼음을 만나 부드러우면서도 시원하게!
66	925	63	100% (6개)
66	925	149	ㆍ
66	925	193	리뷰 (2)
66	999	36	딸기 쉐이크 미디엄
66	1053	36	3,600원
66	1111	36	신선한 우유에 상큼한 딸기 시럽으로 맛을 더한 부드러운 쉐이크!
66	1159	63	100% (11개)
66	1159	159	ㆍ
66	1159	203	리뷰 (9)
66	1233	36	초코 쉐이크 미디엄
66	1287	36	3,600원
66	1345	36	신선한 우유에 달콤함 초코렛 시럽이 들어간 부드러운 쉐이크!
66	1393	63	87% (15개)
66	1393	149	ㆍ
66	1393	193	리뷰 (8)
66	1441	121	지금 와우 가입하면 배달비 0원 + 25,000원 쿠폰
66	1458	781	가입하기
66	1467	36	바닐라 쉐이크 미디엄
66	1521	36	3,600원
66	1556	24	배달비 0원 적용 중
66	1579	36	신선한 우유에 달콤한 바닐라 시럽으로 맛을 더한 깔끔한 쉐이크!
67	0	0	97% (166개)
67	0	0	ㆍ
67	0	0	리뷰 (75)
67	0	0	우유 듬뿍 신선한 아이스크림에 아삭아삭 오레오 쿠키가 가득!
67	0	36	아이스 카페라떼(시럽없음) 미디엄
67	66	155	맥도날드 수유점 내 메뉴를 찾아보세요
67	92	36	갓 추출한 100% 아라비카 원두가 신선한 우유와 얼음을 만나 부드러우면서도 시원하게!
67	151	78	세트
67	151	141	버거
67	151	245	스낵 & 사이드
67	151	442	해피밀
67	151	568	음료
67	151	672	디저트
67	151	798	디저트
67	170	63	100% (1개)
67	170	149	ㆍ
67	170	193	리뷰 (2)
67	182	51	1 / 2
67	244	36	아이스 카페라떼(시럽없음) 라지
67	248	349	맥도날드 수유점
67	298	36	4,600원
67	298	398	4.8(11,417)
67	356	36	갓 추출한 100% 아라비카 원두가 신선한 우유와 얼음을 만나 부드러우면서도 시원하게!
67	434	63	100% (6개)
67	434	149	ㆍ
67	434	193	리뷰 (2)
67	508	36	딸기 쉐이크 미디엄
67	562	36	3,600원
67	620	36	신선한 우유에 상큼한 딸기 시럽으로 맛을 더한 부드러운 쉐이크!
67	668	63	100% (11개)
67	668	159	ㆍ
67	668	203	리뷰 (9)
67	742	36	초코 쉐이크 미디엄
67	796	36	3,600원
67	854	36	신선한 우유에 달콤함 초코렛 시럽이 들어간 부드러운 쉐이크!
67	902	63	87% (15개)
67	902	149	ㆍ
67	902	193	리뷰 (8)
67	976	36	바닐라 쉐이크 미디엄
67	1030	36	3,600원
67	1088	36	신선한 우유에 달콤한 바닐라 시럽으로 맛을 더한 깔끔한 쉐이크!
67	1136	63	리뷰 (13)
67	1240	42	디저트
67	1322	36	카라멜 팝콘 맥플러리
67	1376	36	5,000원
67	1434	36	달콤쫀득한 카라멜 시럽과 바삭한 카라멜 팝콘이 만나, 더 기분 좋게 시원한 맥플러리
67	1441	121	지금 와우 가입하면 배달비 0원 + 25,000원 쿠폰
67	1458	781	가입하기
67	1512	63	리뷰 (2)
67	1556	24	배달비 0원 적용 중
67	1586	36	오레오 맥플러리
68	19	36	딸기 쉐이크 미디엄
68	66	155	맥도날드 수유점 내 메뉴를 찾아보세요
68	131	36	신선한 우유에 상큼한 딸기 시럽으로 맛을 더한 부드러운 쉐이크!
68	151	78	세트
68	151	141	버거
68	151	245	스낵 & 사이드
68	151	442	해피밀
68	151	568	음료
68	151	672	디저트
68	151	798	디저트
68	179	63	100% (11개)
68	179	159	ㆍ
68	179	203	리뷰 (9)
68	182	51	2 / 2
68	248	349	맥도날드 수유점
68	253	36	초코 쉐이크 미디엄
68	298	398	4.8(11,417)
68	307	36	3,600원
68	365	36	신선한 우유에 달콤함 초코렛 시럽이 들어간 부드러운 쉐이크!
68	413	63	87% (15개)
68	413	149	ㆍ
68	413	193	리뷰 (8)
68	487	36	바닐라 쉐이크 미디엄
68	541	36	3,600원
68	599	36	신선한 우유에 달콤한 바닐라 시럽으로 맛을 더한 깔끔한 쉐이크!
68	647	63	리뷰 (13)
68	751	42	디저트
68	833	36	카라멜 팝콘 맥플러리
68	887	36	5,000원
68	945	36	달콤쫀득한 카라멜 시럽과 바삭한 카라멜 팝콘이 만나, 더 기분 좋게 시원한 맥플러리
68	1023	63	리뷰 (2)
68	1097	36	오레오 맥플러리
68	1151	36	4,400원
68	1209	36	우유 듬뿍 신선한 아이스크림에 아삭아삭 오레오 쿠키가 가득!
68	1257	63	97% (166개)
68	1257	159	ㆍ
68	1257	203	리뷰 (75)
68	1361	42	디저트
68	1441	121	지금 와우 가입하면 배달비 0원 + 25,000원 쿠폰
68	1443	36	카라멜 팝콘 맥플러리
68	1458	781	가입하기
68	1497	36	5,000원
68	1555	36	달콤쫀득한 카라멜 시럽과 바삭한 카라멜 팝콘이 만나, 더 기분 좋게 시원한 맥플러리
68	1556	24	배달비 0원 적용 중
69	2	36	바닐라 쉐이크 미디엄
69	66	155	맥도날드 수유점 내 메뉴를 찾아보세요
69	114	36	신선한 우유에 달콤한 바닐라 시럽으로 맛을 더한 깔끔한 쉐이크!
69	151	78	세트
69	151	141	버거
69	151	245	스낵 & 사이드
69	151	442	해피밀
69	151	568	음료
69	151	672	디저트
69	151	798	디저트
69	162	63	리뷰 (13)
69	182	51	1 / 2
69	248	349	맥도날드 수유점
69	266	42	디저트
69	298	398	4.8(11,417)
69	348	36	카라멜 팝콘 맥플러리
69	402	36	5,000원
69	460	36	달콤쫀득한 카라멜 시럽과 바삭한 카라멜 팝콘이 만나, 더 기분 좋게 시원한 맥플러리
69	538	63	리뷰 (2)
69	612	36	오레오 맥플러리
69	666	36	4,400원
69	724	36	우유 듬뿍 신선한 아이스크림에 아삭아삭 오레오 쿠키가 가득!
69	772	63	97% (166개)
69	772	159	ㆍ
69	772	203	리뷰 (75)
69	876	42	디저트
69	958	36	카라멜 팝콘 맥플러리
69	1012	36	5,000원
69	1070	36	달콤쫀득한 카라멜 시럽과 바삭한 카라멜 팝콘이 만나, 더 기분 좋게 시원한 맥플러리
69	1178	36	오레오 맥플러리
69	1232	36	4,400원
69	1290	36	우유 듬뿍 신선한 아이스크림에 아삭아삭 오레오 쿠키가 가득!
69	1338	63	리뷰 (6)
69	1424	36	비슷한 버거 맛집 추천해요
69	1430	810	광고
69	1441	121	지금 와우 가입하면 배달비 0원 + 25,000원 쿠폰
69	1458	781	가입하기
69	1488	171	버거킹 수유역점
69	1488	560	버거킹 쌍문역점
69	1523	220	(4,923)ㆍ
69	1523	609	(654)ㆍ
69	1524	195	4.8
69	1524	293	0.2km
69	1524	584	4.8
69	1524	668	1.2km
69	1556	24	배달비 0원 적용 중
69	1560	198	2,000원 쿠폰
69	1560	587	2,000원 쿠폰
69	1589	171	배달비 0원
69	1589	560	배달비 0원
