0	256	381	오픈 준비 중
0	446	51	1 / 3
0	512	307	노브랜드버거 역삼역점
0	562	404	4.8(4,184)
0	679	674	매장∙원산지정보
0	690	69	내일 오전 7:30 오픈
0	751	36	최소주문
0	751	153	11,000원
0	806	36	일반회원
0	807	153	0-2,900원 0원
0	808	294	자세히
0	848	36	와우회원
0	848	153	와우회원은 매 주문 배달비 0원
0	920	127	지금 와우 가입하면 배달비 0원 + 25,000원 쿠폰
0	937	766	가입하기
0	1040	168	존마탱&#128573;
0	1040	606	그냥 아무생각없이 먹었다가  맛있네요 오.. 또 곧 사물게요
0	1209	114	&#128293; 인기메뉴
0	1209	298	신메뉴(NEW)
0	1209	493	버거세트
0	1209	641	새우버거
0	1209	789	치킨
0	1310	42	인기메뉴
0	1388	88	1위
0	1388	304	2위
0	1388	520	3위
0	1388	708	4위
0	1516	0	내일 오전 7:30 오픈
0	1587	36	메가바이트 버거세트
0	1587	252	NBB 어메이징 더블 업 버거세트
0	1587	468	오리지널 새우
0	1587	684	시그니처 버거
1	0	0	100% (1개)
1	0	0	ㆍ
1	0	0	리뷰 (1)
1	0	0	버크셔K의 깊은 육향과 깻잎 페스토의 산뜻한 풍미를 담은 프리미엄 카츠 버거
1	0	381	오픈 준비 중
1	66	155	노브랜드버거 역삼역점 내 메뉴를 찾아보세요
1	150	674	매장∙원산지정보
1	161	69	내일 오전 7:30 오픈
1	182	51	1 / 3
1	222	36	최소주문
1	222	153	11,000원
1	248	307	노브랜드버거 역삼역점
1	277	36	일반회원
1	278	153	0-2,900원 0원
1	279	294	자세히
1	298	404	4.8(4,184)
1	319	36	와우회원
1	319	153	와우회원은 매 주문 배달비 0원
1	391	127	지금 와우 가입하면 배달비 0원 + 25,000원 쿠폰
1	408	766	가입하기
1	511	168	존마탱&#128573;
1	511	606	그냥 아무생각없이 먹었다가  맛있네요 오.. 또 곧 사물게요
1	680	114	&#128293; 인기메뉴
1	680	298	신메뉴(NEW)
1	680	493	버거세트
1	680	641	새우버거
1	680	789	치킨
1	781	42	인기메뉴
1	859	88	1위
1	859	304	2위
1	859	520	3위
1	859	708	4위
1	1058	36	메가바이트 버거세트
1	1058	252	NBB 어메이징 더블 업 버거세트
1	1058	468	오리지널 새우
1	1058	684	시그니처 버거
1	1099	36	8,400원
1	1099	468	5,700원
1	1099	684	5,800원
1	1134	252	9,200원
1	1252	42	신메뉴(NEW)
1	1334	36	버크셔K 카츠 버거세트
1	1388	36	9,200원
1	1446	36	버크셔K 카츠 버거 + 감자튀김(M) + N콜라(캔)355ml 버크셔K의 깊은 육향과 깻잎 페스토의 산뜻한 풍미를 담은 프리미엄 카츠 버거
1	1516	0	내일 오전 7:30 오픈
1	1554	36	버크셔K 카츠 버거
2	0	0	버크셔K 카츠와 바삭한 어니언 링, 깻잎 페스토의 조화가 돋보이는 프리미엄 카츠 버거
2	0	381	오픈 준비 중
2	66	155	노브랜드버거 역삼역점 내 메뉴를 찾아보세요
2	182	51	1 / 3
2	188	114	&#128293; 인기메뉴
2	188	298	신메뉴(NEW)
2	188	493	버거세트
2	188	641	새우버거
2	188	789	치킨
2	248	307	노브랜드버거 역삼역점
2	289	42	인기메뉴
2	298	404	4.8(4,184)
2	367	88	1위
2	367	304	2위
2	367	520	3위
2	367	708	4위
2	566	36	메가바이트 버거세트
2	566	252	NBB 어메이징 더블 업 버거세트
2	566	468	오리지널 새우
2	566	684	시그니처 버거
2	607	36	8,400원
2	607	468	5,700원
2	607	684	5,800원
2	642	252	9,200원
2	760	42	신메뉴(NEW)
2	842	36	버크셔K 카츠 버거세트
2	896	36	9,200원
2	954	36	버크셔K 카츠 버거 + 감자튀김(M) + N콜라(캔)355ml 버크셔K의 깊은 육향과 깻잎 페스토의 산뜻한 풍미를 담은 프리미엄 카츠 버거
2	1062	36	버크셔K 카츠 버거
2	1116	36	6,700원
2	1174	36	버크셔K의 깊은 육향과 깻잎 페스토의 산뜻한 풍미를 담은 프리미엄 카츠 버거
2	1252	63	100% (1개)
2	1252	149	ㆍ
2	1252	193	리뷰 (1)
2	1326	36	버크셔K 카츠 어니언 버거세트
2	1380	36	10,400원
2	1417	121	지금 와우 가입하면 배달비 0원 + 25,000원 쿠폰
2	1434	781	가입하기
2	1438	36	버크셔K 카츠 어니언 버거 + 감자튀김(M) + N콜라(캔)355ml 버크셔K 카츠와 바삭한 어니언 링, 깻잎 페스토의 조화가 돋보이는 프리미엄 카츠 버거
2	1516	0	내일 오전 7:30 오픈
2	1546	36	버크셔K 카츠 어니언 버거
3	0	0	바삭한 치킨 패티와 담백한 마요 소스의 조화
3	0	381	오픈 준비 중
3	66	155	노브랜드버거 역삼역점 내 메뉴를 찾아보세요
3	132	36	8,400원
3	132	252	NBB 어메이징 더블 업 버거세트
3	132	468	5,700원
3	132	684	5,800원
3	148	252	9,200원
3	151	114	&#128293; 인기메뉴
3	151	298	신메뉴(NEW)
3	151	493	버거세트
3	151	641	새우버거
3	151	789	치킨
3	182	51	1 / 3
3	248	307	노브랜드버거 역삼역점
3	266	42	신메뉴(NEW)
3	298	404	4.8(4,184)
3	348	36	버크셔K 카츠 버거세트
3	402	36	9,200원
3	460	36	버크셔K 카츠 버거 + 감자튀김(M) + N콜라(캔)355ml 버크셔K의 깊은 육향과 깻잎 페스토의 산뜻한 풍미를 담은 프리미엄 카츠 버거
3	568	36	버크셔K 카츠 버거
3	622	36	6,700원
3	680	36	버크셔K의 깊은 육향과 깻잎 페스토의 산뜻한 풍미를 담은 프리미엄 카츠 버거
3	758	63	100% (1개)
3	758	149	ㆍ
3	758	193	리뷰 (1)
3	832	36	버크셔K 카츠 어니언 버거세트
3	886	36	10,400원
3	944	36	버크셔K 카츠 어니언 버거 + 감자튀김(M) + N콜라(캔)355ml 버크셔K 카츠와 바삭한 어니언 링, 깻잎 페스토의 조화가 돋보이는 프리미엄 카츠 버거
3	1052	36	버크셔K 카츠 어니언 버거
3	1106	36	7,900원
3	1164	36	버크셔K 카츠와 바삭한 어니언 링, 깻잎 페스토의 조화가 돋보이는 프리미엄 카츠 버거
3	1272	36	데일리 치킨 버거세트
3	1326	36	7,200원
3	1384	36	데일리 치킨 버거 + 감자튀김(M) + N콜라(캔)355ml 바삭한 치킨 패티와 담백한 마요 소스의 조화
3	1417	121	지금 와우 가입하면 배달비 0원 + 25,000원 쿠폰
3	1434	781	가입하기
3	1492	36	데일리 치킨 버거
3	1516	0	내일 오전 7:30 오픈
3	1546	36	4,700원
4	0	0	100% (3개)
4	0	0	ㆍ
4	0	0	리뷰 (1)
4	0	0	아보카도 타코 + 감자튀김(M) + N콜라(캔)355ml 이국적인 피카딜로 소스, 고소한 아보카도 슬라이스, 바삭한 나초칩을 더해 식감까지 완벽한 버거
4	0	381	오픈 준비 중
4	66	155	노브랜드버거 역삼역점 내 메뉴를 찾아보세요
4	84	36	버크셔K 카츠 버거
4	138	36	6,700원
4	151	114	신메뉴(NEW)
4	151	309	버거세트
4	151	457	새우버거
4	151	605	치킨
4	151	709	샐러드
4	151	835	버거 단품
4	182	51	1 / 3
4	196	36	버크셔K의 깊은 육향과 깻잎 페스토의 산뜻한 풍미를 담은 프리미엄 카츠 버거
4	248	307	노브랜드버거 역삼역점
4	274	63	100% (1개)
4	274	149	ㆍ
4	274	193	리뷰 (1)
4	298	404	4.8(4,184)
4	348	36	버크셔K 카츠 어니언 버거세트
4	402	36	10,400원
4	460	36	버크셔K 카츠 어니언 버거 + 감자튀김(M) + N콜라(캔)355ml 버크셔K 카츠와 바삭한 어니언 링, 깻잎 페스토의 조화가 돋보이는 프리미엄 카츠 버거
4	568	36	버크셔K 카츠 어니언 버거
4	622	36	7,900원
4	680	36	버크셔K 카츠와 바삭한 어니언 링, 깻잎 페스토의 조화가 돋보이는 프리미엄 카츠 버거
4	788	36	데일리 치킨 버거세트
4	842	36	7,200원
4	900	36	데일리 치킨 버거 + 감자튀김(M) + N콜라(캔)355ml 바삭한 치킨 패티와 담백한 마요 소스의 조화
4	1008	36	데일리 치킨 버거
4	1062	36	4,700원
4	1120	36	바삭한 치킨 패티와 담백한 마요 소스의 조화
4	1236	42	버거세트
4	1318	36	모짜 치폴레 베이컨 버거세트
4	1372	36	10,500원
4	1417	121	지금 와우 가입하면 배달비 0원 + 25,000원 쿠폰
4	1430	36	모짜 치폴레 베이컨 + 감자튀김(M) + N콜라(캔)355ml 치폴레 소스의 매콤함을 모짜렐라 패티로 부드럽게! 매운맛과 치즈의 완벽 밸런스
4	1434	781	가입하기
4	1508	63	100% (2개)
4	1508	149	ㆍ
4	1508	193	리뷰 (2)
4	1516	0	내일 오전 7:30 오픈
4	1582	36	아보카도 타코 버거세트
5	0	0	리뷰 (2)
5	0	0	트리플베이컨 + 감자튀김(M) + N콜라(캔)355ml 향긋한 허브의 풍미를 입혀 훈연한 삼겹 베이컨 3장에 아메리칸 치즈 2장이 더해진 풍성한 버거
5	0	0	트리플베이컨 버거세트
5	0	381	오픈 준비 중
5	66	155	노브랜드버거 역삼역점 내 메뉴를 찾아보세요
5	75	36	버크셔K 카츠 어니언 버거
5	132	36	7,900원
5	151	114	신메뉴(NEW)
5	151	309	버거세트
5	151	457	새우버거
5	151	605	치킨
5	151	709	샐러드
5	151	835	버거 단품
5	182	51	1 / 3
5	187	36	버크셔K 카츠와 바삭한 어니언 링, 깻잎 페스토의 조화가 돋보이는 프리미엄 카츠 버거
5	248	307	노브랜드버거 역삼역점
5	295	36	데일리 치킨 버거세트
5	298	404	4.8(4,184)
5	349	36	7,200원
5	407	36	데일리 치킨 버거 + 감자튀김(M) + N콜라(캔)355ml 바삭한 치킨 패티와 담백한 마요 소스의 조화
5	515	36	데일리 치킨 버거
5	569	36	4,700원
5	627	36	바삭한 치킨 패티와 담백한 마요 소스의 조화
5	743	42	버거세트
5	825	36	모짜 치폴레 베이컨 버거세트
5	879	36	10,500원
5	937	36	모짜 치폴레 베이컨 + 감자튀김(M) + N콜라(캔)355ml 치폴레 소스의 매콤함을 모짜렐라 패티로 부드럽게! 매운맛과 치즈의 완벽 밸런스
5	1015	63	100% (2개)
5	1015	149	ㆍ
5	1015	193	리뷰 (2)
5	1089	36	아보카도 타코 버거세트
5	1143	36	9,800원
5	1201	36	아보카도 타코 + 감자튀김(M) + N콜라(캔)355ml 이국적인 피카딜로 소스, 고소한 아보카도 슬라이스, 바삭한 나초칩을 더해 식감까지 완벽한 버거
5	1279	63	100% (3개)
5	1279	149	ㆍ
5	1279	193	리뷰 (1)
5	1353	36	스모크 바비큐 버거세트
5	1407	36	9,800원
5	1417	121	지금 와우 가입하면 배달비 0원 + 25,000원 쿠폰
5	1434	781	가입하기
5	1465	36	스모크 바비큐 + 감자튀김(M) + N콜라(캔)355ml 스모키한 히커리 바비큐 소스, 풀드포크, 단짠 조화 코울슬로를 더해 맛과 식감까지 완벽한 버거
5	1516	0	내일 오전 7:30 오픈
5	1543	63	100% (1개)
5	1543	149	ㆍ
5	1543	193	리뷰 (1)
6	0	0	100% (7개)
6	0	0	NBB 어메이징 더블 업 + 감자튀김(M) + N콜라(캔)355ml 더블 패티 & 더블 치즈, 이름 그대로 어메이징한 사이즈를 자랑하는 버거
6	0	0	NBB 어메이징 더블 업 버거세트
6	0	0	ㆍ
6	0	0	리뷰 (4)
6	0	381	오픈 준비 중
6	28	36	데일리 치킨 버거
6	66	155	노브랜드버거 역삼역점 내 메뉴를 찾아보세요
6	140	36	바삭한 치킨 패티와 담백한 마요 소스의 조화
6	151	114	신메뉴(NEW)
6	151	309	버거세트
6	151	457	새우버거
6	151	605	치킨
6	151	709	샐러드
6	151	835	버거 단품
6	182	51	1 / 3
6	248	307	노브랜드버거 역삼역점
6	256	42	버거세트
6	298	404	4.8(4,184)
6	338	36	모짜 치폴레 베이컨 버거세트
6	392	36	10,500원
6	450	36	모짜 치폴레 베이컨 + 감자튀김(M) + N콜라(캔)355ml 치폴레 소스의 매콤함을 모짜렐라 패티로 부드럽게! 매운맛과 치즈의 완벽 밸런스
6	528	63	100% (2개)
6	528	149	ㆍ
6	528	193	리뷰 (2)
6	602	36	아보카도 타코 버거세트
6	656	36	9,800원
6	714	36	아보카도 타코 + 감자튀김(M) + N콜라(캔)355ml 이국적인 피카딜로 소스, 고소한 아보카도 슬라이스, 바삭한 나초칩을 더해 식감까지 완벽한 버거
6	792	63	100% (3개)
6	792	149	ㆍ
6	792	193	리뷰 (1)
6	866	36	스모크 바비큐 버거세트
6	920	36	9,800원
6	978	36	스모크 바비큐 + 감자튀김(M) + N콜라(캔)355ml 스모키한 히커리 바비큐 소스, 풀드포크, 단짠 조화 코울슬로를 더해 맛과 식감까지 완벽한 버거
6	1056	63	100% (1개)
6	1056	149	ㆍ
6	1056	193	리뷰 (1)
6	1130	36	트리플베이컨 버거세트
6	1184	36	9,600원
6	1242	36	트리플베이컨 + 감자튀김(M) + N콜라(캔)355ml 향긋한 허브의 풍미를 입혀 훈연한 삼겹 베이컨 3장에 아메리칸 치즈 2장이 더해진 풍성한 버거
6	1320	63	리뷰 (2)
6	1394	36	미트마니아 버거세트
6	1417	121	지금 와우 가입하면 배달비 0원 + 25,000원 쿠폰
6	1434	781	가입하기
6	1448	36	9,600원
6	1506	36	미트마니아 + 감자튀김(M) + N콜라(캔)355ml 고기에 의한, 고기를 위한 버거. 더블패티에 더블치즈, 트러플 페퍼소스에 반숙란까지!
6	1516	0	내일 오전 7:30 오픈
7	0	0	75% (4개)
7	0	0	ㆍ
7	0	0	리뷰 (3)
7	0	381	오픈 준비 중
7	66	155	노브랜드버거 역삼역점 내 메뉴를 찾아보세요
7	116	36	아보카도 타코 버거세트
7	151	114	버거세트
7	151	262	새우버거
7	151	410	치킨
7	151	514	샐러드
7	151	640	버거 단품
7	151	794	샐러드 단품
7	170	36	9,800원
7	182	51	1 / 3
7	228	36	아보카도 타코 + 감자튀김(M) + N콜라(캔)355ml 이국적인 피카딜로 소스, 고소한 아보카도 슬라이스, 바삭한 나초칩을 더해 식감까지 완벽한 버거
7	248	307	노브랜드버거 역삼역점
7	298	404	4.8(4,184)
7	306	63	100% (3개)
7	306	149	ㆍ
7	306	193	리뷰 (1)
7	380	36	스모크 바비큐 버거세트
7	434	36	9,800원
7	492	36	스모크 바비큐 + 감자튀김(M) + N콜라(캔)355ml 스모키한 히커리 바비큐 소스, 풀드포크, 단짠 조화 코울슬로를 더해 맛과 식감까지 완벽한 버거
7	570	63	100% (1개)
7	570	149	ㆍ
7	570	193	리뷰 (1)
7	644	36	트리플베이컨 버거세트
7	698	36	9,600원
7	756	36	트리플베이컨 + 감자튀김(M) + N콜라(캔)355ml 향긋한 허브의 풍미를 입혀 훈연한 삼겹 베이컨 3장에 아메리칸 치즈 2장이 더해진 풍성한 버거
7	834	63	리뷰 (2)
7	908	36	미트마니아 버거세트
7	962	36	9,600원
7	1020	36	미트마니아 + 감자튀김(M) + N콜라(캔)355ml 고기에 의한, 고기를 위한 버거. 더블패티에 더블치즈, 트러플 페퍼소스에 반숙란까지!
7	1128	36	NBB 어메이징 더블 업 버거세트
7	1182	36	9,200원
7	1240	36	NBB 어메이징 더블 업 + 감자튀김(M) + N콜라(캔)355ml 더블 패티 & 더블 치즈, 이름 그대로 어메이징한 사이즈를 자랑하는 버거
7	1318	63	100% (7개)
7	1318	149	ㆍ
7	1318	193	리뷰 (4)
7	1393	45	주문많음
7	1417	121	지금 와우 가입하면 배달비 0원 + 25,000원 쿠폰
7	1419	36	메가바이트 버거세트
7	1434	781	가입하기
7	1473	36	8,400원
7	1516	0	내일 오전 7:30 오픈
7	1531	36	메가바이트 + 감자튀김(M) + N콜라(캔)355ml 바삭한 해쉬브라운이 더해져 색다른 식감과 풍성한 양을 자랑하는 버거
8	0	0	100% (1개)
8	0	0	스모크 바비큐 버거세트
8	0	381	오픈 준비 중
8	9	36	스모크 바비큐 + 감자튀김(M) + N콜라(캔)355ml 스모키한 히커리 바비큐 소스, 풀드포크, 단짠 조화 코울슬로를 더해 맛과 식감까지 완벽한 버거
8	66	155	노브랜드버거 역삼역점 내 메뉴를 찾아보세요
8	87	63	100% (1개)
8	87	149	ㆍ
8	87	193	리뷰 (1)
8	151	114	버거세트
8	151	262	새우버거
8	151	410	치킨
8	151	514	샐러드
8	151	640	버거 단품
8	151	794	샐러드 단품
8	161	36	트리플베이컨 버거세트
8	182	51	1 / 3
8	215	36	9,600원
8	248	307	노브랜드버거 역삼역점
8	273	36	트리플베이컨 + 감자튀김(M) + N콜라(캔)355ml 향긋한 허브의 풍미를 입혀 훈연한 삼겹 베이컨 3장에 아메리칸 치즈 2장이 더해진 풍성한 버거
8	298	404	4.8(4,184)
8	351	63	리뷰 (2)
8	425	36	미트마니아 버거세트
8	479	36	9,600원
8	537	36	미트마니아 + 감자튀김(M) + N콜라(캔)355ml 고기에 의한, 고기를 위한 버거. 더블패티에 더블치즈, 트러플 페퍼소스에 반숙란까지!
8	645	36	NBB 어메이징 더블 업 버거세트
8	699	36	9,200원
8	757	36	NBB 어메이징 더블 업 + 감자튀김(M) + N콜라(캔)355ml 더블 패티 & 더블 치즈, 이름 그대로 어메이징한 사이즈를 자랑하는 버거
8	835	63	100% (7개)
8	835	149	ㆍ
8	835	193	리뷰 (4)
8	910	45	주문많음
8	936	36	메가바이트 버거세트
8	990	36	8,400원
8	1048	36	메가바이트 + 감자튀김(M) + N콜라(캔)355ml 바삭한 해쉬브라운이 더해져 색다른 식감과 풍성한 양을 자랑하는 버거
8	1126	63	75% (4개)
8	1126	139	ㆍ
8	1126	183	리뷰 (3)
8	1200	36	크런치 치킨 버거세트
8	1254	36	8,300원
8	1312	36	크런치 치킨 + 감자튀김(M) + N콜라(캔)355ml 바삭하게 튀긴 통가슴살 치킨패티에 아삭한 식감이 살아있는 달콤한 코울슬로를 더한 버거
8	1390	63	100% (3개)
8	1390	149	ㆍ
8	1390	193	리뷰 (1)
8	1417	121	지금 와우 가입하면 배달비 0원 + 25,000원 쿠폰
8	1434	781	가입하기
8	1464	36	더블 그릴드 불고기 버거세트
8	1516	0	내일 오전 7:30 오픈
8	1518	36	7,900원
8	1576	36	더블 그릴드 불고기 + 감자튀김(M) + N콜라(캔)355ml 두툼한 직화 미트 패티 2장에 불고기 소스가 더해져 맛도 2배! 가성비도 2배!
9	0	0	미트마니아 버거세트
9	0	381	오픈 준비 중
9	50	36	미트마니아 + 감자튀김(M) + N콜라(캔)355ml 고기에 의한, 고기를 위한 버거. 더블패티에 더블치즈, 트러플 페퍼소스에 반숙란까지!
9	66	155	노브랜드버거 역삼역점 내 메뉴를 찾아보세요
9	151	114	버거세트
9	151	262	새우버거
9	151	410	치킨
9	151	514	샐러드
9	151	640	버거 단품
9	151	794	샐러드 단품
9	158	36	NBB 어메이징 더블 업 버거세트
9	182	51	1 / 3
9	212	36	9,200원
9	248	307	노브랜드버거 역삼역점
9	270	36	NBB 어메이징 더블 업 + 감자튀김(M) + N콜라(캔)355ml 더블 패티 & 더블 치즈, 이름 그대로 어메이징한 사이즈를 자랑하는 버거
9	298	404	4.8(4,184)
9	348	63	100% (7개)
9	348	149	ㆍ
9	348	193	리뷰 (4)
9	423	45	주문많음
9	449	36	메가바이트 버거세트
9	503	36	8,400원
9	561	36	메가바이트 + 감자튀김(M) + N콜라(캔)355ml 바삭한 해쉬브라운이 더해져 색다른 식감과 풍성한 양을 자랑하는 버거
9	639	63	75% (4개)
9	639	139	ㆍ
9	639	183	리뷰 (3)
9	713	36	크런치 치킨 버거세트
9	767	36	8,300원
9	825	36	크런치 치킨 + 감자튀김(M) + N콜라(캔)355ml 바삭하게 튀긴 통가슴살 치킨패티에 아삭한 식감이 살아있는 달콤한 코울슬로를 더한 버거
9	903	63	100% (3개)
9	903	149	ㆍ
9	903	193	리뷰 (1)
9	977	36	더블 그릴드 불고기 버거세트
9	1031	36	7,900원
9	1089	36	더블 그릴드 불고기 + 감자튀김(M) + N콜라(캔)355ml 두툼한 직화 미트 패티 2장에 불고기 소스가 더해져 맛도 2배! 가성비도 2배!
9	1167	63	100% (1개)
9	1241	36	에그 치즈 불고기 버거세트
9	1295	36	7,900원
9	1353	36	에그 치즈 불고기 + 감자튀김(M) + N콜라(캔)355ml 직화 미트패티 위에 고소한 계란 후라이와 치즈, 달콤한 불고기 소스로 완성한 버거
9	1417	121	지금 와우 가입하면 배달비 0원 + 25,000원 쿠폰
9	1431	63	100% (1개)
9	1434	781	가입하기
9	1505	36	NBB 어메이징 더블 치즈 버거세트
9	1516	0	내일 오전 7:30 오픈
9	1559	36	7,900원
10	0	0	100% (1개)
10	0	0	ㆍ
10	0	0	리뷰 (1)
10	0	0	주문많음
10	0	36	메가바이트 버거세트
10	0	381	오픈 준비 중
10	66	155	노브랜드버거 역삼역점 내 메뉴를 찾아보세요
10	76	36	메가바이트 + 감자튀김(M) + N콜라(캔)355ml 바삭한 해쉬브라운이 더해져 색다른 식감과 풍성한 양을 자랑하는 버거
10	151	114	버거세트
10	151	262	새우버거
10	151	410	치킨
10	151	514	샐러드
10	151	640	버거 단품
10	151	794	샐러드 단품
10	154	63	75% (4개)
10	154	139	ㆍ
10	154	183	리뷰 (3)
10	182	51	1 / 3
10	228	36	크런치 치킨 버거세트
10	248	307	노브랜드버거 역삼역점
10	282	36	8,300원
10	298	404	4.8(4,184)
10	340	36	크런치 치킨 + 감자튀김(M) + N콜라(캔)355ml 바삭하게 튀긴 통가슴살 치킨패티에 아삭한 식감이 살아있는 달콤한 코울슬로를 더한 버거
10	418	63	100% (3개)
10	418	149	ㆍ
10	418	193	리뷰 (1)
10	492	36	더블 그릴드 불고기 버거세트
10	546	36	7,900원
10	604	36	더블 그릴드 불고기 + 감자튀김(M) + N콜라(캔)355ml 두툼한 직화 미트 패티 2장에 불고기 소스가 더해져 맛도 2배! 가성비도 2배!
10	682	63	100% (1개)
10	756	36	에그 치즈 불고기 버거세트
10	810	36	7,900원
10	868	36	에그 치즈 불고기 + 감자튀김(M) + N콜라(캔)355ml 직화 미트패티 위에 고소한 계란 후라이와 치즈, 달콤한 불고기 소스로 완성한 버거
10	946	63	100% (1개)
10	1020	36	NBB 어메이징 더블 치즈 버거세트
10	1074	36	7,900원
10	1218	36	NBB 어메이징 더블 살사 버거세트
10	1272	36	7,800원
10	1330	36	NBB 어메이징 더블 살사 + 감자튀김(M) + N콜라(캔)355ml 불맛 패티 2장에 비법소스, 토마토 살사 소스로 감칠맛을 살린 어메이징한 NBB 대표메뉴
10	1417	121	지금 와우 가입하면 배달비 0원 + 25,000원 쿠폰
10	1434	781	가입하기
10	1438	36	NBB 어메이징 더블 버거세트
10	1492	36	7,700원
10	1516	0	내일 오전 7:30 오픈
10	1550	36	NBB 어메이징 더블 + 감자튀김(M) + N콜라(캔)355ml 더 강력해진 불 맛 패티 2장에 치즈, 비법 소스가 더해져 어메이징한 맛의 NBB 대표 메뉴
11	0	36	더블 그릴드 불고기 버거세트
11	0	381	오픈 준비 중
11	66	155	노브랜드버거 역삼역점 내 메뉴를 찾아보세요
11	111	36	더블 그릴드 불고기 + 감자튀김(M) + N콜라(캔)355ml 두툼한 직화 미트 패티 2장에 불고기 소스가 더해져 맛도 2배! 가성비도 2배!
11	151	114	버거세트
11	151	262	새우버거
11	151	410	치킨
11	151	514	샐러드
11	151	640	버거 단품
11	151	794	샐러드 단품
11	182	51	1 / 3
11	189	63	100% (1개)
11	248	307	노브랜드버거 역삼역점
11	263	36	에그 치즈 불고기 버거세트
11	298	404	4.8(4,184)
11	317	36	7,900원
11	375	36	에그 치즈 불고기 + 감자튀김(M) + N콜라(캔)355ml 직화 미트패티 위에 고소한 계란 후라이와 치즈, 달콤한 불고기 소스로 완성한 버거
11	453	63	100% (1개)
11	527	36	NBB 어메이징 더블 치즈 버거세트
11	581	36	7,900원
11	725	36	NBB 어메이징 더블 살사 버거세트
11	779	36	7,800원
11	837	36	NBB 어메이징 더블 살사 + 감자튀김(M) + N콜라(캔)355ml 불맛 패티 2장에 비법소스, 토마토 살사 소스로 감칠맛을 살린 어메이징한 NBB 대표메뉴
11	945	36	NBB 어메이징 더블 버거세트
11	999	36	7,700원
11	1057	36	NBB 어메이징 더블 + 감자튀김(M) + N콜라(캔)355ml 더 강력해진 불 맛 패티 2장에 치즈, 비법 소스가 더해져 어메이징한 맛의 NBB 대표 메뉴
11	1135	63	100% (1개)
11	1135	149	ㆍ
11	1135	193	리뷰 (1)
11	1209	36	시그니처 버거세트
11	1263	36	8,100원
11	1321	36	시그니처 + 감자튀김(M) + N콜라(캔)355ml 불맛을 살린 두툼한 미트 패티에 진한 치즈를 더해 깊은 맛을 선사하는 시그니처 버거
11	1399	63	100% (1개)
11	1399	149	ㆍ
11	1399	193	리뷰 (2)
11	1417	121	지금 와우 가입하면 배달비 0원 + 25,000원 쿠폰
11	1434	781	가입하기
11	1473	36	치폴레 치킨 버거세트
11	1516	0	내일 오전 7:30 오픈
11	1527	36	7,400원
11	1585	36	치폴레 치킨 + 감자튀김(M) + N콜라(캔)355ml 바삭한 치킨 패티와 매콤한 치폴레 소스의 조화
12	0	381	오픈 준비 중
12	39	36	NBB 어메이징 더블 치즈 버거세트
12	66	155	노브랜드버거 역삼역점 내 메뉴를 찾아보세요
12	132	36	7,900원
12	151	114	버거세트
12	151	262	새우버거
12	151	410	치킨
12	151	514	샐러드
12	151	640	버거 단품
12	151	794	샐러드 단품
12	182	51	1 / 3
12	237	36	NBB 어메이징 더블 살사 버거세트
12	248	307	노브랜드버거 역삼역점
12	291	36	7,800원
12	298	404	4.8(4,184)
12	349	36	NBB 어메이징 더블 살사 + 감자튀김(M) + N콜라(캔)355ml 불맛 패티 2장에 비법소스, 토마토 살사 소스로 감칠맛을 살린 어메이징한 NBB 대표메뉴
12	457	36	NBB 어메이징 더블 버거세트
12	511	36	7,700원
12	569	36	NBB 어메이징 더블 + 감자튀김(M) + N콜라(캔)355ml 더 강력해진 불 맛 패티 2장에 치즈, 비법 소스가 더해져 어메이징한 맛의 NBB 대표 메뉴
12	647	63	100% (1개)
12	647	149	ㆍ
12	647	193	리뷰 (1)
12	721	36	시그니처 버거세트
12	775	36	8,100원
12	833	36	시그니처 + 감자튀김(M) + N콜라(캔)355ml 불맛을 살린 두툼한 미트 패티에 진한 치즈를 더해 깊은 맛을 선사하는 시그니처 버거
12	911	63	100% (1개)
12	911	149	ㆍ
12	911	193	리뷰 (2)
12	985	36	치폴레 치킨 버거세트
12	1039	36	7,400원
12	1097	36	치폴레 치킨 + 감자튀김(M) + N콜라(캔)355ml 바삭한 치킨 패티와 매콤한 치폴레 소스의 조화
12	1205	36	오리지널 버거세트
12	1259	36	7,300원
12	1317	36	오리지널 + 감자튀김(M) + N콜라(캔)355ml 두툼한 직화 미트패티에 신선한 양상추, 토마토와 특제소스를 더한 오리지널 버거
12	1395	63	100% (1개)
12	1395	149	ㆍ
12	1395	193	리뷰 (1)
12	1417	121	지금 와우 가입하면 배달비 0원 + 25,000원 쿠폰
12	1434	781	가입하기
12	1469	36	갈릭앤갈릭 버거세트
12	1516	0	내일 오전 7:30 오픈
12	1523	36	7,200원
12	1581	36	갈릭앤갈릭 + 감자튀김(M) + N콜라(캔)355ml 갈릭칩과 갈릭사워소스가 어우러져 갈릭의 풍부한 마늘의 풍미를 합리적인 가격으로 즐길 수 있는 버거
13	0	0	리뷰 (1)
13	0	36	NBB 어메이징 더블 버거세트
13	0	381	오픈 준비 중
13	66	155	노브랜드버거 역삼역점 내 메뉴를 찾아보세요
13	76	36	NBB 어메이징 더블 + 감자튀김(M) + N콜라(캔)355ml 더 강력해진 불 맛 패티 2장에 치즈, 비법 소스가 더해져 어메이징한 맛의 NBB 대표 메뉴
13	151	114	버거세트
13	151	262	새우버거
13	151	410	치킨
13	151	514	샐러드
13	151	640	버거 단품
13	151	794	샐러드 단품
13	154	63	100% (1개)
13	154	149	ㆍ
13	154	193	리뷰 (1)
13	182	51	1 / 3
13	228	36	시그니처 버거세트
13	248	307	노브랜드버거 역삼역점
13	282	36	8,100원
13	298	404	4.8(4,184)
13	340	36	시그니처 + 감자튀김(M) + N콜라(캔)355ml 불맛을 살린 두툼한 미트 패티에 진한 치즈를 더해 깊은 맛을 선사하는 시그니처 버거
13	418	63	100% (1개)
13	418	149	ㆍ
13	418	193	리뷰 (2)
13	492	36	치폴레 치킨 버거세트
13	546	36	7,400원
13	604	36	치폴레 치킨 + 감자튀김(M) + N콜라(캔)355ml 바삭한 치킨 패티와 매콤한 치폴레 소스의 조화
13	712	36	오리지널 버거세트
13	766	36	7,300원
13	824	36	오리지널 + 감자튀김(M) + N콜라(캔)355ml 두툼한 직화 미트패티에 신선한 양상추, 토마토와 특제소스를 더한 오리지널 버거
13	902	63	100% (1개)
13	902	149	ㆍ
13	902	193	리뷰 (1)
13	976	36	갈릭앤갈릭 버거세트
13	1030	36	7,200원
13	1088	36	갈릭앤갈릭 + 감자튀김(M) + N콜라(캔)355ml 갈릭칩과 갈릭사워소스가 어우러져 갈릭의 풍부한 마늘의 풍미를 합리적인 가격으로 즐길 수 있는 버거
13	1196	36	그릴드불고기 버거세트
13	1250	36	6,400원
13	1308	36	그릴드불고기 + 감자튀김(M) + N콜라(캔)355ml 두툼한 직화 미트패티에 불고기 소스를 더한 최고의 가성비 버거
13	1386	63	100% (1개)
13	1386	149	ㆍ
13	1386	193	리뷰 (1)
13	1417	121	지금 와우 가입하면 배달비 0원 + 25,000원 쿠폰
13	1434	781	가입하기
13	1460	36	치즈 버거세트
13	1514	36	6,000원
13	1516	0	내일 오전 7:30 오픈
13	1572	36	치즈 + 감자튀김(M) + N콜라(캔)355ml 촉촉한 번에 육즙 가득 미트 패티, 아메리칸 치즈와 비법 소스가 만나 치즈 풍미 가득한 가성비 끝판왕 치즈버거
14	0	0	100% (5개)
14	0	0	ㆍ
14	0	0	리뷰 (4)
14	0	0	오리지널 새우 + 감자튀김(M) + N콜라(캔)355ml 탱글한 새우 패티에 NBB 특제 소스가 어우러진 오리지널 새우버거
14	0	0	오리지널 새우 세트
14	0	36	치폴레 치킨 버거세트
14	0	381	오픈 준비 중
14	66	155	노브랜드버거 역삼역점 내 메뉴를 찾아보세요
14	109	36	치폴레 치킨 + 감자튀김(M) + N콜라(캔)355ml 바삭한 치킨 패티와 매콤한 치폴레 소스의 조화
14	151	114	버거세트
14	151	262	새우버거
14	151	410	치킨
14	151	514	샐러드
14	151	640	버거 단품
14	151	794	샐러드 단품
14	182	51	1 / 3
14	217	36	오리지널 버거세트
14	248	307	노브랜드버거 역삼역점
14	271	36	7,300원
14	298	404	4.8(4,184)
14	329	36	오리지널 + 감자튀김(M) + N콜라(캔)355ml 두툼한 직화 미트패티에 신선한 양상추, 토마토와 특제소스를 더한 오리지널 버거
14	407	63	100% (1개)
14	407	149	ㆍ
14	407	193	리뷰 (1)
14	481	36	갈릭앤갈릭 버거세트
14	535	36	7,200원
14	593	36	갈릭앤갈릭 + 감자튀김(M) + N콜라(캔)355ml 갈릭칩과 갈릭사워소스가 어우러져 갈릭의 풍부한 마늘의 풍미를 합리적인 가격으로 즐길 수 있는 버거
14	701	36	그릴드불고기 버거세트
14	755	36	6,400원
14	813	36	그릴드불고기 + 감자튀김(M) + N콜라(캔)355ml 두툼한 직화 미트패티에 불고기 소스를 더한 최고의 가성비 버거
14	891	63	100% (1개)
14	891	149	ㆍ
14	891	193	리뷰 (1)
14	965	36	치즈 버거세트
14	1019	36	6,000원
14	1077	36	치즈 + 감자튀김(M) + N콜라(캔)355ml 촉촉한 번에 육즙 가득 미트 패티, 아메리칸 치즈와 비법 소스가 만나 치즈 풍미 가득한 가성비 끝판왕 치즈버거
14	1155	63	리뷰 (1)
14	1259	42	새우버거
14	1342	45	리뷰최고
14	1368	36	오리지널 새우
14	1417	121	지금 와우 가입하면 배달비 0원 + 25,000원 쿠폰
14	1422	36	5,700원
14	1434	781	가입하기
14	1480	36	탱글한 새우 패티에 NBB 특제 소스가 어우러진 오리지널 새우버거
14	1516	0	내일 오전 7:30 오픈
14	1528	63	100% (6개)
14	1528	149	ㆍ
14	1528	193	리뷰 (7)
15	0	36	갈릭앤갈릭 버거세트
15	0	381	오픈 준비 중
15	66	155	노브랜드버거 역삼역점 내 메뉴를 찾아보세요
15	107	36	갈릭앤갈릭 + 감자튀김(M) + N콜라(캔)355ml 갈릭칩과 갈릭사워소스가 어우러져 갈릭의 풍부한 마늘의 풍미를 합리적인 가격으로 즐길 수 있는 버거
15	151	114	버거세트
15	151	262	새우버거
15	151	410	치킨
15	151	514	샐러드
15	151	640	버거 단품
15	151	794	샐러드 단품
15	182	51	1 / 3
15	215	36	그릴드불고기 버거세트
15	248	307	노브랜드버거 역삼역점
15	269	36	6,400원
15	298	404	4.8(4,184)
15	327	36	그릴드불고기 + 감자튀김(M) + N콜라(캔)355ml 두툼한 직화 미트패티에 불고기 소스를 더한 최고의 가성비 버거
15	405	63	100% (1개)
15	405	149	ㆍ
15	405	193	리뷰 (1)
15	479	36	치즈 버거세트
15	533	36	6,000원
15	591	36	치즈 + 감자튀김(M) + N콜라(캔)355ml 촉촉한 번에 육즙 가득 미트 패티, 아메리칸 치즈와 비법 소스가 만나 치즈 풍미 가득한 가성비 끝판왕 치즈버거
15	669	63	리뷰 (1)
15	773	42	새우버거
15	856	45	리뷰최고
15	882	36	오리지널 새우
15	936	36	5,700원
15	994	36	탱글한 새우 패티에 NBB 특제 소스가 어우러진 오리지널 새우버거
15	1042	63	100% (6개)
15	1042	149	ㆍ
15	1042	193	리뷰 (7)
15	1116	36	오리지널 새우 세트
15	1170	36	8,100원
15	1228	36	오리지널 새우 + 감자튀김(M) + N콜라(캔)355ml 탱글한 새우 패티에 NBB 특제 소스가 어우러진 오리지널 새우버거
15	1306	63	100% (5개)
15	1306	149	ㆍ
15	1306	193	리뷰 (4)
15	1380	36	NBB 어메이징 감바스 새우 버거세트
15	1417	121	지금 와우 가입하면 배달비 0원 + 25,000원 쿠폰
15	1434	36	10,500원
15	1434	781	가입하기
15	1492	36	NBB 어메이징 감바스 새우 + 감자튀김(M) + N콜라(캔)355ml 탱글한 새우패티 위에 리얼 통새우, 감바스 소스, 페퍼론치노로 감칠맛을 더한 시즌 한정 버거
15	1516	0	내일 오전 7:30 오픈
15	1570	63	100% (2개)
16	0	0	100% (2개)
16	0	0	ㆍ
16	0	0	겉바속촉 옥수수 가루가 들어가 더 고소하고 바삭해진 크리스피 너겟
16	0	0	리뷰 (1)
16	0	36	치즈 버거세트
16	0	381	오픈 준비 중
16	66	155	노브랜드버거 역삼역점 내 메뉴를 찾아보세요
16	105	36	치즈 + 감자튀김(M) + N콜라(캔)355ml 촉촉한 번에 육즙 가득 미트 패티, 아메리칸 치즈와 비법 소스가 만나 치즈 풍미 가득한 가성비 끝판왕 치즈버거
16	151	114	버거세트
16	151	262	새우버거
16	151	410	치킨
16	151	514	샐러드
16	151	640	버거 단품
16	151	794	샐러드 단품
16	182	51	1 / 3
16	183	63	리뷰 (1)
16	248	307	노브랜드버거 역삼역점
16	287	42	새우버거
16	298	404	4.8(4,184)
16	370	45	리뷰최고
16	396	36	오리지널 새우
16	450	36	5,700원
16	508	36	탱글한 새우 패티에 NBB 특제 소스가 어우러진 오리지널 새우버거
16	556	63	100% (6개)
16	556	149	ㆍ
16	556	193	리뷰 (7)
16	630	36	오리지널 새우 세트
16	684	36	8,100원
16	742	36	오리지널 새우 + 감자튀김(M) + N콜라(캔)355ml 탱글한 새우 패티에 NBB 특제 소스가 어우러진 오리지널 새우버거
16	820	63	100% (5개)
16	820	149	ㆍ
16	820	193	리뷰 (4)
16	894	36	NBB 어메이징 감바스 새우 버거세트
16	948	36	10,500원
16	1006	36	NBB 어메이징 감바스 새우 + 감자튀김(M) + N콜라(캔)355ml 탱글한 새우패티 위에 리얼 통새우, 감바스 소스, 페퍼론치노로 감칠맛을 더한 시즌 한정 버거
16	1084	63	100% (2개)
16	1158	36	NBB 어메이징 감바스 새우 버거
16	1212	36	8,000원
16	1270	36	탱글한 새우패티 위에 리얼 통새우, 감바스 소스, 페퍼론치노로 감칠맛을 더한 시즌 한정 버거
16	1348	63	100% (1개)
16	1348	149	ㆍ
16	1348	193	리뷰 (1)
16	1417	121	지금 와우 가입하면 배달비 0원 + 25,000원 쿠폰
16	1434	781	가입하기
16	1452	42	치킨
16	1516	0	내일 오전 7:30 오픈
16	1534	36	크리스피 너겟(3조각)
16	1588	36	2,700원
17	0	0	바삭한 식감에 감칠맛 있는 시즈닝으로 누구나 좋아하는 치킨윙
17	0	381	오픈 준비 중
17	66	155	노브랜드버거 역삼역점 내 메뉴를 찾아보세요
17	144	36	오리지널 새우 세트
17	151	114	새우버거
17	151	262	치킨
17	151	366	샐러드
17	151	492	버거 단품
17	151	646	샐러드 단품
17	151	822	사이드 단품
17	182	51	1 / 3
17	198	36	8,100원
17	248	307	노브랜드버거 역삼역점
17	256	36	오리지널 새우 + 감자튀김(M) + N콜라(캔)355ml 탱글한 새우 패티에 NBB 특제 소스가 어우러진 오리지널 새우버거
17	298	404	4.8(4,184)
17	334	63	100% (5개)
17	334	149	ㆍ
17	334	193	리뷰 (4)
17	408	36	NBB 어메이징 감바스 새우 버거세트
17	462	36	10,500원
17	520	36	NBB 어메이징 감바스 새우 + 감자튀김(M) + N콜라(캔)355ml 탱글한 새우패티 위에 리얼 통새우, 감바스 소스, 페퍼론치노로 감칠맛을 더한 시즌 한정 버거
17	598	63	100% (2개)
17	672	36	NBB 어메이징 감바스 새우 버거
17	726	36	8,000원
17	784	36	탱글한 새우패티 위에 리얼 통새우, 감바스 소스, 페퍼론치노로 감칠맛을 더한 시즌 한정 버거
17	862	63	100% (1개)
17	862	149	ㆍ
17	862	193	리뷰 (1)
17	966	42	치킨
17	1048	36	크리스피 너겟(3조각)
17	1102	36	2,700원
17	1160	36	겉바속촉 옥수수 가루가 들어가 더 고소하고 바삭해진 크리스피 너겟
17	1208	63	100% (2개)
17	1208	149	ㆍ
17	1208	193	리뷰 (1)
17	1282	36	크리스피 너겟(5조각)
17	1336	36	3,700원
17	1394	36	겉바속촉 옥수수 가루가 들어가 더 고소하고 바삭해진 크리스피 너겟
17	1417	121	지금 와우 가입하면 배달비 0원 + 25,000원 쿠폰
17	1434	781	가입하기
17	1442	63	100% (5개)
17	1442	149	ㆍ
17	1442	193	리뷰 (1)
17	1516	0	내일 오전 7:30 오픈
17	1516	36	크런치 윙(2조각)
17	1570	36	4,100원
18	0	0	NBB 어메이징 감바스 새우 버거세트
18	0	381	오픈 준비 중
18	24	36	NBB 어메이징 감바스 새우 + 감자튀김(M) + N콜라(캔)355ml 탱글한 새우패티 위에 리얼 통새우, 감바스 소스, 페퍼론치노로 감칠맛을 더한 시즌 한정 버거
18	66	155	노브랜드버거 역삼역점 내 메뉴를 찾아보세요
18	102	63	100% (2개)
18	151	114	새우버거
18	151	262	치킨
18	151	366	샐러드
18	151	492	버거 단품
18	151	646	샐러드 단품
18	151	822	사이드 단품
18	176	36	NBB 어메이징 감바스 새우 버거
18	182	51	1 / 3
18	230	36	8,000원
18	248	307	노브랜드버거 역삼역점
18	288	36	탱글한 새우패티 위에 리얼 통새우, 감바스 소스, 페퍼론치노로 감칠맛을 더한 시즌 한정 버거
18	298	404	4.8(4,184)
18	366	63	100% (1개)
18	366	149	ㆍ
18	366	193	리뷰 (1)
18	470	42	치킨
18	552	36	크리스피 너겟(3조각)
18	606	36	2,700원
18	664	36	겉바속촉 옥수수 가루가 들어가 더 고소하고 바삭해진 크리스피 너겟
18	712	63	100% (2개)
18	712	149	ㆍ
18	712	193	리뷰 (1)
18	786	36	크리스피 너겟(5조각)
18	840	36	3,700원
18	898	36	겉바속촉 옥수수 가루가 들어가 더 고소하고 바삭해진 크리스피 너겟
18	946	63	100% (5개)
18	946	149	ㆍ
18	946	193	리뷰 (1)
18	1020	36	크런치 윙(2조각)
18	1074	36	4,100원
18	1132	36	바삭한 식감에 감칠맛 있는 시즈닝으로 누구나 좋아하는 치킨윙
18	1218	36	크런치 윙(4조각)
18	1272	36	6,500원
18	1330	36	바삭한 식감에 감칠맛 있는 시즈닝으로 누구나 좋아하는 치킨윙
18	1378	63	100% (1개)
18	1417	121	지금 와우 가입하면 배달비 0원 + 25,000원 쿠폰
18	1434	781	가입하기
18	1452	36	와플치킨
18	1506	36	7,500원
18	1516	0	내일 오전 7:30 오픈
18	1564	36	와플 반죽을 입혀 바삭하게 튀긴 국내산 닭가슴살을 달콤한 메이플 시럽과 함께!
19	0	381	오픈 준비 중
19	59	36	크리스피 너겟(3조각)
19	66	155	노브랜드버거 역삼역점 내 메뉴를 찾아보세요
19	132	36	2,700원
19	151	114	치킨
19	151	218	샐러드
19	151	344	버거 단품
19	151	498	샐러드 단품
19	151	674	사이드 단품
19	151	850	하우스스페셜
19	171	36	겉바속촉 옥수수 가루가 들어가 더 고소하고 바삭해진 크리스피 너겟
19	182	51	1 / 3
19	219	63	100% (2개)
19	219	149	ㆍ
19	219	193	리뷰 (1)
19	248	307	노브랜드버거 역삼역점
19	293	36	크리스피 너겟(5조각)
19	298	404	4.8(4,184)
19	347	36	3,700원
19	405	36	겉바속촉 옥수수 가루가 들어가 더 고소하고 바삭해진 크리스피 너겟
19	453	63	100% (5개)
19	453	149	ㆍ
19	453	193	리뷰 (1)
19	527	36	크런치 윙(2조각)
19	581	36	4,100원
19	639	36	바삭한 식감에 감칠맛 있는 시즈닝으로 누구나 좋아하는 치킨윙
19	725	36	크런치 윙(4조각)
19	779	36	6,500원
19	837	36	바삭한 식감에 감칠맛 있는 시즈닝으로 누구나 좋아하는 치킨윙
19	885	63	100% (1개)
19	959	36	와플치킨
19	1013	36	7,500원
19	1071	36	와플 반죽을 입혀 바삭하게 튀긴 국내산 닭가슴살을 달콤한 메이플 시럽과 함께!
19	1179	36	허브순살치킨런(M)
19	1233	36	10,700원
19	1291	36	겉바속촉 100% 순살 닭다리살에 허브 시즈닝의 풍미가 가득한 한입 쏙 허브순살치킨런
19	1399	36	허브순살치킨런(L)
19	1417	121	지금 와우 가입하면 배달비 0원 + 25,000원 쿠폰
19	1434	781	가입하기
19	1453	36	19,700원
19	1511	36	겉바속촉 100% 순살 닭다리살에 허브 시즈닝의 풍미가 가득한 한입 쏙 허브순살치킨런
19	1516	0	내일 오전 7:30 오픈
20	0	381	오픈 준비 중
20	34	36	크런치 윙(2조각)
20	66	155	노브랜드버거 역삼역점 내 메뉴를 찾아보세요
20	146	36	바삭한 식감에 감칠맛 있는 시즈닝으로 누구나 좋아하는 치킨윙
20	151	114	치킨
20	151	218	샐러드
20	151	344	버거 단품
20	151	498	샐러드 단품
20	151	674	사이드 단품
20	151	850	하우스스페셜
20	182	51	1 / 3
20	232	36	크런치 윙(4조각)
20	248	307	노브랜드버거 역삼역점
20	286	36	6,500원
20	298	404	4.8(4,184)
20	344	36	바삭한 식감에 감칠맛 있는 시즈닝으로 누구나 좋아하는 치킨윙
20	392	63	100% (1개)
20	466	36	와플치킨
20	520	36	7,500원
20	578	36	와플 반죽을 입혀 바삭하게 튀긴 국내산 닭가슴살을 달콤한 메이플 시럽과 함께!
20	686	36	허브순살치킨런(M)
20	740	36	10,700원
20	798	36	겉바속촉 100% 순살 닭다리살에 허브 시즈닝의 풍미가 가득한 한입 쏙 허브순살치킨런
20	906	36	허브순살치킨런(L)
20	960	36	19,700원
20	1018	36	겉바속촉 100% 순살 닭다리살에 허브 시즈닝의 풍미가 가득한 한입 쏙 허브순살치킨런
20	1156	42	샐러드
20	1238	36	그린샐러드 콤보
20	1292	36	6,400원
20	1350	36	그린샐러드 + N콜라(캔)355ml 신선하고 아삭한 그린 샐러드
20	1417	121	지금 와우 가입하면 배달비 0원 + 25,000원 쿠폰
20	1434	781	가입하기
20	1436	36	치킨시저 샐러드 콤보
20	1490	36	7,700원
20	1516	0	내일 오전 7:30 오픈
20	1548	36	치킨시저 샐러드 + N콜라(캔)355ml 고소하게 튀긴 치킨 텐더에 신선하고 아삭한 채소로 맛있게 즐기는 한 끼 샐러드
21	0	0	이국적인 피카딜로 소스, 고소한 아보카도 슬라이스, 바삭한 나초칩을 더해 식감까지 완벽한 버거
21	0	36	와플치킨
21	0	381	오픈 준비 중
21	66	155	노브랜드버거 역삼역점 내 메뉴를 찾아보세요
21	83	36	와플 반죽을 입혀 바삭하게 튀긴 국내산 닭가슴살을 달콤한 메이플 시럽과 함께!
21	151	114	치킨
21	151	218	샐러드
21	151	344	버거 단품
21	151	498	샐러드 단품
21	151	674	사이드 단품
21	151	850	하우스스페셜
21	182	51	1 / 3
21	191	36	허브순살치킨런(M)
21	245	36	10,700원
21	248	307	노브랜드버거 역삼역점
21	298	404	4.8(4,184)
21	303	36	겉바속촉 100% 순살 닭다리살에 허브 시즈닝의 풍미가 가득한 한입 쏙 허브순살치킨런
21	411	36	허브순살치킨런(L)
21	465	36	19,700원
21	523	36	겉바속촉 100% 순살 닭다리살에 허브 시즈닝의 풍미가 가득한 한입 쏙 허브순살치킨런
21	661	42	샐러드
21	743	36	그린샐러드 콤보
21	797	36	6,400원
21	855	36	그린샐러드 + N콜라(캔)355ml 신선하고 아삭한 그린 샐러드
21	941	36	치킨시저 샐러드 콤보
21	995	36	7,700원
21	1053	36	치킨시저 샐러드 + N콜라(캔)355ml 고소하게 튀긴 치킨 텐더에 신선하고 아삭한 채소로 맛있게 즐기는 한 끼 샐러드
21	1191	42	버거 단품
21	1273	36	모짜 치폴레 베이컨 버거
21	1327	36	8,000원
21	1385	36	치폴레 소스의 매콤함을 모짜렐라 패티로 부드럽게 매운맛과 치즈의 완벽 밸런스
21	1417	121	지금 와우 가입하면 배달비 0원 + 25,000원 쿠폰
21	1434	781	가입하기
21	1493	36	아보카도 타코 버거
21	1516	0	내일 오전 7:30 오픈
21	1547	36	7,300원
22	0	0	100% (1개)
22	0	0	ㆍ
22	0	0	리뷰 (1)
22	0	381	오픈 준비 중
22	66	155	노브랜드버거 역삼역점 내 메뉴를 찾아보세요
22	151	114	샐러드
22	151	240	버거 단품
22	151	394	샐러드 단품
22	151	570	사이드 단품
22	151	746	하우스스페셜
22	167	42	샐러드
22	182	51	1 / 3
22	248	307	노브랜드버거 역삼역점
22	249	36	그린샐러드 콤보
22	298	404	4.8(4,184)
22	303	36	6,400원
22	361	36	그린샐러드 + N콜라(캔)355ml 신선하고 아삭한 그린 샐러드
22	447	36	치킨시저 샐러드 콤보
22	501	36	7,700원
22	559	36	치킨시저 샐러드 + N콜라(캔)355ml 고소하게 튀긴 치킨 텐더에 신선하고 아삭한 채소로 맛있게 즐기는 한 끼 샐러드
22	697	42	버거 단품
22	779	36	모짜 치폴레 베이컨 버거
22	833	36	8,000원
22	891	36	치폴레 소스의 매콤함을 모짜렐라 패티로 부드럽게 매운맛과 치즈의 완벽 밸런스
22	999	36	아보카도 타코 버거
22	1053	36	7,300원
22	1111	36	이국적인 피카딜로 소스, 고소한 아보카도 슬라이스, 바삭한 나초칩을 더해 식감까지 완벽한 버거
22	1219	36	스모크 바비큐 버거
22	1273	36	7,300원
22	1331	36	스모키한 히커리 바비큐 소스, 풀드포크, 단짠 조화 코울슬로를 더해 맛과 식감까지 완벽한 버거
22	1409	63	100% (1개)
22	1417	121	지금 와우 가입하면 배달비 0원 + 25,000원 쿠폰
22	1434	781	가입하기
22	1483	36	트리플베이컨 버거
22	1516	0	내일 오전 7:30 오픈
22	1537	36	7,300원
22	1595	36	향긋한 허브의 풍미를 입혀 훈연한 삼겹 베이컨 3장에 아메리칸 치즈 2장이 더해진 풍성한 버거
23	0	0	100% (2개)
23	0	0	ㆍ
23	0	0	리뷰 (1)
23	0	0	치킨시저 샐러드 콤보
23	0	381	오픈 준비 중
23	66	155	노브랜드버거 역삼역점 내 메뉴를 찾아보세요
23	67	36	치킨시저 샐러드 + N콜라(캔)355ml 고소하게 튀긴 치킨 텐더에 신선하고 아삭한 채소로 맛있게 즐기는 한 끼 샐러드
23	151	114	샐러드
23	151	240	버거 단품
23	151	394	샐러드 단품
23	151	570	사이드 단품
23	151	746	하우스스페셜
23	182	51	1 / 3
23	205	42	버거 단품
23	248	307	노브랜드버거 역삼역점
23	287	36	모짜 치폴레 베이컨 버거
23	298	404	4.8(4,184)
23	341	36	8,000원
23	399	36	치폴레 소스의 매콤함을 모짜렐라 패티로 부드럽게 매운맛과 치즈의 완벽 밸런스
23	507	36	아보카도 타코 버거
23	561	36	7,300원
23	619	36	이국적인 피카딜로 소스, 고소한 아보카도 슬라이스, 바삭한 나초칩을 더해 식감까지 완벽한 버거
23	727	36	스모크 바비큐 버거
23	781	36	7,300원
23	839	36	스모키한 히커리 바비큐 소스, 풀드포크, 단짠 조화 코울슬로를 더해 맛과 식감까지 완벽한 버거
23	917	63	100% (1개)
23	991	36	트리플베이컨 버거
23	1045	36	7,300원
23	1103	36	향긋한 허브의 풍미를 입혀 훈연한 삼겹 베이컨 3장에 아메리칸 치즈 2장이 더해진 풍성한 버거
23	1181	63	100% (1개)
23	1181	149	ㆍ
23	1181	193	리뷰 (1)
23	1255	36	미트마니아 버거
23	1309	36	7,300원
23	1367	36	고기에 의한, 고기를 위한 버거. 더블패티에 더블치즈, 트러플 페퍼소스에 반숙란까지!
23	1417	121	지금 와우 가입하면 배달비 0원 + 25,000원 쿠폰
23	1434	781	가입하기
23	1475	36	NBB 어메이징 더블 업 버거
23	1516	0	내일 오전 7:30 오픈
23	1529	36	6,800원
23	1587	36	더블 패티 & 더블 치즈, 이름 그대로 어메이징한 사이즈를 자랑하는 버거
24	0	381	오픈 준비 중
24	18	36	아보카도 타코 버거
24	66	155	노브랜드버거 역삼역점 내 메뉴를 찾아보세요
24	130	36	이국적인 피카딜로 소스, 고소한 아보카도 슬라이스, 바삭한 나초칩을 더해 식감까지 완벽한 버거
24	151	114	버거 단품
24	151	268	샐러드 단품
24	151	444	사이드 단품
24	151	620	하우스스페셜
24	151	812	음료
24	182	51	1 / 3
24	238	36	스모크 바비큐 버거
24	248	307	노브랜드버거 역삼역점
24	292	36	7,300원
24	298	404	4.8(4,184)
24	350	36	스모키한 히커리 바비큐 소스, 풀드포크, 단짠 조화 코울슬로를 더해 맛과 식감까지 완벽한 버거
24	428	63	100% (1개)
24	502	36	트리플베이컨 버거
24	556	36	7,300원
24	614	36	향긋한 허브의 풍미를 입혀 훈연한 삼겹 베이컨 3장에 아메리칸 치즈 2장이 더해진 풍성한 버거
24	692	63	100% (1개)
24	692	149	ㆍ
24	692	193	리뷰 (1)
24	766	36	미트마니아 버거
24	820	36	7,300원
24	878	36	고기에 의한, 고기를 위한 버거. 더블패티에 더블치즈, 트러플 페퍼소스에 반숙란까지!
24	986	36	NBB 어메이징 더블 업 버거
24	1040	36	6,800원
24	1098	36	더블 패티 & 더블 치즈, 이름 그대로 어메이징한 사이즈를 자랑하는 버거
24	1146	63	100% (2개)
24	1146	149	ㆍ
24	1146	193	리뷰 (1)
24	1220	36	메가바이트 버거
24	1274	36	6,000원
24	1332	36	바삭한 해쉬브라운이 더해져 색다른 식감과 풍성한 양을 자랑하는 버거
24	1417	121	지금 와우 가입하면 배달비 0원 + 25,000원 쿠폰
24	1418	36	크런치 치킨 버거
24	1434	781	가입하기
24	1472	36	5,900원
24	1516	0	내일 오전 7:30 오픈
24	1530	36	바삭하게 튀긴 통가슴살 치킨패티에 아삭한 식감이 살아있는 달콤한 코울슬로를 더한 버거
25	0	381	오픈 준비 중
25	19	36	트리플베이컨 버거
25	66	155	노브랜드버거 역삼역점 내 메뉴를 찾아보세요
25	131	36	향긋한 허브의 풍미를 입혀 훈연한 삼겹 베이컨 3장에 아메리칸 치즈 2장이 더해진 풍성한 버거
25	151	114	버거 단품
25	151	268	샐러드 단품
25	151	444	사이드 단품
25	151	620	하우스스페셜
25	151	812	음료
25	182	51	1 / 3
25	209	63	100% (1개)
25	209	149	ㆍ
25	209	193	리뷰 (1)
25	248	307	노브랜드버거 역삼역점
25	283	36	미트마니아 버거
25	298	404	4.8(4,184)
25	337	36	7,300원
25	395	36	고기에 의한, 고기를 위한 버거. 더블패티에 더블치즈, 트러플 페퍼소스에 반숙란까지!
25	503	36	NBB 어메이징 더블 업 버거
25	557	36	6,800원
25	615	36	더블 패티 & 더블 치즈, 이름 그대로 어메이징한 사이즈를 자랑하는 버거
25	663	63	100% (2개)
25	663	149	ㆍ
25	663	193	리뷰 (1)
25	737	36	메가바이트 버거
25	791	36	6,000원
25	849	36	바삭한 해쉬브라운이 더해져 색다른 식감과 풍성한 양을 자랑하는 버거
25	935	36	크런치 치킨 버거
25	989	36	5,900원
25	1047	36	바삭하게 튀긴 통가슴살 치킨패티에 아삭한 식감이 살아있는 달콤한 코울슬로를 더한 버거
25	1155	36	시그니처 버거
25	1209	36	5,800원
25	1267	36	불맛을 살린 두툼한 미트 패티에 진한 치즈를 더해 깊은 맛을 선사하는 시그니처 버거
25	1345	63	리뷰 (6)
25	1417	121	지금 와우 가입하면 배달비 0원 + 25,000원 쿠폰
25	1419	36	에그 치즈 불고기 버거
25	1434	781	가입하기
25	1473	36	5,500원
25	1516	0	내일 오전 7:30 오픈
25	1531	36	직화 미트패티 위에 고소한 계란 후라이와 치즈, 달콤한 불고기 소스로 완성한 버거
26	0	0	100% (1개)
26	0	0	불맛 패티 2장에 비법소스, 토마토 살사 소스로 감칠맛을 살린 어메이징한 NBB 대표메뉴
26	0	381	오픈 준비 중
26	10	36	NBB 어메이징 더블 업 버거
26	66	155	노브랜드버거 역삼역점 내 메뉴를 찾아보세요
26	122	36	더블 패티 & 더블 치즈, 이름 그대로 어메이징한 사이즈를 자랑하는 버거
26	151	114	버거 단품
26	151	268	샐러드 단품
26	151	444	사이드 단품
26	151	620	하우스스페셜
26	151	812	음료
26	170	63	100% (2개)
26	170	149	ㆍ
26	170	193	리뷰 (1)
26	182	51	1 / 3
26	244	36	메가바이트 버거
26	248	307	노브랜드버거 역삼역점
26	298	36	6,000원
26	298	404	4.8(4,184)
26	356	36	바삭한 해쉬브라운이 더해져 색다른 식감과 풍성한 양을 자랑하는 버거
26	442	36	크런치 치킨 버거
26	496	36	5,900원
26	554	36	바삭하게 튀긴 통가슴살 치킨패티에 아삭한 식감이 살아있는 달콤한 코울슬로를 더한 버거
26	662	36	시그니처 버거
26	716	36	5,800원
26	774	36	불맛을 살린 두툼한 미트 패티에 진한 치즈를 더해 깊은 맛을 선사하는 시그니처 버거
26	852	63	리뷰 (6)
26	926	36	에그 치즈 불고기 버거
26	980	36	5,500원
26	1038	36	직화 미트패티 위에 고소한 계란 후라이와 치즈, 달콤한 불고기 소스로 완성한 버거
26	1146	36	더블 그릴드 불고기 버거
26	1200	36	5,400원
26	1258	36	두툼한 직화 미트 패티 2장에 불고기 소스가 더해져 맛도 2배! 가성비도 2배!
26	1306	63	리뷰 (2)
26	1380	36	NBB 어메이징 더블 치즈 버거
26	1417	121	지금 와우 가입하면 배달비 0원 + 25,000원 쿠폰
26	1434	36	5,500원
26	1434	781	가입하기
26	1492	63	리뷰 (1)
26	1516	0	내일 오전 7:30 오픈
26	1578	36	NBB 어메이징 더블 살사 버거
27	0	0	100% (1개)
27	0	0	ㆍ
27	0	0	리뷰 (1)
27	0	0	바삭한 치킨 패티와 매콤한 치폴레 소스의 조화
27	0	0	치폴레 치킨 버거
27	0	0	크런치 치킨 버거
27	0	381	오픈 준비 중
27	59	36	바삭하게 튀긴 통가슴살 치킨패티에 아삭한 식감이 살아있는 달콤한 코울슬로를 더한 버거
27	66	155	노브랜드버거 역삼역점 내 메뉴를 찾아보세요
27	151	114	버거 단품
27	151	268	샐러드 단품
27	151	444	사이드 단품
27	151	620	하우스스페셜
27	151	812	음료
27	167	36	시그니처 버거
27	182	51	1 / 3
27	221	36	5,800원
27	248	307	노브랜드버거 역삼역점
27	279	36	불맛을 살린 두툼한 미트 패티에 진한 치즈를 더해 깊은 맛을 선사하는 시그니처 버거
27	298	404	4.8(4,184)
27	357	63	리뷰 (6)
27	431	36	에그 치즈 불고기 버거
27	485	36	5,500원
27	543	36	직화 미트패티 위에 고소한 계란 후라이와 치즈, 달콤한 불고기 소스로 완성한 버거
27	651	36	더블 그릴드 불고기 버거
27	705	36	5,400원
27	763	36	두툼한 직화 미트 패티 2장에 불고기 소스가 더해져 맛도 2배! 가성비도 2배!
27	811	63	리뷰 (2)
27	885	36	NBB 어메이징 더블 치즈 버거
27	939	36	5,500원
27	997	63	리뷰 (1)
27	1083	36	NBB 어메이징 더블 살사 버거
27	1137	36	5,400원
27	1195	36	불맛 패티 2장에 비법소스, 토마토 살사 소스로 감칠맛을 살린 어메이징한 NBB 대표메뉴
27	1273	63	100% (1개)
27	1347	36	NBB 어메이징 더블 버거
27	1401	36	5,300원
27	1417	121	지금 와우 가입하면 배달비 0원 + 25,000원 쿠폰
27	1434	781	가입하기
27	1459	36	더 강력해진 불 맛 패티 2장에 치즈, 비법 소스가 더해져 어메이징한 맛의 NBB 대표 메뉴
27	1516	0	내일 오전 7:30 오픈
27	1537	63	100% (2개)
27	1537	149	ㆍ
27	1537	193	리뷰 (2)
28	0	0	에그 치즈 불고기 버거
28	0	381	오픈 준비 중
28	58	36	직화 미트패티 위에 고소한 계란 후라이와 치즈, 달콤한 불고기 소스로 완성한 버거
28	66	155	노브랜드버거 역삼역점 내 메뉴를 찾아보세요
28	151	114	버거 단품
28	151	268	샐러드 단품
28	151	444	사이드 단품
28	151	620	하우스스페셜
28	151	812	음료
28	166	36	더블 그릴드 불고기 버거
28	182	51	1 / 3
28	220	36	5,400원
28	248	307	노브랜드버거 역삼역점
28	278	36	두툼한 직화 미트 패티 2장에 불고기 소스가 더해져 맛도 2배! 가성비도 2배!
28	298	404	4.8(4,184)
28	326	63	리뷰 (2)
28	400	36	NBB 어메이징 더블 치즈 버거
28	454	36	5,500원
28	512	63	리뷰 (1)
28	598	36	NBB 어메이징 더블 살사 버거
28	652	36	5,400원
28	710	36	불맛 패티 2장에 비법소스, 토마토 살사 소스로 감칠맛을 살린 어메이징한 NBB 대표메뉴
28	788	63	100% (1개)
28	862	36	NBB 어메이징 더블 버거
28	916	36	5,300원
28	974	36	더 강력해진 불 맛 패티 2장에 치즈, 비법 소스가 더해져 어메이징한 맛의 NBB 대표 메뉴
28	1052	63	100% (2개)
28	1052	149	ㆍ
28	1052	193	리뷰 (2)
28	1126	36	치폴레 치킨 버거
28	1180	36	5,000원
28	1238	36	바삭한 치킨 패티와 매콤한 치폴레 소스의 조화
28	1286	63	100% (1개)
28	1286	149	ㆍ
28	1286	193	리뷰 (1)
28	1360	36	오리지널 버거
28	1414	36	4,900원
28	1417	121	지금 와우 가입하면 배달비 0원 + 25,000원 쿠폰
28	1434	781	가입하기
28	1472	36	두툼한 직화 미트패티에 신선한 양상추, 토마토와 특제소스를 더한 오리지널 버거
28	1516	0	내일 오전 7:30 오픈
28	1550	63	100% (4개)
28	1550	149	ㆍ
28	1550	193	리뷰 (3)
29	0	381	오픈 준비 중
29	66	155	노브랜드버거 역삼역점 내 메뉴를 찾아보세요
29	103	36	NBB 어메이징 더블 살사 버거
29	151	114	버거 단품
29	151	268	샐러드 단품
29	151	444	사이드 단품
29	151	620	하우스스페셜
29	151	812	음료
29	157	36	5,400원
29	182	51	1 / 3
29	215	36	불맛 패티 2장에 비법소스, 토마토 살사 소스로 감칠맛을 살린 어메이징한 NBB 대표메뉴
29	248	307	노브랜드버거 역삼역점
29	293	63	100% (1개)
29	298	404	4.8(4,184)
29	367	36	NBB 어메이징 더블 버거
29	421	36	5,300원
29	479	36	더 강력해진 불 맛 패티 2장에 치즈, 비법 소스가 더해져 어메이징한 맛의 NBB 대표 메뉴
29	557	63	100% (2개)
29	557	149	ㆍ
29	557	193	리뷰 (2)
29	631	36	치폴레 치킨 버거
29	685	36	5,000원
29	743	36	바삭한 치킨 패티와 매콤한 치폴레 소스의 조화
29	791	63	100% (1개)
29	791	149	ㆍ
29	791	193	리뷰 (1)
29	865	36	오리지널 버거
29	919	36	4,900원
29	977	36	두툼한 직화 미트패티에 신선한 양상추, 토마토와 특제소스를 더한 오리지널 버거
29	1055	63	100% (4개)
29	1055	149	ㆍ
29	1055	193	리뷰 (3)
29	1129	36	갈릭앤갈릭 버거
29	1183	36	4,700원
29	1241	36	갈릭칩과 갈릭사워소스가 어우러져 갈릭의 풍부한 마늘의 풍미를 합리적인 가격으로 즐길 수 있는 버거
29	1319	63	100% (1개)
29	1393	36	그릴드불고기 버거
29	1417	121	지금 와우 가입하면 배달비 0원 + 25,000원 쿠폰
29	1434	781	가입하기
29	1447	36	3,900원
29	1505	36	두툼한 직화 미트패티에 불고기 소스를 더한 최고의 가성비 버거
29	1516	0	내일 오전 7:30 오픈
29	1553	63	100% (3개)
29	1553	149	ㆍ
29	1553	193	리뷰 (5)
30	0	0	기존 그린샐러드 대비 1/2 중량으로 버거와 함께 더욱 가볍게 즐길 수 있는 미니 샐러드
30	0	381	오픈 준비 중
30	66	155	노브랜드버거 역삼역점 내 메뉴를 찾아보세요
30	145	36	치폴레 치킨 버거
30	151	114	버거 단품
30	151	268	샐러드 단품
30	151	444	사이드 단품
30	151	620	하우스스페셜
30	151	812	음료
30	182	51	1 / 3
30	199	36	5,000원
30	248	307	노브랜드버거 역삼역점
30	257	36	바삭한 치킨 패티와 매콤한 치폴레 소스의 조화
30	298	404	4.8(4,184)
30	305	63	100% (1개)
30	305	149	ㆍ
30	305	193	리뷰 (1)
30	379	36	오리지널 버거
30	433	36	4,900원
30	491	36	두툼한 직화 미트패티에 신선한 양상추, 토마토와 특제소스를 더한 오리지널 버거
30	569	63	100% (4개)
30	569	149	ㆍ
30	569	193	리뷰 (3)
30	643	36	갈릭앤갈릭 버거
30	697	36	4,700원
30	755	36	갈릭칩과 갈릭사워소스가 어우러져 갈릭의 풍부한 마늘의 풍미를 합리적인 가격으로 즐길 수 있는 버거
30	833	63	100% (1개)
30	907	36	그릴드불고기 버거
30	961	36	3,900원
30	1019	36	두툼한 직화 미트패티에 불고기 소스를 더한 최고의 가성비 버거
30	1067	63	100% (3개)
30	1067	149	ㆍ
30	1067	193	리뷰 (5)
30	1141	36	치즈버거
30	1195	36	3,300원
30	1253	36	촉촉한 번에 육즙 가득 미트 패티, 아메리칸 치즈와 비법 소스가 만나 치즈 풍미 가득한 가성비 끝판왕 치즈버거
30	1331	63	100% (3개)
30	1331	149	ㆍ
30	1331	193	리뷰 (6)
30	1417	121	지금 와우 가입하면 배달비 0원 + 25,000원 쿠폰
30	1434	781	가입하기
30	1435	42	샐러드 단품
30	1516	0	내일 오전 7:30 오픈
30	1517	36	그린샐러드 미니
30	1571	36	3,000원
31	0	0	오리지널 버거
31	0	381	오픈 준비 중
31	7	36	두툼한 직화 미트패티에 신선한 양상추, 토마토와 특제소스를 더한 오리지널 버거
31	66	155	노브랜드버거 역삼역점 내 메뉴를 찾아보세요
31	85	63	100% (4개)
31	85	149	ㆍ
31	85	193	리뷰 (3)
31	151	114	버거 단품
31	151	268	샐러드 단품
31	151	444	사이드 단품
31	151	620	하우스스페셜
31	151	812	음료
31	159	36	갈릭앤갈릭 버거
31	182	51	1 / 3
31	213	36	4,700원
31	248	307	노브랜드버거 역삼역점
31	271	36	갈릭칩과 갈릭사워소스가 어우러져 갈릭의 풍부한 마늘의 풍미를 합리적인 가격으로 즐길 수 있는 버거
31	298	404	4.8(4,184)
31	349	63	100% (1개)
31	423	36	그릴드불고기 버거
31	477	36	3,900원
31	535	36	두툼한 직화 미트패티에 불고기 소스를 더한 최고의 가성비 버거
31	583	63	100% (3개)
31	583	149	ㆍ
31	583	193	리뷰 (5)
31	657	36	치즈버거
31	711	36	3,300원
31	769	36	촉촉한 번에 육즙 가득 미트 패티, 아메리칸 치즈와 비법 소스가 만나 치즈 풍미 가득한 가성비 끝판왕 치즈버거
31	847	63	100% (3개)
31	847	149	ㆍ
31	847	193	리뷰 (6)
31	951	42	샐러드 단품
31	1033	36	그린샐러드 미니
31	1087	36	3,000원
31	1145	36	기존 그린샐러드 대비 1/2 중량으로 버거와 함께 더욱 가볍게 즐길 수 있는 미니 샐러드
31	1253	36	그린샐러드
31	1307	36	4,500원
31	1365	36	신선하고 아삭한 그린 샐러드
31	1413	63	100% (1개)
31	1413	149	ㆍ
31	1413	193	리뷰 (1)
31	1417	121	지금 와우 가입하면 배달비 0원 + 25,000원 쿠폰
31	1434	781	가입하기
31	1487	36	치킨시저샐러드
31	1516	0	내일 오전 7:30 오픈
31	1541	36	5,700원
31	1599	36	고소하게 튀긴 치킨 텐더에 신선하고 아삭한 채소로 맛있게 즐기는 한 끼 샐러드
32	0	0	100% (3개)
32	0	0	ㆍ
32	0	0	겉바속촉 어니언링
32	0	0	그릴드불고기 버거
32	0	0	리뷰 (2)
32	0	381	오픈 준비 중
32	41	36	두툼한 직화 미트패티에 불고기 소스를 더한 최고의 가성비 버거
32	66	155	노브랜드버거 역삼역점 내 메뉴를 찾아보세요
32	89	63	100% (3개)
32	89	149	ㆍ
32	89	193	리뷰 (5)
32	151	114	버거 단품
32	151	268	샐러드 단품
32	151	444	사이드 단품
32	151	620	하우스스페셜
32	151	812	음료
32	163	36	치즈버거
32	182	51	1 / 3
32	217	36	3,300원
32	248	307	노브랜드버거 역삼역점
32	275	36	촉촉한 번에 육즙 가득 미트 패티, 아메리칸 치즈와 비법 소스가 만나 치즈 풍미 가득한 가성비 끝판왕 치즈버거
32	298	404	4.8(4,184)
32	353	63	100% (3개)
32	353	149	ㆍ
32	353	193	리뷰 (6)
32	457	42	샐러드 단품
32	539	36	그린샐러드 미니
32	593	36	3,000원
32	651	36	기존 그린샐러드 대비 1/2 중량으로 버거와 함께 더욱 가볍게 즐길 수 있는 미니 샐러드
32	759	36	그린샐러드
32	813	36	4,500원
32	871	36	신선하고 아삭한 그린 샐러드
32	919	63	100% (1개)
32	919	149	ㆍ
32	919	193	리뷰 (1)
32	993	36	치킨시저샐러드
32	1047	36	5,700원
32	1105	36	고소하게 튀긴 치킨 텐더에 신선하고 아삭한 채소로 맛있게 즐기는 한 끼 샐러드
32	1243	42	사이드 단품
32	1325	36	인절미 치즈볼(3조각)
32	1379	36	3,800원
32	1417	121	지금 와우 가입하면 배달비 0원 + 25,000원 쿠폰
32	1434	781	가입하기
32	1437	36	모차렐라 치즈가 듬뿍 든 바삭한 치즈볼에 고소한 인절미 가루가 더해진 사이드 메뉴
32	1515	63	100% (1개)
32	1515	149	ㆍ
32	1515	193	리뷰 (1)
32	1516	0	내일 오전 7:30 오픈
32	1589	36	어니언 링(6조각)
33	0	0	달콤한 버터 시럽을 뿌린 감자튀김과 진한 그라나파다노 치즈 토핑의 만남
33	0	381	오픈 준비 중
33	47	36	그린샐러드 미니
33	66	155	노브랜드버거 역삼역점 내 메뉴를 찾아보세요
33	132	36	3,000원
33	151	122	샐러드 단품
33	151	298	사이드 단품
33	151	474	하우스스페셜
33	151	666	음료
33	151	770	소스 추가
33	159	36	기존 그린샐러드 대비 1/2 중량으로 버거와 함께 더욱 가볍게 즐길 수 있는 미니 샐러드
33	182	51	1 / 3
33	248	307	노브랜드버거 역삼역점
33	267	36	그린샐러드
33	298	404	4.8(4,184)
33	321	36	4,500원
33	379	36	신선하고 아삭한 그린 샐러드
33	427	63	100% (1개)
33	427	149	ㆍ
33	427	193	리뷰 (1)
33	501	36	치킨시저샐러드
33	555	36	5,700원
33	613	36	고소하게 튀긴 치킨 텐더에 신선하고 아삭한 채소로 맛있게 즐기는 한 끼 샐러드
33	751	42	사이드 단품
33	833	36	인절미 치즈볼(3조각)
33	887	36	3,800원
33	945	36	모차렐라 치즈가 듬뿍 든 바삭한 치즈볼에 고소한 인절미 가루가 더해진 사이드 메뉴
33	1023	63	100% (1개)
33	1023	149	ㆍ
33	1023	193	리뷰 (1)
33	1097	36	어니언 링(6조각)
33	1151	36	3,600원
33	1209	36	겉바속촉 어니언링
33	1257	63	100% (3개)
33	1257	149	ㆍ
33	1257	193	리뷰 (2)
33	1331	36	크런치 새우볼(3조각)
33	1385	36	3,600원
33	1417	121	지금 와우 가입하면 배달비 0원 + 25,000원 쿠폰
33	1434	781	가입하기
33	1443	36	통통한 새우살이 가득! 고소, 바삭, 탱글 통살 새우볼
33	1491	63	100% (1개)
33	1516	0	내일 오전 7:30 오픈
33	1565	36	슈가버터 프라이
34	0	0	진한 커스터드 슈크림이 가득! 가볍게 즐기는 미니 츄러스
34	0	381	오픈 준비 중
34	15	36	치킨시저샐러드
34	66	155	노브랜드버거 역삼역점 내 메뉴를 찾아보세요
34	127	36	고소하게 튀긴 치킨 텐더에 신선하고 아삭한 채소로 맛있게 즐기는 한 끼 샐러드
34	151	122	샐러드 단품
34	151	298	사이드 단품
34	151	474	하우스스페셜
34	151	666	음료
34	151	770	소스 추가
34	182	51	1 / 3
34	248	307	노브랜드버거 역삼역점
34	265	42	사이드 단품
34	298	404	4.8(4,184)
34	347	36	인절미 치즈볼(3조각)
34	401	36	3,800원
34	459	36	모차렐라 치즈가 듬뿍 든 바삭한 치즈볼에 고소한 인절미 가루가 더해진 사이드 메뉴
34	537	63	100% (1개)
34	537	149	ㆍ
34	537	193	리뷰 (1)
34	611	36	어니언 링(6조각)
34	665	36	3,600원
34	723	36	겉바속촉 어니언링
34	771	63	100% (3개)
34	771	149	ㆍ
34	771	193	리뷰 (2)
34	845	36	크런치 새우볼(3조각)
34	899	36	3,600원
34	957	36	통통한 새우살이 가득! 고소, 바삭, 탱글 통살 새우볼
34	1005	63	100% (1개)
34	1079	36	슈가버터 프라이
34	1133	36	3,800원
34	1191	36	달콤한 버터 시럽을 뿌린 감자튀김과 진한 그라나파다노 치즈 토핑의 만남
34	1277	36	메이플 고구마
34	1331	36	3,100원
34	1389	36	달콤하고 두툼한 고구마를 바삭하게 튀겨낸 고구마 프라이
34	1417	121	지금 와우 가입하면 배달비 0원 + 25,000원 쿠폰
34	1434	781	가입하기
34	1437	63	100% (1개)
34	1511	36	슈크림 츄러스(3조각)
34	1516	0	내일 오전 7:30 오픈
34	1565	36	3,000원
35	0	381	오픈 준비 중
35	66	155	노브랜드버거 역삼역점 내 메뉴를 찾아보세요
35	127	36	어니언 링(6조각)
35	151	122	샐러드 단품
35	151	298	사이드 단품
35	151	474	하우스스페셜
35	151	666	음료
35	151	770	소스 추가
35	181	36	3,600원
35	182	51	1 / 3
35	239	36	겉바속촉 어니언링
35	248	307	노브랜드버거 역삼역점
35	287	63	100% (3개)
35	287	149	ㆍ
35	287	193	리뷰 (2)
35	298	404	4.8(4,184)
35	361	36	크런치 새우볼(3조각)
35	415	36	3,600원
35	473	36	통통한 새우살이 가득! 고소, 바삭, 탱글 통살 새우볼
35	521	63	100% (1개)
35	595	36	슈가버터 프라이
35	649	36	3,800원
35	707	36	달콤한 버터 시럽을 뿌린 감자튀김과 진한 그라나파다노 치즈 토핑의 만남
35	793	36	메이플 고구마
35	847	36	3,100원
35	905	36	달콤하고 두툼한 고구마를 바삭하게 튀겨낸 고구마 프라이
35	953	63	100% (1개)
35	1027	36	슈크림 츄러스(3조각)
35	1081	36	3,000원
35	1139	36	진한 커스터드 슈크림이 가득! 가볍게 즐기는 미니 츄러스
35	1225	36	쉐킷 프라이(어니언 치즈)
35	1279	36	3,100원
35	1337	36	포슬포슬하고 통통한 NBB 시그니처 감자튀김에 시즈닝을 뿌려 더 맛있게 즐기는 쉐킷 프라이
35	1417	121	지금 와우 가입하면 배달비 0원 + 25,000원 쿠폰
35	1434	781	가입하기
35	1445	36	레몬 크림 새우(3조각)
35	1499	36	5,400원
35	1516	0	내일 오전 7:30 오픈
35	1557	36	야구장 인기 메뉴 크림새우! 탱글한 새우 튀김에 고소한 크림 소스가 듬뿍
36	0	0	100% (1개)
36	0	0	진한 치즈로 가득 채워 바삭하게 튀겨낸 치즈스틱
36	0	381	오픈 준비 중
36	66	155	노브랜드버거 역삼역점 내 메뉴를 찾아보세요
36	108	36	슈가버터 프라이
36	151	122	샐러드 단품
36	151	298	사이드 단품
36	151	474	하우스스페셜
36	151	666	음료
36	151	770	소스 추가
36	162	36	3,800원
36	182	51	1 / 3
36	220	36	달콤한 버터 시럽을 뿌린 감자튀김과 진한 그라나파다노 치즈 토핑의 만남
36	248	307	노브랜드버거 역삼역점
36	298	404	4.8(4,184)
36	306	36	메이플 고구마
36	360	36	3,100원
36	418	36	달콤하고 두툼한 고구마를 바삭하게 튀겨낸 고구마 프라이
36	466	63	100% (1개)
36	540	36	슈크림 츄러스(3조각)
36	594	36	3,000원
36	652	36	진한 커스터드 슈크림이 가득! 가볍게 즐기는 미니 츄러스
36	738	36	쉐킷 프라이(어니언 치즈)
36	792	36	3,100원
36	850	36	포슬포슬하고 통통한 NBB 시그니처 감자튀김에 시즈닝을 뿌려 더 맛있게 즐기는 쉐킷 프라이
36	958	36	레몬 크림 새우(3조각)
36	1012	36	5,400원
36	1070	36	야구장 인기 메뉴 크림새우! 탱글한 새우 튀김에 고소한 크림 소스가 듬뿍
36	1156	36	감자튀김(M)
36	1210	36	2,700원
36	1268	36	두툼하고 바삭한 감자 튀김
36	1354	36	감자튀김(L)
36	1408	36	3,300원
36	1417	121	지금 와우 가입하면 배달비 0원 + 25,000원 쿠폰
36	1434	781	가입하기
36	1466	36	두툼하고 바삭한 감자 튀김
36	1514	63	100% (3개)
36	1514	149	ㆍ
36	1514	193	리뷰 (1)
36	1516	0	내일 오전 7:30 오픈
36	1588	36	치즈스틱 2조각
37	0	381	오픈 준비 중
37	56	36	슈크림 츄러스(3조각)
37	66	155	노브랜드버거 역삼역점 내 메뉴를 찾아보세요
37	132	36	3,000원
37	151	122	샐러드 단품
37	151	298	사이드 단품
37	151	474	하우스스페셜
37	151	666	음료
37	151	770	소스 추가
37	168	36	진한 커스터드 슈크림이 가득! 가볍게 즐기는 미니 츄러스
37	182	51	1 / 3
37	248	307	노브랜드버거 역삼역점
37	254	36	쉐킷 프라이(어니언 치즈)
37	298	404	4.8(4,184)
37	308	36	3,100원
37	366	36	포슬포슬하고 통통한 NBB 시그니처 감자튀김에 시즈닝을 뿌려 더 맛있게 즐기는 쉐킷 프라이
37	474	36	레몬 크림 새우(3조각)
37	528	36	5,400원
37	586	36	야구장 인기 메뉴 크림새우! 탱글한 새우 튀김에 고소한 크림 소스가 듬뿍
37	672	36	감자튀김(M)
37	726	36	2,700원
37	784	36	두툼하고 바삭한 감자 튀김
37	870	36	감자튀김(L)
37	924	36	3,300원
37	982	36	두툼하고 바삭한 감자 튀김
37	1030	63	100% (3개)
37	1030	149	ㆍ
37	1030	193	리뷰 (1)
37	1104	36	치즈스틱 2조각
37	1158	36	3,300원
37	1216	36	진한 치즈로 가득 채워 바삭하게 튀겨낸 치즈스틱
37	1264	63	100% (1개)
37	1368	42	하우스스페셜
37	1417	121	지금 와우 가입하면 배달비 0원 + 25,000원 쿠폰
37	1434	781	가입하기
37	1450	36	크리스피 상하이포크(L)
37	1504	36	16,200원
37	1516	0	내일 오전 7:30 오픈
37	1562	36	크리스피한 식감과 감칠맛나는 향신료의 조합으로 자꾸만 손이 가는 상하이 스타일의 하우스스페셜 메뉴
38	0	0	N콜라(캔)(355ml)
38	0	36	레몬 크림 새우(3조각)
38	0	381	오픈 준비 중
38	66	155	노브랜드버거 역삼역점 내 메뉴를 찾아보세요
38	102	36	야구장 인기 메뉴 크림새우! 탱글한 새우 튀김에 고소한 크림 소스가 듬뿍
38	151	122	샐러드 단품
38	151	298	사이드 단품
38	151	474	하우스스페셜
38	151	666	음료
38	151	770	소스 추가
38	182	51	1 / 3
38	188	36	감자튀김(M)
38	242	36	2,700원
38	248	307	노브랜드버거 역삼역점
38	298	404	4.8(4,184)
38	300	36	두툼하고 바삭한 감자 튀김
38	386	36	감자튀김(L)
38	440	36	3,300원
38	498	36	두툼하고 바삭한 감자 튀김
38	546	63	100% (3개)
38	546	149	ㆍ
38	546	193	리뷰 (1)
38	620	36	치즈스틱 2조각
38	674	36	3,300원
38	732	36	진한 치즈로 가득 채워 바삭하게 튀겨낸 치즈스틱
38	780	63	100% (1개)
38	884	42	하우스스페셜
38	966	36	크리스피 상하이포크(L)
38	1020	36	16,200원
38	1078	36	크리스피한 식감과 감칠맛나는 향신료의 조합으로 자꾸만 손이 가는 상하이 스타일의 하우스스페셜 메뉴
38	1186	36	크리스피 상하이포크(S)
38	1240	36	5,200원
38	1298	36	크리스피한 식감과 감칠맛나는 향신료의 조합으로 자꾸만 손이 가는 상하이 스타일의 하우스스페셜 메뉴
38	1376	63	리뷰 (1)
38	1417	121	지금 와우 가입하면 배달비 0원 + 25,000원 쿠폰
38	1434	781	가입하기
38	1480	42	음료
38	1516	0	내일 오전 7:30 오픈
38	1562	36	N콜라(캔)(355ml)
39	0	381	오픈 준비 중
39	66	155	노브랜드버거 역삼역점 내 메뉴를 찾아보세요
39	127	36	치즈스틱 2조각
39	151	122	샐러드 단품
39	151	298	사이드 단품
39	151	474	하우스스페셜
39	151	666	음료
39	151	770	소스 추가
39	181	36	3,300원
39	182	51	1 / 3
39	239	36	진한 치즈로 가득 채워 바삭하게 튀겨낸 치즈스틱
39	248	307	노브랜드버거 역삼역점
39	287	63	100% (1개)
39	298	404	4.8(4,184)
39	391	42	하우스스페셜
39	473	36	크리스피 상하이포크(L)
39	527	36	16,200원
39	585	36	크리스피한 식감과 감칠맛나는 향신료의 조합으로 자꾸만 손이 가는 상하이 스타일의 하우스스페셜 메뉴
39	693	36	크리스피 상하이포크(S)
39	747	36	5,200원
39	805	36	크리스피한 식감과 감칠맛나는 향신료의 조합으로 자꾸만 손이 가는 상하이 스타일의 하우스스페셜 메뉴
39	883	63	리뷰 (1)
39	987	42	음료
39	1069	36	N콜라(캔)(355ml)
39	1123	36	2,600원
39	1181	36	N콜라(캔)(355ml)
39	1267	36	N사이다(캔)(355ml)
39	1321	36	2,600원
39	1379	36	N사이다(캔)(355ml)
39	1417	121	지금 와우 가입하면 배달비 0원 + 25,000원 쿠폰
39	1434	781	가입하기
39	1465	36	N콜라 제로(캔)(355ml)
39	1516	0	내일 오전 7:30 오픈
39	1519	36	2,600원
39	1577	36	N콜라 제로(캔)(355ml)
40	0	0	자연은(340ml)
40	0	36	크리스피 상하이포크(L)
40	0	381	오픈 준비 중
40	66	155	노브랜드버거 역삼역점 내 메뉴를 찾아보세요
40	88	36	크리스피한 식감과 감칠맛나는 향신료의 조합으로 자꾸만 손이 가는 상하이 스타일의 하우스스페셜 메뉴
40	151	122	샐러드 단품
40	151	298	사이드 단품
40	151	474	하우스스페셜
40	151	666	음료
40	151	770	소스 추가
40	182	51	1 / 3
40	196	36	크리스피 상하이포크(S)
40	248	307	노브랜드버거 역삼역점
40	250	36	5,200원
40	298	404	4.8(4,184)
40	308	36	크리스피한 식감과 감칠맛나는 향신료의 조합으로 자꾸만 손이 가는 상하이 스타일의 하우스스페셜 메뉴
40	386	63	리뷰 (1)
40	490	42	음료
40	572	36	N콜라(캔)(355ml)
40	626	36	2,600원
40	684	36	N콜라(캔)(355ml)
40	770	36	N사이다(캔)(355ml)
40	824	36	2,600원
40	882	36	N사이다(캔)(355ml)
40	968	36	N콜라 제로(캔)(355ml)
40	1022	36	2,600원
40	1080	36	N콜라 제로(캔)(355ml)
40	1166	36	N사이다 제로(캔)(355ml)
40	1220	36	2,600원
40	1278	36	N사이다 제로(캔)(355ml)
40	1364	36	생수(500ml)
40	1417	121	지금 와우 가입하면 배달비 0원 + 25,000원 쿠폰
40	1418	36	2,100원
40	1434	781	가입하기
40	1516	0	내일 오전 7:30 오픈
40	1562	36	오렌지주스PET(340ml)
41	0	381	오픈 준비 중
41	66	155	노브랜드버거 역삼역점 내 메뉴를 찾아보세요
41	78	36	N콜라(캔)(355ml)
41	132	36	2,600원
41	151	122	샐러드 단품
41	151	298	사이드 단품
41	151	474	하우스스페셜
41	151	666	음료
41	151	770	소스 추가
41	182	51	1 / 3
41	190	36	N콜라(캔)(355ml)
41	248	307	노브랜드버거 역삼역점
41	276	36	N사이다(캔)(355ml)
41	298	404	4.8(4,184)
41	330	36	2,600원
41	388	36	N사이다(캔)(355ml)
41	474	36	N콜라 제로(캔)(355ml)
41	528	36	2,600원
41	586	36	N콜라 제로(캔)(355ml)
41	672	36	N사이다 제로(캔)(355ml)
41	726	36	2,600원
41	784	36	N사이다 제로(캔)(355ml)
41	870	36	생수(500ml)
41	924	36	2,100원
41	1068	36	오렌지주스PET(340ml)
41	1122	36	3,700원
41	1180	36	자연은(340ml)
41	1266	36	납작 복숭아 주스(120ml)
41	1320	36	1,400원
41	1378	36	납작복숭아의 풍부한 향과 달콤함을 그대로
41	1417	121	지금 와우 가입하면 배달비 0원 + 25,000원 쿠폰
41	1434	781	가입하기
41	1464	36	상콤자두 주스(120ml)
41	1516	0	내일 오전 7:30 오픈
41	1518	36	1,400원
41	1576	36	새콤달콤 자두 본연의 맛을 그대로
42	0	36	N콜라 제로(캔)(355ml)
42	0	381	오픈 준비 중
42	66	155	노브랜드버거 역삼역점 내 메뉴를 찾아보세요
42	90	36	N콜라 제로(캔)(355ml)
42	151	122	샐러드 단품
42	151	298	사이드 단품
42	151	474	하우스스페셜
42	151	666	음료
42	151	770	소스 추가
42	176	36	N사이다 제로(캔)(355ml)
42	182	51	1 / 3
42	230	36	2,600원
42	248	307	노브랜드버거 역삼역점
42	288	36	N사이다 제로(캔)(355ml)
42	298	404	4.8(4,184)
42	374	36	생수(500ml)
42	428	36	2,100원
42	572	36	오렌지주스PET(340ml)
42	626	36	3,700원
42	684	36	자연은(340ml)
42	770	36	납작 복숭아 주스(120ml)
42	824	36	1,400원
42	882	36	납작복숭아의 풍부한 향과 달콤함을 그대로
42	968	36	상콤자두 주스(120ml)
42	1022	36	1,400원
42	1080	36	새콤달콤 자두 본연의 맛을 그대로
42	1196	42	소스 추가
42	1278	36	이탈리안드레싱 추가
42	1332	36	700원
42	1417	121	지금 와우 가입하면 배달비 0원 + 25,000원 쿠폰
42	1434	781	가입하기
42	1476	36	시저드레싱 추가
42	1516	0	내일 오전 7:30 오픈
42	1530	36	700원
43	0	381	오픈 준비 중
43	66	155	노브랜드버거 역삼역점 내 메뉴를 찾아보세요
43	77	36	오렌지주스PET(340ml)
43	132	36	3,700원
43	151	122	샐러드 단품
43	151	298	사이드 단품
43	151	474	하우스스페셜
43	151	666	음료
43	151	770	소스 추가
43	182	51	1 / 3
43	189	36	자연은(340ml)
43	248	307	노브랜드버거 역삼역점
43	275	36	납작 복숭아 주스(120ml)
43	298	404	4.8(4,184)
43	329	36	1,400원
43	387	36	납작복숭아의 풍부한 향과 달콤함을 그대로
43	473	36	상콤자두 주스(120ml)
43	527	36	1,400원
43	585	36	새콤달콤 자두 본연의 맛을 그대로
43	701	42	소스 추가
43	783	36	이탈리안드레싱 추가
43	837	36	700원
43	981	36	시저드레싱 추가
43	1035	36	700원
43	1179	36	스위트칠리소스 추가
43	1233	36	700원
43	1291	63	리뷰 (2)
43	1377	36	어니언치즈시즈닝 추가
43	1417	121	지금 와우 가입하면 배달비 0원 + 25,000원 쿠폰
43	1431	36	400원
43	1434	781	가입하기
43	1489	63	리뷰 (1)
43	1516	0	내일 오전 7:30 오픈
43	1575	36	메이플 시럽 추가
44	0	381	오픈 준비 중
44	8	36	상콤자두 주스(120ml)
44	66	155	노브랜드버거 역삼역점 내 메뉴를 찾아보세요
44	120	36	새콤달콤 자두 본연의 맛을 그대로
44	151	122	샐러드 단품
44	151	298	사이드 단품
44	151	474	하우스스페셜
44	151	666	음료
44	151	770	소스 추가
44	182	51	1 / 3
44	236	42	소스 추가
44	248	307	노브랜드버거 역삼역점
44	298	404	4.8(4,184)
44	318	36	이탈리안드레싱 추가
44	372	36	700원
44	516	36	시저드레싱 추가
44	570	36	700원
44	714	36	스위트칠리소스 추가
44	768	36	700원
44	826	63	리뷰 (2)
44	912	36	어니언치즈시즈닝 추가
44	966	36	400원
44	1024	63	리뷰 (1)
44	1110	36	메이플 시럽 추가
44	1164	36	300원
44	1320	36	비슷한 버거 맛집 추천해요
44	1326	810	광고
44	1384	171	바스버거 역삼점
44	1384	560	버거킹 강남대로점
44	1417	121	지금 와우 가입하면 배달비 0원 + 25,000원 쿠폰
44	1419	220	(8,850)ㆍ
44	1419	609	(2,346)ㆍ
44	1420	195	4.9
44	1420	293	0.6km
44	1420	584	4.8
44	1420	682	0.1km
44	1434	781	가입하기
44	1456	198	2,000원 쿠폰
44	1456	587	2,000원 쿠폰
44	1485	171	배달비 0원
44	1485	560	배달비 0원
44	1516	0	내일 오전 7:30 오픈
