0	0	0	100% (17개)
0	0	0	ㆍ
0	0	0	리뷰 (5)
0	0	0	포메인 쌈+포메인 미니 쌀국수 2개
0	256	381	오픈 준비 중
0	446	51	1 / 5
0	512	363	포메인 서초점
0	562	404	4.7(1,703)
0	679	674	매장∙원산지정보
0	690	69	준비중
0	751	36	최소주문
0	751	153	13,000원
0	806	36	일반회원
0	807	153	0-2,900원 0원
0	808	294	자세히
0	848	36	와우회원
0	848	153	와우회원은 매 주문 배달비 0원
0	920	127	지금 와우 가입하면 배달비 0원 + 25,000원 쿠폰
0	937	766	가입하기
0	1028	54	1,000원 즉시할인 자동 적용
0	1106	90	최대 3,000원 쿠폰 추가 적용 가능
0	1196	168	맛있었어요 배달하신 분의 문제인지 포장의 문제인지 고기 굳물이 다 흘러서 따로 주신 면이 풀리지 않은 것 빼곤 좋았어요
0	1196	606	더 맛있어진 거 같아요~~~^^
0	1365	114	검색한 메뉴
0	1365	290	&#128293; 인기메뉴
0	1369	474	Starters
0	1369	619	Phomeins Special
0	1369	870	Rice Menu
0	1466	42	검색한 메뉴
0	1512	36	포메인 검색 결과
0	1516	0	준비중
0	1586	36	H2. 포메인 쌈(월남쌈)&쌀국수 세트 (2인)
1	0	0	100% (148개)
1	0	0	Small(4pcs) / Large(10pcs) 바삭한 치킨윙입니다
1	0	0	ㆍ
1	0	0	리뷰 (23)
1	0	381	오픈 준비 중
1	66	155	포메인 서초점 내 메뉴를 찾아보세요
1	150	674	매장∙원산지정보
1	161	69	준비중
1	182	51	1 / 5
1	222	36	최소주문
1	222	153	13,000원
1	248	363	포메인 서초점
1	277	36	일반회원
1	278	153	0-2,900원 0원
1	279	294	자세히
1	298	404	4.7(1,703)
1	319	36	와우회원
1	319	153	와우회원은 매 주문 배달비 0원
1	391	127	지금 와우 가입하면 배달비 0원 + 25,000원 쿠폰
1	408	766	가입하기
1	499	54	1,000원 즉시할인 자동 적용
1	577	90	최대 3,000원 쿠폰 추가 적용 가능
1	667	168	맛있었어요 배달하신 분의 문제인지 포장의 문제인지 고기 굳물이 다 흘러서 따로 주신 면이 풀리지 않은 것 빼곤 좋았어요
1	667	606	더 맛있어진 거 같아요~~~^^
1	836	114	검색한 메뉴
1	836	290	&#128293; 인기메뉴
1	840	474	Starters
1	840	619	Phomeins Special
1	840	870	Rice Menu
1	937	42	검색한 메뉴
1	983	36	포메인 검색 결과
1	1057	36	H2. 포메인 쌈(월남쌈)&쌀국수 세트 (2인)
1	1111	36	58,000원
1	1169	36	포메인 쌈+포메인 미니 쌀국수 2개
1	1241	63	100% (17개)
1	1241	159	ㆍ
1	1241	203	리뷰 (5)
1	1315	36	H1. 포메인 쌈 (월남쌈)
1	1369	36	43,000원
1	1427	36	Small(1~2인) / Large(3~4인)  신선함을 싸먹는 건강한 즐거움! 탱글한 새우, 달콤한 파인애플, 아삭한 제철 채소를 라이스페이퍼에 쏙쏙 싸먹는 월남쌈 세트. 취향껏 골라 싸 먹는 재미와 담백한 맛까지! 돼지고기 닭고기 선택 가능
1	1499	63	100% (45개)
1	1499	159	ㆍ
1	1499	203	리뷰 (14)
1	1516	0	준비중
1	1573	36	A3. 포메인 치킨윙
2	0	0	97% (664개)
2	0	0	M1. 포메인 쌀국수
2	0	0	S / L 24시간 우려낸 깊고 맑은 소고기 육수 쫄깃한 쌀국수와 부드러운 소고기 슬라이스, 향긋한  양파와 파가 어우러진 정통 베트남식 쌀국수. 입안 가득 퍼지는 담백하고 진한 국물의 감동을 경험하세요!
2	0	0	ㆍ
2	0	0	리뷰 (223)
2	0	0	리뷰최고
2	0	0	주문많음
2	0	381	오픈 준비 중
2	66	155	포메인 서초점 내 메뉴를 찾아보세요
2	172	168	맛있었어요 배달하신 분의 문제인지 포장의 문제인지 고기 굳물이 다 흘러서 따로 주신 면이 풀리지 않은 것 빼곤 좋았어요
2	172	606	더 맛있어진 거 같아요~~~^^
2	182	51	1 / 5
2	248	363	포메인 서초점
2	298	404	4.7(1,703)
2	341	114	검색한 메뉴
2	341	290	&#128293; 인기메뉴
2	345	474	Starters
2	345	619	Phomeins Special
2	345	870	Rice Menu
2	442	42	검색한 메뉴
2	488	36	포메인 검색 결과
2	562	36	H2. 포메인 쌈(월남쌈)&쌀국수 세트 (2인)
2	616	36	58,000원
2	674	36	포메인 쌈+포메인 미니 쌀국수 2개
2	746	63	100% (17개)
2	746	159	ㆍ
2	746	203	리뷰 (5)
2	820	36	H1. 포메인 쌈 (월남쌈)
2	874	36	43,000원
2	932	36	Small(1~2인) / Large(3~4인)  신선함을 싸먹는 건강한 즐거움! 탱글한 새우, 달콤한 파인애플, 아삭한 제철 채소를 라이스페이퍼에 쏙쏙 싸먹는 월남쌈 세트. 취향껏 골라 싸 먹는 재미와 담백한 맛까지! 돼지고기 닭고기 선택 가능
2	1004	63	100% (45개)
2	1004	159	ㆍ
2	1004	203	리뷰 (14)
2	1078	36	A3. 포메인 치킨윙
2	1132	36	16,000원
2	1190	36	Small(4pcs) / Large(10pcs) 바삭한 치킨윙입니다
2	1262	63	100% (148개)
2	1262	169	ㆍ
2	1262	213	리뷰 (23)
2	1336	36	PS2. 포메인 깐풍기
2	1390	36	28,500원
2	1417	121	지금 와우 가입하면 배달비 0원 + 25,000원 쿠폰
2	1434	781	가입하기
2	1448	36	**매콤 바삭! 중독적인 맛의 유혹** 겉은 바삭, 속은 촉촉한 닭고기를 마늘, 고추, 파프리카, 목이버섯과 함께 강한 불향으로 볶아낸 매콤한 중식풍 요리. 고소한 캐슈넛과 함께 씹는 재미까지 더했습니다.
2	1516	0	준비중
2	1526	63	92% (38개)
2	1526	149	ㆍ
2	1526	193	리뷰 (14)
3	0	381	오픈 준비 중
3	66	155	포메인 서초점 내 메뉴를 찾아보세요
3	77	36	H2. 포메인 쌈(월남쌈)&쌀국수 세트 (2인)
3	132	36	58,000원
3	151	114	검색한 메뉴
3	151	290	&#128293; 인기메뉴
3	155	474	Starters
3	155	619	Phomeins Special
3	155	870	Rice Menu
3	182	51	1 / 5
3	189	36	포메인 쌈+포메인 미니 쌀국수 2개
3	248	363	포메인 서초점
3	261	63	100% (17개)
3	261	159	ㆍ
3	261	203	리뷰 (5)
3	298	404	4.7(1,703)
3	335	36	H1. 포메인 쌈 (월남쌈)
3	389	36	43,000원
3	447	36	Small(1~2인) / Large(3~4인)  신선함을 싸먹는 건강한 즐거움! 탱글한 새우, 달콤한 파인애플, 아삭한 제철 채소를 라이스페이퍼에 쏙쏙 싸먹는 월남쌈 세트. 취향껏 골라 싸 먹는 재미와 담백한 맛까지! 돼지고기 닭고기 선택 가능
3	519	63	100% (45개)
3	519	159	ㆍ
3	519	203	리뷰 (14)
3	593	36	A3. 포메인 치킨윙
3	647	36	16,000원
3	705	36	Small(4pcs) / Large(10pcs) 바삭한 치킨윙입니다
3	777	63	100% (148개)
3	777	169	ㆍ
3	777	213	리뷰 (23)
3	851	36	PS2. 포메인 깐풍기
3	905	36	28,500원
3	963	36	**매콤 바삭! 중독적인 맛의 유혹** 겉은 바삭, 속은 촉촉한 닭고기를 마늘, 고추, 파프리카, 목이버섯과 함께 강한 불향으로 볶아낸 매콤한 중식풍 요리. 고소한 캐슈넛과 함께 씹는 재미까지 더했습니다.
3	1041	63	92% (38개)
3	1041	149	ㆍ
3	1041	193	리뷰 (14)
3	1116	45	주문많음
3	1116	133	리뷰최고
3	1142	36	M1. 포메인 쌀국수
3	1196	36	13,000원
3	1254	36	S / L 24시간 우려낸 깊고 맑은 소고기 육수 쫄깃한 쌀국수와 부드러운 소고기 슬라이스, 향긋한  양파와 파가 어우러진 정통 베트남식 쌀국수. 입안 가득 퍼지는 담백하고 진한 국물의 감동을 경험하세요!
3	1326	63	97% (664개)
3	1326	159	ㆍ
3	1326	203	리뷰 (223)
3	1417	121	지금 와우 가입하면 배달비 0원 + 25,000원 쿠폰
3	1430	42	인기메뉴
3	1434	781	가입하기
3	1508	88	1위
3	1508	304	2위
3	1508	520	3위
3	1508	708	4위
3	1516	0	준비중
4	0	0	100% (8개)
4	0	0	ㆍ
4	0	0	리뷰 (4)
4	0	0	포메인 특제 소스로 볶아낸 공심채볶음
4	0	381	오픈 준비 중
4	66	155	포메인 서초점 내 메뉴를 찾아보세요
4	105	36	A3. 포메인 치킨윙
4	151	114	검색한 메뉴
4	151	290	&#128293; 인기메뉴
4	155	474	Starters
4	155	619	Phomeins Special
4	155	870	Rice Menu
4	159	36	16,000원
4	182	51	1 / 5
4	217	36	Small(4pcs) / Large(10pcs) 바삭한 치킨윙입니다
4	248	363	포메인 서초점
4	289	63	100% (148개)
4	289	169	ㆍ
4	289	213	리뷰 (23)
4	298	404	4.7(1,703)
4	363	36	PS2. 포메인 깐풍기
4	417	36	28,500원
4	475	36	**매콤 바삭! 중독적인 맛의 유혹** 겉은 바삭, 속은 촉촉한 닭고기를 마늘, 고추, 파프리카, 목이버섯과 함께 강한 불향으로 볶아낸 매콤한 중식풍 요리. 고소한 캐슈넛과 함께 씹는 재미까지 더했습니다.
4	553	63	92% (38개)
4	553	149	ㆍ
4	553	193	리뷰 (14)
4	628	45	주문많음
4	628	133	리뷰최고
4	654	36	M1. 포메인 쌀국수
4	708	36	13,000원
4	766	36	S / L 24시간 우려낸 깊고 맑은 소고기 육수 쫄깃한 쌀국수와 부드러운 소고기 슬라이스, 향긋한  양파와 파가 어우러진 정통 베트남식 쌀국수. 입안 가득 퍼지는 담백하고 진한 국물의 감동을 경험하세요!
4	838	63	97% (664개)
4	838	159	ㆍ
4	838	203	리뷰 (223)
4	942	42	인기메뉴
4	1020	88	1위
4	1020	304	2위
4	1020	520	3위
4	1020	708	4위
4	1219	36	M1. 포메인 쌀국수
4	1219	252	A7. 오리지널 스프링롤
4	1219	468	R1. 소고기 볶음밥
4	1219	684	S3. 해산물 팟타이
4	1260	36	13,000원
4	1260	468	16,500원
4	1260	684	16,500원
4	1295	252	8,000원
4	1413	42	Starters
4	1417	121	지금 와우 가입하면 배달비 0원 + 25,000원 쿠폰
4	1434	781	가입하기
4	1492	36	모닝글로리 볶음
4	1516	0	준비중
4	1546	36	12,500원
5	0	0	100% (20개)
5	0	0	ㆍ
5	0	0	리뷰 (8)
5	0	0	바삭한 식감이 매력적인 베트남식 에그롤입니다
5	0	381	오픈 준비 중
5	66	155	포메인 서초점 내 메뉴를 찾아보세요
5	142	45	주문많음
5	142	133	리뷰최고
5	151	114	검색한 메뉴
5	151	290	&#128293; 인기메뉴
5	155	474	Starters
5	155	619	Phomeins Special
5	155	870	Rice Menu
5	168	36	M1. 포메인 쌀국수
5	182	51	1 / 5
5	222	36	13,000원
5	248	363	포메인 서초점
5	280	36	S / L 24시간 우려낸 깊고 맑은 소고기 육수 쫄깃한 쌀국수와 부드러운 소고기 슬라이스, 향긋한  양파와 파가 어우러진 정통 베트남식 쌀국수. 입안 가득 퍼지는 담백하고 진한 국물의 감동을 경험하세요!
5	298	404	4.7(1,703)
5	352	63	97% (664개)
5	352	159	ㆍ
5	352	203	리뷰 (223)
5	456	42	인기메뉴
5	534	88	1위
5	534	304	2위
5	534	520	3위
5	534	708	4위
5	733	36	M1. 포메인 쌀국수
5	733	252	A7. 오리지널 스프링롤
5	733	468	R1. 소고기 볶음밥
5	733	684	S3. 해산물 팟타이
5	774	36	13,000원
5	774	468	16,500원
5	774	684	16,500원
5	809	252	8,000원
5	927	42	Starters
5	1006	36	모닝글로리 볶음
5	1060	36	12,500원
5	1118	36	포메인 특제 소스로 볶아낸 공심채볶음
5	1166	63	100% (8개)
5	1166	149	ㆍ
5	1166	193	리뷰 (4)
5	1241	45	주문많음
5	1267	36	A7. 오리지널 스프링롤
5	1321	36	8,000원
5	1379	36	새우,돼지고기,숙주,야채,버미셀리를 라이스페이퍼에 말아놓은. 건강식쌈
5	1417	121	지금 와우 가입하면 배달비 0원 + 25,000원 쿠폰
5	1434	781	가입하기
5	1451	63	95% (172개)
5	1451	159	ㆍ
5	1451	203	리뷰 (84)
5	1516	0	준비중
5	1525	36	A1. 에그롤
5	1579	36	7,000원
6	0	0	100% (148개)
6	0	0	Small(4pcs) / Large(10pcs) 바삭한 치킨윙입니다
6	0	0	ㆍ
6	0	0	리뷰 (23)
6	0	381	오픈 준비 중
6	66	155	포메인 서초점 내 메뉴를 찾아보세요
6	151	114	&#128293; 인기메뉴
6	155	298	Starters
6	155	443	Phomeins Special
6	155	694	Rice Menu
6	155	867	Fried Noodle
6	182	51	1 / 5
6	239	36	M1. 포메인 쌀국수
6	239	252	A7. 오리지널 스프링롤
6	239	468	R1. 소고기 볶음밥
6	239	684	S3. 해산물 팟타이
6	248	363	포메인 서초점
6	280	36	13,000원
6	280	468	16,500원
6	280	684	16,500원
6	298	404	4.7(1,703)
6	315	252	8,000원
6	433	42	Starters
6	512	36	모닝글로리 볶음
6	566	36	12,500원
6	624	36	포메인 특제 소스로 볶아낸 공심채볶음
6	672	63	100% (8개)
6	672	149	ㆍ
6	672	193	리뷰 (4)
6	747	45	주문많음
6	773	36	A7. 오리지널 스프링롤
6	827	36	8,000원
6	885	36	새우,돼지고기,숙주,야채,버미셀리를 라이스페이퍼에 말아놓은. 건강식쌈
6	957	63	95% (172개)
6	957	159	ㆍ
6	957	203	리뷰 (84)
6	1031	36	A1. 에그롤
6	1085	36	7,000원
6	1143	36	바삭한 식감이 매력적인 베트남식 에그롤입니다
6	1191	63	100% (20개)
6	1191	159	ㆍ
6	1191	203	리뷰 (8)
6	1265	36	A2. 짜조
6	1319	36	7,000원
6	1377	36	Small (2pcs) 바삭한 식감이 매력적인 베트남식 (짜조) 입니다
6	1417	121	지금 와우 가입하면 배달비 0원 + 25,000원 쿠폰
6	1434	781	가입하기
6	1449	63	99% (88개)
6	1449	149	ㆍ
6	1449	193	리뷰 (34)
6	1516	0	준비중
6	1523	36	A3. 포메인 치킨윙
6	1577	36	16,000원
7	0	0	97% (32개)
7	0	0	ㆍ
7	0	0	리뷰 (15)
7	0	0	스프링롤, 짜조, 에그롤, 치킨윙 등 다양한 메뉴를 즐길 수 있는 포메인 에피타이저 콤보
7	0	381	오픈 준비 중
7	18	36	모닝글로리 볶음
7	66	155	포메인 서초점 내 메뉴를 찾아보세요
7	130	36	포메인 특제 소스로 볶아낸 공심채볶음
7	155	114	Starters
7	155	262	Phomeins Special
7	155	513	Rice Menu
7	155	686	Fried Noodle
7	155	884	Noodle Soup
7	178	63	100% (8개)
7	178	149	ㆍ
7	178	193	리뷰 (4)
7	182	51	1 / 5
7	248	363	포메인 서초점
7	253	45	주문많음
7	279	36	A7. 오리지널 스프링롤
7	298	404	4.7(1,703)
7	333	36	8,000원
7	391	36	새우,돼지고기,숙주,야채,버미셀리를 라이스페이퍼에 말아놓은. 건강식쌈
7	463	63	95% (172개)
7	463	159	ㆍ
7	463	203	리뷰 (84)
7	537	36	A1. 에그롤
7	591	36	7,000원
7	649	36	바삭한 식감이 매력적인 베트남식 에그롤입니다
7	697	63	100% (20개)
7	697	159	ㆍ
7	697	203	리뷰 (8)
7	771	36	A2. 짜조
7	825	36	7,000원
7	883	36	Small (2pcs) 바삭한 식감이 매력적인 베트남식 (짜조) 입니다
7	955	63	99% (88개)
7	955	149	ㆍ
7	955	193	리뷰 (34)
7	1029	36	A3. 포메인 치킨윙
7	1083	36	16,000원
7	1141	36	Small(4pcs) / Large(10pcs) 바삭한 치킨윙입니다
7	1213	63	100% (148개)
7	1213	169	ㆍ
7	1213	213	리뷰 (23)
7	1287	36	A4. 짜조 샐러드
7	1341	36	15,500원
7	1399	36	신선한 야채와 짜조가 곁들이 셀러드입니다
7	1417	121	지금 와우 가입하면 배달비 0원 + 25,000원 쿠폰
7	1434	781	가입하기
7	1447	63	93% (15개)
7	1447	149	ㆍ
7	1447	193	리뷰 (1)
7	1516	0	준비중
7	1521	36	A5. 메인즈세트
7	1575	36	18,000원
8	0	0	99% (87개)
8	0	0	ㆍ
8	0	0	리뷰 (32)
8	0	0	쫄깃한 쌀종이에 신선한 채소와 고소한 돼지 고기, 새우로 꽉 채운 건강한 한 쌈!  튀기지 않아 가볍고, 두 가지 소스와 함께 즐기는 담백하고 상큼한 맛의 조화!
8	0	381	오픈 준비 중
8	50	36	A1. 에그롤
8	66	155	포메인 서초점 내 메뉴를 찾아보세요
8	132	36	7,000원
8	155	114	Starters
8	155	262	Phomeins Special
8	155	513	Rice Menu
8	155	686	Fried Noodle
8	155	884	Noodle Soup
8	162	36	바삭한 식감이 매력적인 베트남식 에그롤입니다
8	182	51	1 / 5
8	210	63	100% (20개)
8	210	159	ㆍ
8	210	203	리뷰 (8)
8	248	363	포메인 서초점
8	284	36	A2. 짜조
8	298	404	4.7(1,703)
8	338	36	7,000원
8	396	36	Small (2pcs) 바삭한 식감이 매력적인 베트남식 (짜조) 입니다
8	468	63	99% (88개)
8	468	149	ㆍ
8	468	193	리뷰 (34)
8	542	36	A3. 포메인 치킨윙
8	596	36	16,000원
8	654	36	Small(4pcs) / Large(10pcs) 바삭한 치킨윙입니다
8	726	63	100% (148개)
8	726	169	ㆍ
8	726	213	리뷰 (23)
8	800	36	A4. 짜조 샐러드
8	854	36	15,500원
8	912	36	신선한 야채와 짜조가 곁들이 셀러드입니다
8	960	63	93% (15개)
8	960	149	ㆍ
8	960	193	리뷰 (1)
8	1034	36	A5. 메인즈세트
8	1088	36	18,000원
8	1146	36	스프링롤, 짜조, 에그롤, 치킨윙 등 다양한 메뉴를 즐길 수 있는 포메인 에피타이저 콤보
8	1224	63	97% (32개)
8	1224	149	ㆍ
8	1224	193	리뷰 (15)
8	1298	36	A6. 메인즈 점보 세트
8	1352	36	29,000원
8	1410	36	스프링롤, 짜조, 에그롤, 치킨윙 등 다양한 메뉴를 즐길 수 있는 점보 사이즈 에피타이저 콤보
8	1417	121	지금 와우 가입하면 배달비 0원 + 25,000원 쿠폰
8	1434	781	가입하기
8	1488	63	86% (21개)
8	1488	149	ㆍ
8	1488	193	리뷰 (10)
8	1516	0	준비중
8	1562	36	A9. 스프링롤 콤보
9	0	0	92% (38개)
9	0	0	ㆍ
9	0	0	리뷰 (14)
9	0	381	오픈 준비 중
9	58	36	A3. 포메인 치킨윙
9	66	155	포메인 서초점 내 메뉴를 찾아보세요
9	132	36	16,000원
9	155	114	Starters
9	155	262	Phomeins Special
9	155	513	Rice Menu
9	155	686	Fried Noodle
9	155	884	Noodle Soup
9	170	36	Small(4pcs) / Large(10pcs) 바삭한 치킨윙입니다
9	182	51	1 / 5
9	242	63	100% (148개)
9	242	169	ㆍ
9	242	213	리뷰 (23)
9	248	363	포메인 서초점
9	298	404	4.7(1,703)
9	316	36	A4. 짜조 샐러드
9	370	36	15,500원
9	428	36	신선한 야채와 짜조가 곁들이 셀러드입니다
9	476	63	93% (15개)
9	476	149	ㆍ
9	476	193	리뷰 (1)
9	550	36	A5. 메인즈세트
9	604	36	18,000원
9	662	36	스프링롤, 짜조, 에그롤, 치킨윙 등 다양한 메뉴를 즐길 수 있는 포메인 에피타이저 콤보
9	740	63	97% (32개)
9	740	149	ㆍ
9	740	193	리뷰 (15)
9	814	36	A6. 메인즈 점보 세트
9	868	36	29,000원
9	926	36	스프링롤, 짜조, 에그롤, 치킨윙 등 다양한 메뉴를 즐길 수 있는 점보 사이즈 에피타이저 콤보
9	1004	63	86% (21개)
9	1004	149	ㆍ
9	1004	193	리뷰 (10)
9	1078	36	A9. 스프링롤 콤보
9	1132	36	16,000원
9	1190	36	쫄깃한 쌀종이에 신선한 채소와 고소한 돼지 고기, 새우로 꽉 채운 건강한 한 쌈!  튀기지 않아 가볍고, 두 가지 소스와 함께 즐기는 담백하고 상큼한 맛의 조화!
9	1268	63	99% (87개)
9	1268	149	ㆍ
9	1268	193	리뷰 (32)
9	1372	42	Phomeins Special
9	1417	121	지금 와우 가입하면 배달비 0원 + 25,000원 쿠폰
9	1434	781	가입하기
9	1451	36	PS2. 포메인 깐풍기
9	1505	36	28,500원
9	1516	0	준비중
9	1563	36	**매콤 바삭! 중독적인 맛의 유혹** 겉은 바삭, 속은 촉촉한 닭고기를 마늘, 고추, 파프리카, 목이버섯과 함께 강한 불향으로 볶아낸 매콤한 중식풍 요리. 고소한 캐슈넛과 함께 씹는 재미까지 더했습니다.
10	0	0	100% (7개)
10	0	0	ㆍ
10	0	0	리뷰 (3)
10	0	0	치킨 & 베지 볶음 (Chicken & Veggie Stir-fry)  담백한 닭고기와 신선한 야채의 건강한 만남! 닭고기, 파프리카, 양파, 청경채, 캐슈넛 등 다채로운 채소를 향긋한 소스와 함께 볶아낸 인기 메뉴 든든한 한 끼 또는 밥과 함께 곁들여 드세요!  &#127798;️ 약간 매콤 / &#129382; 채식과 가까운 웰빙 메뉴
10	0	381	오픈 준비 중
10	65	36	A5. 메인즈세트
10	66	155	포메인 서초점 내 메뉴를 찾아보세요
10	132	36	18,000원
10	155	114	Starters
10	155	262	Phomeins Special
10	155	513	Rice Menu
10	155	686	Fried Noodle
10	155	884	Noodle Soup
10	177	36	스프링롤, 짜조, 에그롤, 치킨윙 등 다양한 메뉴를 즐길 수 있는 포메인 에피타이저 콤보
10	182	51	1 / 5
10	248	363	포메인 서초점
10	255	63	97% (32개)
10	255	149	ㆍ
10	255	193	리뷰 (15)
10	298	404	4.7(1,703)
10	329	36	A6. 메인즈 점보 세트
10	383	36	29,000원
10	441	36	스프링롤, 짜조, 에그롤, 치킨윙 등 다양한 메뉴를 즐길 수 있는 점보 사이즈 에피타이저 콤보
10	519	63	86% (21개)
10	519	149	ㆍ
10	519	193	리뷰 (10)
10	593	36	A9. 스프링롤 콤보
10	647	36	16,000원
10	705	36	쫄깃한 쌀종이에 신선한 채소와 고소한 돼지 고기, 새우로 꽉 채운 건강한 한 쌈!  튀기지 않아 가볍고, 두 가지 소스와 함께 즐기는 담백하고 상큼한 맛의 조화!
10	783	63	99% (87개)
10	783	149	ㆍ
10	783	193	리뷰 (32)
10	887	42	Phomeins Special
10	966	36	PS2. 포메인 깐풍기
10	1020	36	28,500원
10	1078	36	**매콤 바삭! 중독적인 맛의 유혹** 겉은 바삭, 속은 촉촉한 닭고기를 마늘, 고추, 파프리카, 목이버섯과 함께 강한 불향으로 볶아낸 매콤한 중식풍 요리. 고소한 캐슈넛과 함께 씹는 재미까지 더했습니다.
10	1156	63	92% (38개)
10	1156	149	ㆍ
10	1156	193	리뷰 (14)
10	1230	36	PS4. 분짜
10	1284	36	17,500원
10	1342	36	불향 가득한 돼지고기와 상큼한 생채소, 쌀국수의 환상적인 조화! 숯불에 구운 돼지고기와 쫄깃한 분(쌀국수), 향긋한 생야채를 새콤달콤한 소스에 찍어 먹는 베트남 스타일의 비빔 쌀국수 담백하고 상큼한 맛으로 입맛을 돋우는 인기 메뉴입니다!  &#129367; 기호에 따라 레몬즙, 다진 마늘, 고추로 맛을 더하세요
10	1417	121	지금 와우 가입하면 배달비 0원 + 25,000원 쿠폰
10	1420	63	87% (53개)
10	1420	149	ㆍ
10	1420	193	리뷰 (22)
10	1434	781	가입하기
10	1494	36	PS1. 치킨 앤 배지
10	1516	0	준비중
10	1548	36	28,500원
11	0	381	오픈 준비 중
11	66	155	포메인 서초점 내 메뉴를 찾아보세요
11	99	36	A9. 스프링롤 콤보
11	153	36	16,000원
11	155	114	Starters
11	155	262	Phomeins Special
11	155	513	Rice Menu
11	155	686	Fried Noodle
11	155	884	Noodle Soup
11	182	51	1 / 5
11	211	36	쫄깃한 쌀종이에 신선한 채소와 고소한 돼지 고기, 새우로 꽉 채운 건강한 한 쌈!  튀기지 않아 가볍고, 두 가지 소스와 함께 즐기는 담백하고 상큼한 맛의 조화!
11	248	363	포메인 서초점
11	289	63	99% (87개)
11	289	149	ㆍ
11	289	193	리뷰 (32)
11	298	404	4.7(1,703)
11	393	42	Phomeins Special
11	472	36	PS2. 포메인 깐풍기
11	526	36	28,500원
11	584	36	**매콤 바삭! 중독적인 맛의 유혹** 겉은 바삭, 속은 촉촉한 닭고기를 마늘, 고추, 파프리카, 목이버섯과 함께 강한 불향으로 볶아낸 매콤한 중식풍 요리. 고소한 캐슈넛과 함께 씹는 재미까지 더했습니다.
11	662	63	92% (38개)
11	662	149	ㆍ
11	662	193	리뷰 (14)
11	736	36	PS4. 분짜
11	790	36	17,500원
11	848	36	불향 가득한 돼지고기와 상큼한 생채소, 쌀국수의 환상적인 조화! 숯불에 구운 돼지고기와 쫄깃한 분(쌀국수), 향긋한 생야채를 새콤달콤한 소스에 찍어 먹는 베트남 스타일의 비빔 쌀국수 담백하고 상큼한 맛으로 입맛을 돋우는 인기 메뉴입니다!  &#129367; 기호에 따라 레몬즙, 다진 마늘, 고추로 맛을 더하세요
11	926	63	87% (53개)
11	926	149	ㆍ
11	926	193	리뷰 (22)
11	1000	36	PS1. 치킨 앤 배지
11	1054	36	28,500원
11	1112	36	치킨 & 베지 볶음 (Chicken & Veggie Stir-fry)  담백한 닭고기와 신선한 야채의 건강한 만남! 닭고기, 파프리카, 양파, 청경채, 캐슈넛 등 다채로운 채소를 향긋한 소스와 함께 볶아낸 인기 메뉴 든든한 한 끼 또는 밥과 함께 곁들여 드세요!  &#127798;️ 약간 매콤 / &#129382; 채식과 가까운 웰빙 메뉴
11	1184	63	100% (7개)
11	1184	149	ㆍ
11	1184	193	리뷰 (3)
11	1258	36	PS3. 분보싸오
11	1312	36	17,500원
11	1370	36	면 : 데침   버무셀리와 각종 야채로 만든 비빔 쌀국수 입니다.
11	1417	121	지금 와우 가입하면 배달비 0원 + 25,000원 쿠폰
11	1434	781	가입하기
11	1448	63	94% (36개)
11	1448	149	ㆍ
11	1448	193	리뷰 (9)
11	1516	0	준비중
11	1552	42	Rice Menu
12	0	36	PS2. 포메인 깐풍기
12	0	381	오픈 준비 중
12	66	155	포메인 서초점 내 메뉴를 찾아보세요
12	99	36	**매콤 바삭! 중독적인 맛의 유혹** 겉은 바삭, 속은 촉촉한 닭고기를 마늘, 고추, 파프리카, 목이버섯과 함께 강한 불향으로 볶아낸 매콤한 중식풍 요리. 고소한 캐슈넛과 함께 씹는 재미까지 더했습니다.
12	154	114	Phomeins Special
12	154	367	Rice Menu
12	154	540	Fried Noodle
12	154	738	Noodle Soup
12	177	63	92% (38개)
12	177	149	ㆍ
12	177	193	리뷰 (14)
12	182	51	1 / 5
12	248	363	포메인 서초점
12	251	36	PS4. 분짜
12	298	404	4.7(1,703)
12	305	36	17,500원
12	363	36	불향 가득한 돼지고기와 상큼한 생채소, 쌀국수의 환상적인 조화! 숯불에 구운 돼지고기와 쫄깃한 분(쌀국수), 향긋한 생야채를 새콤달콤한 소스에 찍어 먹는 베트남 스타일의 비빔 쌀국수 담백하고 상큼한 맛으로 입맛을 돋우는 인기 메뉴입니다!  &#129367; 기호에 따라 레몬즙, 다진 마늘, 고추로 맛을 더하세요
12	441	63	87% (53개)
12	441	149	ㆍ
12	441	193	리뷰 (22)
12	515	36	PS1. 치킨 앤 배지
12	569	36	28,500원
12	627	36	치킨 & 베지 볶음 (Chicken & Veggie Stir-fry)  담백한 닭고기와 신선한 야채의 건강한 만남! 닭고기, 파프리카, 양파, 청경채, 캐슈넛 등 다채로운 채소를 향긋한 소스와 함께 볶아낸 인기 메뉴 든든한 한 끼 또는 밥과 함께 곁들여 드세요!  &#127798;️ 약간 매콤 / &#129382; 채식과 가까운 웰빙 메뉴
12	699	63	100% (7개)
12	699	149	ㆍ
12	699	193	리뷰 (3)
12	773	36	PS3. 분보싸오
12	827	36	17,500원
12	885	36	면 : 데침   버무셀리와 각종 야채로 만든 비빔 쌀국수 입니다.
12	963	63	94% (36개)
12	963	149	ㆍ
12	963	193	리뷰 (9)
12	1067	42	Rice Menu
12	1147	45	리뷰최고
12	1173	36	R1. 소고기 볶음밥
12	1227	36	16,500원
12	1285	36	소고기와 양파 계란에  불향을 더한 볶음밥 최고 인기메뉴입니다.
12	1333	63	98% (196개)
12	1333	159	ㆍ
12	1333	203	리뷰 (73)
12	1407	36	R2. 칠리 볶음밥
12	1417	121	지금 와우 가입하면 배달비 0원 + 25,000원 쿠폰
12	1434	781	가입하기
12	1461	36	16,000원
12	1516	0	준비중
12	1519	36	각종 해산물과 숙주 양파 계란이 곁들어 칠리소스로 매콤함과 불향을 더한 볶음밥입니다.
12	1597	63	90% (42개)
12	1597	149	ㆍ
12	1597	193	리뷰 (14)
13	0	381	오픈 준비 중
13	21	36	PS1. 치킨 앤 배지
13	66	155	포메인 서초점 내 메뉴를 찾아보세요
13	133	36	치킨 & 베지 볶음 (Chicken & Veggie Stir-fry)  담백한 닭고기와 신선한 야채의 건강한 만남! 닭고기, 파프리카, 양파, 청경채, 캐슈넛 등 다채로운 채소를 향긋한 소스와 함께 볶아낸 인기 메뉴 든든한 한 끼 또는 밥과 함께 곁들여 드세요!  &#127798;️ 약간 매콤 / &#129382; 채식과 가까운 웰빙 메뉴
13	154	114	Phomeins Special
13	154	367	Rice Menu
13	154	540	Fried Noodle
13	154	738	Noodle Soup
13	182	51	1 / 5
13	205	63	100% (7개)
13	205	149	ㆍ
13	205	193	리뷰 (3)
13	248	363	포메인 서초점
13	279	36	PS3. 분보싸오
13	298	404	4.7(1,703)
13	333	36	17,500원
13	391	36	면 : 데침   버무셀리와 각종 야채로 만든 비빔 쌀국수 입니다.
13	469	63	94% (36개)
13	469	149	ㆍ
13	469	193	리뷰 (9)
13	573	42	Rice Menu
13	653	45	리뷰최고
13	679	36	R1. 소고기 볶음밥
13	733	36	16,500원
13	791	36	소고기와 양파 계란에  불향을 더한 볶음밥 최고 인기메뉴입니다.
13	839	63	98% (196개)
13	839	159	ㆍ
13	839	203	리뷰 (73)
13	913	36	R2. 칠리 볶음밥
13	967	36	16,000원
13	1025	36	각종 해산물과 숙주 양파 계란이 곁들어 칠리소스로 매콤함과 불향을 더한 볶음밥입니다.
13	1103	63	90% (42개)
13	1103	149	ㆍ
13	1103	193	리뷰 (14)
13	1177	36	R3. 닭고기 볶음밥
13	1231	36	15,500원
13	1289	36	각종 야채와 계란 닭고기로 불향을 더한 맵지 않은 고소한 볶음밥입니다.
13	1337	63	98% (52개)
13	1337	149	ㆍ
13	1337	193	리뷰 (9)
13	1411	36	R4. 파인애플 볶음밥
13	1417	121	지금 와우 가입하면 배달비 0원 + 25,000원 쿠폰
13	1434	781	가입하기
13	1465	36	16,500원
13	1516	0	준비중
13	1523	36	야채와 계란 파인애플로 곁들여 불향과 달콤함이 더한 볶음밥입니다.
13	1571	63	99% (89개)
13	1571	149	ㆍ
13	1571	193	리뷰 (35)
14	0	0	93% (14개)
14	0	0	ㆍ
14	0	0	리뷰 (8)
14	0	381	오픈 준비 중
14	66	155	포메인 서초점 내 메뉴를 찾아보세요
14	154	114	Rice Menu
14	154	287	Fried Noodle
14	154	485	Noodle Soup
14	154	683	Wrap
14	154	798	Soft Drink
14	168	45	리뷰최고
14	182	51	1 / 5
14	194	36	R1. 소고기 볶음밥
14	248	36	16,500원
14	248	363	포메인 서초점
14	298	404	4.7(1,703)
14	306	36	소고기와 양파 계란에  불향을 더한 볶음밥 최고 인기메뉴입니다.
14	354	63	98% (196개)
14	354	159	ㆍ
14	354	203	리뷰 (73)
14	428	36	R2. 칠리 볶음밥
14	482	36	16,000원
14	540	36	각종 해산물과 숙주 양파 계란이 곁들어 칠리소스로 매콤함과 불향을 더한 볶음밥입니다.
14	618	63	90% (42개)
14	618	149	ㆍ
14	618	193	리뷰 (14)
14	692	36	R3. 닭고기 볶음밥
14	746	36	15,500원
14	804	36	각종 야채와 계란 닭고기로 불향을 더한 맵지 않은 고소한 볶음밥입니다.
14	852	63	98% (52개)
14	852	149	ㆍ
14	852	193	리뷰 (9)
14	926	36	R4. 파인애플 볶음밥
14	980	36	16,500원
14	1038	36	야채와 계란 파인애플로 곁들여 불향과 달콤함이 더한 볶음밥입니다.
14	1086	63	99% (89개)
14	1086	149	ㆍ
14	1086	193	리뷰 (35)
14	1160	36	R5. 돼지고기 덮밥
14	1214	36	16,500원
14	1272	36	불향 가득한 닭고기와 바삭한 마늘칩, 고소한 계란프라이까지! 직화로 구운 간장 돼지고기를 향긋한 마늘칩과 함께 밥 위에 듬뿍 얹고, 반숙 계란프라이로 마무리한 든든한 한 그릇 요리 바삭한 에그롤도 함께 곁들여져 더욱 풍성한 맛을 즐기실 수 있어요.  &#127859; 간장 베이스의 단짠단짠한 맛으로 누구나 좋아하는 인기 메뉴!
14	1350	63	78% (27개)
14	1350	149	ㆍ
14	1350	193	리뷰 (15)
14	1417	121	지금 와우 가입하면 배달비 0원 + 25,000원 쿠폰
14	1424	36	R6. 닭고기 덮밥
14	1434	781	가입하기
14	1478	36	16,500원
14	1516	0	준비중
14	1536	36	불향 가득한 닭고기와 바삭한 마늘칩, 고소한 계란프라이까지! 직화로 구운 간장 닭고기를 향긋한 마늘칩과 함께 밥 위에 듬뿍 얹고, 반숙 계란프라이로 마무리한 든든한 한 그릇 요리 바삭한 에그롤도 함께 곁들여져 더욱 풍성한 맛을 즐기실 수 있어요.  &#127859; 간장 베이스의 단짠단짠한 맛으로 누구나 좋아하는 인기 메뉴!
15	0	0	100% (3개)
15	0	0	2mm 쌀국수면과 공심채의 아삭한 식감을 살린 매콤한 해산물 볶음면
15	0	0	R2. 칠리 볶음밥
15	0	0	ㆍ
15	0	0	리뷰 (2)
15	0	381	오픈 준비 중
15	53	36	각종 해산물과 숙주 양파 계란이 곁들어 칠리소스로 매콤함과 불향을 더한 볶음밥입니다.
15	66	155	포메인 서초점 내 메뉴를 찾아보세요
15	131	63	90% (42개)
15	131	149	ㆍ
15	131	193	리뷰 (14)
15	154	114	Rice Menu
15	154	287	Fried Noodle
15	154	485	Noodle Soup
15	154	683	Wrap
15	154	798	Soft Drink
15	182	51	1 / 5
15	205	36	R3. 닭고기 볶음밥
15	248	363	포메인 서초점
15	259	36	15,500원
15	298	404	4.7(1,703)
15	317	36	각종 야채와 계란 닭고기로 불향을 더한 맵지 않은 고소한 볶음밥입니다.
15	365	63	98% (52개)
15	365	149	ㆍ
15	365	193	리뷰 (9)
15	439	36	R4. 파인애플 볶음밥
15	493	36	16,500원
15	551	36	야채와 계란 파인애플로 곁들여 불향과 달콤함이 더한 볶음밥입니다.
15	599	63	99% (89개)
15	599	149	ㆍ
15	599	193	리뷰 (35)
15	673	36	R5. 돼지고기 덮밥
15	727	36	16,500원
15	785	36	불향 가득한 닭고기와 바삭한 마늘칩, 고소한 계란프라이까지! 직화로 구운 간장 돼지고기를 향긋한 마늘칩과 함께 밥 위에 듬뿍 얹고, 반숙 계란프라이로 마무리한 든든한 한 그릇 요리 바삭한 에그롤도 함께 곁들여져 더욱 풍성한 맛을 즐기실 수 있어요.  &#127859; 간장 베이스의 단짠단짠한 맛으로 누구나 좋아하는 인기 메뉴!
15	863	63	78% (27개)
15	863	149	ㆍ
15	863	193	리뷰 (15)
15	937	36	R6. 닭고기 덮밥
15	991	36	16,500원
15	1049	36	불향 가득한 닭고기와 바삭한 마늘칩, 고소한 계란프라이까지! 직화로 구운 간장 닭고기를 향긋한 마늘칩과 함께 밥 위에 듬뿍 얹고, 반숙 계란프라이로 마무리한 든든한 한 그릇 요리 바삭한 에그롤도 함께 곁들여져 더욱 풍성한 맛을 즐기실 수 있어요.  &#127859; 간장 베이스의 단짠단짠한 맛으로 누구나 좋아하는 인기 메뉴!
15	1127	63	93% (14개)
15	1127	149	ㆍ
15	1127	193	리뷰 (8)
15	1201	36	R7. 치킨 앤 배지 덮밥
15	1255	36	17,000원
15	1313	36	치킨 & 베지 볶음 (Chicken & Veggie Stir-fry)  담백한 닭고기와 신선한 야채의 건강한 만남! 닭고기, 파프리카, 양파, 청경채, 캐슈넛 등 다채로운 채소를 향긋한 소스와 함께 볶아낸 인기 메뉴 든든한 한 끼 또는 밥과 함께 곁들여 드세요!  &#127798;️ 약간 매콤 / &#129382; 채식과 가까운 웰빙 메뉴
15	1385	63	80% (5개)
15	1385	139	ㆍ
15	1385	183	리뷰 (3)
15	1417	121	지금 와우 가입하면 배달비 0원 + 25,000원 쿠폰
15	1434	781	가입하기
15	1489	42	Fried Noodle
15	1516	0	준비중
15	1568	36	오리엔탈 해산물 볶음면
16	0	0	95% (21개)
16	0	0	R4. 파인애플 볶음밥
16	0	0	ㆍ
16	0	0	리뷰 (11)
16	0	0	야채와 소고기를  불향으로 넓은면을 볶아낸  누들입니다.
16	0	381	오픈 준비 중
16	64	36	야채와 계란 파인애플로 곁들여 불향과 달콤함이 더한 볶음밥입니다.
16	66	155	포메인 서초점 내 메뉴를 찾아보세요
16	112	63	99% (89개)
16	112	149	ㆍ
16	112	193	리뷰 (35)
16	154	114	Rice Menu
16	154	287	Fried Noodle
16	154	485	Noodle Soup
16	154	683	Wrap
16	154	798	Soft Drink
16	182	51	1 / 5
16	186	36	R5. 돼지고기 덮밥
16	240	36	16,500원
16	248	363	포메인 서초점
16	298	36	불향 가득한 닭고기와 바삭한 마늘칩, 고소한 계란프라이까지! 직화로 구운 간장 돼지고기를 향긋한 마늘칩과 함께 밥 위에 듬뿍 얹고, 반숙 계란프라이로 마무리한 든든한 한 그릇 요리 바삭한 에그롤도 함께 곁들여져 더욱 풍성한 맛을 즐기실 수 있어요.  &#127859; 간장 베이스의 단짠단짠한 맛으로 누구나 좋아하는 인기 메뉴!
16	298	404	4.7(1,703)
16	376	63	78% (27개)
16	376	149	ㆍ
16	376	193	리뷰 (15)
16	450	36	R6. 닭고기 덮밥
16	504	36	16,500원
16	562	36	불향 가득한 닭고기와 바삭한 마늘칩, 고소한 계란프라이까지! 직화로 구운 간장 닭고기를 향긋한 마늘칩과 함께 밥 위에 듬뿍 얹고, 반숙 계란프라이로 마무리한 든든한 한 그릇 요리 바삭한 에그롤도 함께 곁들여져 더욱 풍성한 맛을 즐기실 수 있어요.  &#127859; 간장 베이스의 단짠단짠한 맛으로 누구나 좋아하는 인기 메뉴!
16	640	63	93% (14개)
16	640	149	ㆍ
16	640	193	리뷰 (8)
16	714	36	R7. 치킨 앤 배지 덮밥
16	768	36	17,000원
16	826	36	치킨 & 베지 볶음 (Chicken & Veggie Stir-fry)  담백한 닭고기와 신선한 야채의 건강한 만남! 닭고기, 파프리카, 양파, 청경채, 캐슈넛 등 다채로운 채소를 향긋한 소스와 함께 볶아낸 인기 메뉴 든든한 한 끼 또는 밥과 함께 곁들여 드세요!  &#127798;️ 약간 매콤 / &#129382; 채식과 가까운 웰빙 메뉴
16	898	63	80% (5개)
16	898	139	ㆍ
16	898	183	리뷰 (3)
16	1002	42	Fried Noodle
16	1081	36	오리엔탈 해산물 볶음면
16	1135	36	16,500원
16	1193	36	2mm 쌀국수면과 공심채의 아삭한 식감을 살린 매콤한 해산물 볶음면
16	1241	63	100% (3개)
16	1241	149	ㆍ
16	1241	193	리뷰 (2)
16	1315	36	S1. 매운 해산물 볶음 쌀국수
16	1369	36	16,500원
16	1417	121	지금 와우 가입하면 배달비 0원 + 25,000원 쿠폰
16	1427	36	**매운 볶음 쌀국수** 탱글한 새우와 오징어, 신선한 야채를 매콤한 소스와 함께 볶아낸 베트남식 볶음 쌀국수. 불향 가득한 깊은 맛이 매운맛을 좋아하는 분께 강력 추천!
16	1434	781	가입하기
16	1505	63	94% (127개)
16	1505	159	ㆍ
16	1505	203	리뷰 (70)
16	1516	0	준비중
16	1579	36	S2. 소고기 플랫 누들
17	0	0	94% (34개)
17	0	0	ㆍ
17	0	0	리뷰 (17)
17	0	0	야채와 계란, 닭고기로 면과 함께 불향으로 볶아낸 닭고기 팟타이입니다.
17	0	36	R6. 닭고기 덮밥
17	0	381	오픈 준비 중
17	66	155	포메인 서초점 내 메뉴를 찾아보세요
17	76	36	불향 가득한 닭고기와 바삭한 마늘칩, 고소한 계란프라이까지! 직화로 구운 간장 닭고기를 향긋한 마늘칩과 함께 밥 위에 듬뿍 얹고, 반숙 계란프라이로 마무리한 든든한 한 그릇 요리 바삭한 에그롤도 함께 곁들여져 더욱 풍성한 맛을 즐기실 수 있어요.  &#127859; 간장 베이스의 단짠단짠한 맛으로 누구나 좋아하는 인기 메뉴!
17	154	63	93% (14개)
17	154	114	Rice Menu
17	154	149	ㆍ
17	154	193	리뷰 (8)
17	154	287	Fried Noodle
17	154	485	Noodle Soup
17	154	683	Wrap
17	154	798	Soft Drink
17	182	51	1 / 5
17	228	36	R7. 치킨 앤 배지 덮밥
17	248	363	포메인 서초점
17	282	36	17,000원
17	298	404	4.7(1,703)
17	340	36	치킨 & 베지 볶음 (Chicken & Veggie Stir-fry)  담백한 닭고기와 신선한 야채의 건강한 만남! 닭고기, 파프리카, 양파, 청경채, 캐슈넛 등 다채로운 채소를 향긋한 소스와 함께 볶아낸 인기 메뉴 든든한 한 끼 또는 밥과 함께 곁들여 드세요!  &#127798;️ 약간 매콤 / &#129382; 채식과 가까운 웰빙 메뉴
17	412	63	80% (5개)
17	412	139	ㆍ
17	412	183	리뷰 (3)
17	516	42	Fried Noodle
17	595	36	오리엔탈 해산물 볶음면
17	649	36	16,500원
17	707	36	2mm 쌀국수면과 공심채의 아삭한 식감을 살린 매콤한 해산물 볶음면
17	755	63	100% (3개)
17	755	149	ㆍ
17	755	193	리뷰 (2)
17	829	36	S1. 매운 해산물 볶음 쌀국수
17	883	36	16,500원
17	941	36	**매운 볶음 쌀국수** 탱글한 새우와 오징어, 신선한 야채를 매콤한 소스와 함께 볶아낸 베트남식 볶음 쌀국수. 불향 가득한 깊은 맛이 매운맛을 좋아하는 분께 강력 추천!
17	1019	63	94% (127개)
17	1019	159	ㆍ
17	1019	203	리뷰 (70)
17	1093	36	S2. 소고기 플랫 누들
17	1147	36	16,000원
17	1205	36	야채와 소고기를  불향으로 넓은면을 볶아낸  누들입니다.
17	1253	63	95% (21개)
17	1253	149	ㆍ
17	1253	193	리뷰 (11)
17	1327	36	S3. 해산물 팟타이
17	1381	36	16,500원
17	1417	121	지금 와우 가입하면 배달비 0원 + 25,000원 쿠폰
17	1434	781	가입하기
17	1439	36	해산물과 신선한 야채를 넣어 불향으로 볶아낸 팟타이입니다.
17	1487	63	97% (117개)
17	1487	159	ㆍ
17	1487	203	리뷰 (44)
17	1516	0	준비중
17	1561	36	S4. 닭고기 팟타이
18	0	0	생고기,힘줄,양지차돌 다양한 부위를 한그릇에 담아낸 풍성한 콤비쌀국수
18	0	0	콤비네이션 포
18	0	381	오픈 준비 중
18	66	155	포메인 서초점 내 메뉴를 찾아보세요
18	108	36	오리엔탈 해산물 볶음면
18	154	78	Rice Menu
18	154	247	Fried Noodle
18	154	446	Noodle Soup
18	154	644	Wrap
18	154	759	Soft Drink
18	162	36	16,500원
18	182	51	1 / 5
18	220	36	2mm 쌀국수면과 공심채의 아삭한 식감을 살린 매콤한 해산물 볶음면
18	248	363	포메인 서초점
18	268	63	100% (3개)
18	268	149	ㆍ
18	268	193	리뷰 (2)
18	298	404	4.7(1,703)
18	342	36	S1. 매운 해산물 볶음 쌀국수
18	396	36	16,500원
18	454	36	**매운 볶음 쌀국수** 탱글한 새우와 오징어, 신선한 야채를 매콤한 소스와 함께 볶아낸 베트남식 볶음 쌀국수. 불향 가득한 깊은 맛이 매운맛을 좋아하는 분께 강력 추천!
18	532	63	94% (127개)
18	532	159	ㆍ
18	532	203	리뷰 (70)
18	606	36	S2. 소고기 플랫 누들
18	660	36	16,000원
18	718	36	야채와 소고기를  불향으로 넓은면을 볶아낸  누들입니다.
18	766	63	95% (21개)
18	766	149	ㆍ
18	766	193	리뷰 (11)
18	840	36	S3. 해산물 팟타이
18	894	36	16,500원
18	952	36	해산물과 신선한 야채를 넣어 불향으로 볶아낸 팟타이입니다.
18	1000	63	97% (117개)
18	1000	159	ㆍ
18	1000	203	리뷰 (44)
18	1074	36	S4. 닭고기 팟타이
18	1128	36	15,500원
18	1186	36	야채와 계란, 닭고기로 면과 함께 불향으로 볶아낸 닭고기 팟타이입니다.
18	1234	63	94% (34개)
18	1234	149	ㆍ
18	1234	193	리뷰 (17)
18	1338	42	Noodle Soup
18	1417	36	뉴청크포
18	1417	121	지금 와우 가입하면 배달비 0원 + 25,000원 쿠폰
18	1434	781	가입하기
18	1471	36	17,000원
18	1516	0	준비중
18	1529	36	부드러운 양지고기를큼직하게 찢어 올린 쌀국수
19	0	0	92% (12개)
19	0	0	S / L  S / L 24시간 우려낸 깊고 맑은 닭고기육수와 해산물이 곁들여진 쫄깃한 쌀국수와 향긋한  양파가 어우러진 베트남식 해산물 쌀국수.
19	0	0	ㆍ
19	0	0	리뷰 (4)
19	0	381	오픈 준비 중
19	66	155	포메인 서초점 내 메뉴를 찾아보세요
19	110	36	S2. 소고기 플랫 누들
19	154	78	Rice Menu
19	154	247	Fried Noodle
19	154	446	Noodle Soup
19	154	644	Wrap
19	154	759	Soft Drink
19	164	36	16,000원
19	182	51	1 / 5
19	222	36	야채와 소고기를  불향으로 넓은면을 볶아낸  누들입니다.
19	248	363	포메인 서초점
19	270	63	95% (21개)
19	270	149	ㆍ
19	270	193	리뷰 (11)
19	298	404	4.7(1,703)
19	344	36	S3. 해산물 팟타이
19	398	36	16,500원
19	456	36	해산물과 신선한 야채를 넣어 불향으로 볶아낸 팟타이입니다.
19	504	63	97% (117개)
19	504	159	ㆍ
19	504	203	리뷰 (44)
19	578	36	S4. 닭고기 팟타이
19	632	36	15,500원
19	690	36	야채와 계란, 닭고기로 면과 함께 불향으로 볶아낸 닭고기 팟타이입니다.
19	738	63	94% (34개)
19	738	149	ㆍ
19	738	193	리뷰 (17)
19	842	42	Noodle Soup
19	921	36	뉴청크포
19	975	36	17,000원
19	1033	36	부드러운 양지고기를큼직하게 찢어 올린 쌀국수
19	1119	36	콤비네이션 포
19	1173	36	16,000원
19	1231	36	생고기,힘줄,양지차돌 다양한 부위를 한그릇에 담아낸 풍성한 콤비쌀국수
19	1317	36	텐돈포
19	1371	36	17,000원
19	1417	121	지금 와우 가입하면 배달비 0원 + 25,000원 쿠폰
19	1429	36	도가니보다 더 든든한 힘줄을 라임솔트에 찍어먹는 이국적인 쌀국수
19	1434	781	가입하기
19	1515	36	M6. 해산물 쌀국수
19	1516	0	준비중
19	1569	36	14,500원
20	0	0	100% (6개)
20	0	0	S / L  S / L 24시간 우려낸 깊고 맑은 닭고기육수와 닭고기로 곁들여진 쫄깃한 쌀국수와 향긋한  양파가 어우러진 베트남식 닭 쌀국수.
20	0	0	ㆍ
20	0	0	리뷰 (2)
20	0	381	오픈 준비 중
20	66	155	포메인 서초점 내 메뉴를 찾아보세요
20	93	36	S4. 닭고기 팟타이
20	147	36	15,500원
20	154	78	Rice Menu
20	154	247	Fried Noodle
20	154	446	Noodle Soup
20	154	644	Wrap
20	154	759	Soft Drink
20	182	51	1 / 5
20	205	36	야채와 계란, 닭고기로 면과 함께 불향으로 볶아낸 닭고기 팟타이입니다.
20	248	363	포메인 서초점
20	253	63	94% (34개)
20	253	149	ㆍ
20	253	193	리뷰 (17)
20	298	404	4.7(1,703)
20	357	42	Noodle Soup
20	436	36	뉴청크포
20	490	36	17,000원
20	548	36	부드러운 양지고기를큼직하게 찢어 올린 쌀국수
20	634	36	콤비네이션 포
20	688	36	16,000원
20	746	36	생고기,힘줄,양지차돌 다양한 부위를 한그릇에 담아낸 풍성한 콤비쌀국수
20	832	36	텐돈포
20	886	36	17,000원
20	944	36	도가니보다 더 든든한 힘줄을 라임솔트에 찍어먹는 이국적인 쌀국수
20	1030	36	M6. 해산물 쌀국수
20	1084	36	14,500원
20	1142	36	S / L  S / L 24시간 우려낸 깊고 맑은 닭고기육수와 해산물이 곁들여진 쫄깃한 쌀국수와 향긋한  양파가 어우러진 베트남식 해산물 쌀국수.
20	1208	63	92% (12개)
20	1208	149	ㆍ
20	1208	193	리뷰 (4)
20	1282	36	레드포
20	1336	36	16,500원
20	1394	36	프리미엄 소고기와 양지 차돌에 스파이시포와 매운청양고추의 풍미가 들어있는 매콤한 소고기 쌀국수입니다.
20	1417	121	지금 와우 가입하면 배달비 0원 + 25,000원 쿠폰
20	1434	781	가입하기
20	1472	63	100% (5개)
20	1472	149	ㆍ
20	1472	193	리뷰 (2)
20	1516	0	준비중
20	1546	36	M7. 닭고기 쌀국수
21	0	0	96% (73개)
21	0	0	S / L 24시간 우려낸  허브와 깊고 맑은 소고기육수로 곁들여진 쫄깃한 쌀국수와 신선한 생고기로 토핑한 향긋한  양파가 어우러진 베트남식 정통 쌀국수.
21	0	0	ㆍ
21	0	0	리뷰 (12)
21	0	381	오픈 준비 중
21	66	155	포메인 서초점 내 메뉴를 찾아보세요
21	146	36	콤비네이션 포
21	154	78	Rice Menu
21	154	246	Fried Noodle
21	154	444	Noodle Soup
21	154	644	Wrap
21	154	759	Soft Drink
21	182	51	1 / 5
21	200	36	16,000원
21	248	363	포메인 서초점
21	258	36	생고기,힘줄,양지차돌 다양한 부위를 한그릇에 담아낸 풍성한 콤비쌀국수
21	298	404	4.7(1,703)
21	344	36	텐돈포
21	398	36	17,000원
21	456	36	도가니보다 더 든든한 힘줄을 라임솔트에 찍어먹는 이국적인 쌀국수
21	542	36	M6. 해산물 쌀국수
21	596	36	14,500원
21	654	36	S / L  S / L 24시간 우려낸 깊고 맑은 닭고기육수와 해산물이 곁들여진 쫄깃한 쌀국수와 향긋한  양파가 어우러진 베트남식 해산물 쌀국수.
21	720	63	92% (12개)
21	720	149	ㆍ
21	720	193	리뷰 (4)
21	794	36	레드포
21	848	36	16,500원
21	906	36	프리미엄 소고기와 양지 차돌에 스파이시포와 매운청양고추의 풍미가 들어있는 매콤한 소고기 쌀국수입니다.
21	984	63	100% (5개)
21	984	149	ㆍ
21	984	193	리뷰 (2)
21	1058	36	M7. 닭고기 쌀국수
21	1112	36	13,000원
21	1170	36	S / L  S / L 24시간 우려낸 깊고 맑은 닭고기육수와 닭고기로 곁들여진 쫄깃한 쌀국수와 향긋한  양파가 어우러진 베트남식 닭 쌀국수.
21	1236	63	100% (6개)
21	1236	149	ㆍ
21	1236	193	리뷰 (2)
21	1310	36	M4. 매운 해산물 쌀국수
21	1364	36	15,500원
21	1417	121	지금 와우 가입하면 배달비 0원 + 25,000원 쿠폰
21	1422	36	S / L 24시간 우려낸 깊고 맑은 닭고기육수와 해산물이 곁들여진 쫄깃한 쌀국수와 향긋한  양파가 어우러진 메꼼한 베트남식 해산물 쌀국수.
21	1434	781	가입하기
21	1488	63	94% (18개)
21	1488	149	ㆍ
21	1488	193	리뷰 (8)
21	1516	0	준비중
21	1562	36	M3. 프리미엄 소고기 쌀국수
22	0	0	97% (664개)
22	0	0	M1. 포메인 쌀국수
22	0	0	S / L 24시간 우려낸 깊고 맑은 소고기 육수 쫄깃한 쌀국수와 부드러운 소고기 슬라이스, 향긋한  양파와 파가 어우러진 정통 베트남식 쌀국수. 입안 가득 퍼지는 담백하고 진한 국물의 감동을 경험하세요!
22	0	0	ㆍ
22	0	0	리뷰 (223)
22	0	381	오픈 준비 중
22	56	36	M6. 해산물 쌀국수
22	66	155	포메인 서초점 내 메뉴를 찾아보세요
22	132	36	14,500원
22	154	78	Rice Menu
22	154	246	Fried Noodle
22	154	444	Noodle Soup
22	154	644	Wrap
22	154	759	Soft Drink
22	168	36	S / L  S / L 24시간 우려낸 깊고 맑은 닭고기육수와 해산물이 곁들여진 쫄깃한 쌀국수와 향긋한  양파가 어우러진 베트남식 해산물 쌀국수.
22	182	51	1 / 5
22	234	63	92% (12개)
22	234	149	ㆍ
22	234	193	리뷰 (4)
22	248	363	포메인 서초점
22	298	404	4.7(1,703)
22	308	36	레드포
22	362	36	16,500원
22	420	36	프리미엄 소고기와 양지 차돌에 스파이시포와 매운청양고추의 풍미가 들어있는 매콤한 소고기 쌀국수입니다.
22	498	63	100% (5개)
22	498	149	ㆍ
22	498	193	리뷰 (2)
22	572	36	M7. 닭고기 쌀국수
22	626	36	13,000원
22	684	36	S / L  S / L 24시간 우려낸 깊고 맑은 닭고기육수와 닭고기로 곁들여진 쫄깃한 쌀국수와 향긋한  양파가 어우러진 베트남식 닭 쌀국수.
22	750	63	100% (6개)
22	750	149	ㆍ
22	750	193	리뷰 (2)
22	824	36	M4. 매운 해산물 쌀국수
22	878	36	15,500원
22	936	36	S / L 24시간 우려낸 깊고 맑은 닭고기육수와 해산물이 곁들여진 쫄깃한 쌀국수와 향긋한  양파가 어우러진 메꼼한 베트남식 해산물 쌀국수.
22	1002	63	94% (18개)
22	1002	149	ㆍ
22	1002	193	리뷰 (8)
22	1076	36	M3. 프리미엄 소고기 쌀국수
22	1130	36	17,500원
22	1188	36	S / L 24시간 우려낸  허브와 깊고 맑은 소고기육수로 곁들여진 쫄깃한 쌀국수와 신선한 생고기로 토핑한 향긋한  양파가 어우러진 베트남식 정통 쌀국수.
22	1260	63	96% (73개)
22	1260	149	ㆍ
22	1260	193	리뷰 (12)
22	1334	36	M2. 스파이시 포
22	1388	36	14,000원
22	1417	121	지금 와우 가입하면 배달비 0원 + 25,000원 쿠폰
22	1434	781	가입하기
22	1446	36	S / L S / L 24시간 우려낸 깊고 맑은 소고기 육수 쫄깃한 쌀국수와 부드러운 소고기 슬라이스, 향긋한  양파와 파와 매운 스파이시가 어우러진 정통 베트남식 쌀국수.
22	1512	63	96% (46개)
22	1512	149	ㆍ
22	1512	193	리뷰 (27)
22	1516	0	준비중
22	1587	45	주문많음
22	1587	133	리뷰최고
23	0	0	100% (45개)
23	0	0	Small(1~2인) / Large(3~4인)  신선함을 싸먹는 건강한 즐거움! 탱글한 새우, 달콤한 파인애플, 아삭한 제철 채소를 라이스페이퍼에 쏙쏙 싸먹는 월남쌈 세트. 취향껏 골라 싸 먹는 재미와 담백한 맛까지! 돼지고기 닭고기 선택 가능
23	0	0	ㆍ
23	0	0	리뷰 (14)
23	0	381	오픈 준비 중
23	66	155	포메인 서초점 내 메뉴를 찾아보세요
23	86	36	M7. 닭고기 쌀국수
23	140	36	13,000원
23	154	78	Rice Menu
23	154	246	Fried Noodle
23	154	444	Noodle Soup
23	154	644	Wrap
23	154	759	Soft Drink
23	182	51	1 / 5
23	198	36	S / L  S / L 24시간 우려낸 깊고 맑은 닭고기육수와 닭고기로 곁들여진 쫄깃한 쌀국수와 향긋한  양파가 어우러진 베트남식 닭 쌀국수.
23	248	363	포메인 서초점
23	264	63	100% (6개)
23	264	149	ㆍ
23	264	193	리뷰 (2)
23	298	404	4.7(1,703)
23	338	36	M4. 매운 해산물 쌀국수
23	392	36	15,500원
23	450	36	S / L 24시간 우려낸 깊고 맑은 닭고기육수와 해산물이 곁들여진 쫄깃한 쌀국수와 향긋한  양파가 어우러진 메꼼한 베트남식 해산물 쌀국수.
23	516	63	94% (18개)
23	516	149	ㆍ
23	516	193	리뷰 (8)
23	590	36	M3. 프리미엄 소고기 쌀국수
23	644	36	17,500원
23	702	36	S / L 24시간 우려낸  허브와 깊고 맑은 소고기육수로 곁들여진 쫄깃한 쌀국수와 신선한 생고기로 토핑한 향긋한  양파가 어우러진 베트남식 정통 쌀국수.
23	774	63	96% (73개)
23	774	149	ㆍ
23	774	193	리뷰 (12)
23	848	36	M2. 스파이시 포
23	902	36	14,000원
23	960	36	S / L S / L 24시간 우려낸 깊고 맑은 소고기 육수 쫄깃한 쌀국수와 부드러운 소고기 슬라이스, 향긋한  양파와 파와 매운 스파이시가 어우러진 정통 베트남식 쌀국수.
23	1026	63	96% (46개)
23	1026	149	ㆍ
23	1026	193	리뷰 (27)
23	1101	45	주문많음
23	1101	133	리뷰최고
23	1127	36	M1. 포메인 쌀국수
23	1181	36	13,000원
23	1239	36	S / L 24시간 우려낸 깊고 맑은 소고기 육수 쫄깃한 쌀국수와 부드러운 소고기 슬라이스, 향긋한  양파와 파가 어우러진 정통 베트남식 쌀국수. 입안 가득 퍼지는 담백하고 진한 국물의 감동을 경험하세요!
23	1311	63	97% (664개)
23	1311	159	ㆍ
23	1311	203	리뷰 (223)
23	1415	42	Wrap
23	1417	121	지금 와우 가입하면 배달비 0원 + 25,000원 쿠폰
23	1434	781	가입하기
23	1494	36	H1. 포메인 쌈 (월남쌈)
23	1516	0	준비중
23	1548	36	43,000원
24	0	381	오픈 준비 중
24	66	155	포메인 서초점 내 메뉴를 찾아보세요
24	96	36	M3. 프리미엄 소고기 쌀국수
24	150	36	17,500원
24	154	78	Rice Menu
24	154	246	Fried Noodle
24	154	444	Noodle Soup
24	154	644	Wrap
24	154	759	Soft Drink
24	182	51	1 / 5
24	208	36	S / L 24시간 우려낸  허브와 깊고 맑은 소고기육수로 곁들여진 쫄깃한 쌀국수와 신선한 생고기로 토핑한 향긋한  양파가 어우러진 베트남식 정통 쌀국수.
24	248	363	포메인 서초점
24	280	63	96% (73개)
24	280	149	ㆍ
24	280	193	리뷰 (12)
24	298	404	4.7(1,703)
24	354	36	M2. 스파이시 포
24	408	36	14,000원
24	466	36	S / L S / L 24시간 우려낸 깊고 맑은 소고기 육수 쫄깃한 쌀국수와 부드러운 소고기 슬라이스, 향긋한  양파와 파와 매운 스파이시가 어우러진 정통 베트남식 쌀국수.
24	532	63	96% (46개)
24	532	149	ㆍ
24	532	193	리뷰 (27)
24	607	45	주문많음
24	607	133	리뷰최고
24	633	36	M1. 포메인 쌀국수
24	687	36	13,000원
24	745	36	S / L 24시간 우려낸 깊고 맑은 소고기 육수 쫄깃한 쌀국수와 부드러운 소고기 슬라이스, 향긋한  양파와 파가 어우러진 정통 베트남식 쌀국수. 입안 가득 퍼지는 담백하고 진한 국물의 감동을 경험하세요!
24	817	63	97% (664개)
24	817	159	ㆍ
24	817	203	리뷰 (223)
24	921	42	Wrap
24	1000	36	H1. 포메인 쌈 (월남쌈)
24	1054	36	43,000원
24	1112	36	Small(1~2인) / Large(3~4인)  신선함을 싸먹는 건강한 즐거움! 탱글한 새우, 달콤한 파인애플, 아삭한 제철 채소를 라이스페이퍼에 쏙쏙 싸먹는 월남쌈 세트. 취향껏 골라 싸 먹는 재미와 담백한 맛까지! 돼지고기 닭고기 선택 가능
24	1184	63	100% (45개)
24	1184	159	ㆍ
24	1184	203	리뷰 (14)
24	1258	36	H2. 포메인 쌈(월남쌈)&쌀국수 세트 (2인)
24	1312	36	58,000원
24	1370	36	포메인 쌈+포메인 미니 쌀국수 2개
24	1417	121	지금 와우 가입하면 배달비 0원 + 25,000원 쿠폰
24	1434	781	가입하기
24	1442	63	100% (17개)
24	1442	159	ㆍ
24	1442	203	리뷰 (5)
24	1516	0	준비중
24	1546	42	Soft Drink
25	0	381	오픈 준비 중
25	66	155	포메인 서초점 내 메뉴를 찾아보세요
25	121	45	주문많음
25	121	133	리뷰최고
25	147	36	M1. 포메인 쌀국수
25	154	78	Rice Menu
25	154	246	Fried Noodle
25	154	444	Noodle Soup
25	154	644	Wrap
25	154	759	Soft Drink
25	182	51	1 / 5
25	201	36	13,000원
25	248	363	포메인 서초점
25	259	36	S / L 24시간 우려낸 깊고 맑은 소고기 육수 쫄깃한 쌀국수와 부드러운 소고기 슬라이스, 향긋한  양파와 파가 어우러진 정통 베트남식 쌀국수. 입안 가득 퍼지는 담백하고 진한 국물의 감동을 경험하세요!
25	298	404	4.7(1,703)
25	331	63	97% (664개)
25	331	159	ㆍ
25	331	203	리뷰 (223)
25	435	42	Wrap
25	514	36	H1. 포메인 쌈 (월남쌈)
25	568	36	43,000원
25	626	36	Small(1~2인) / Large(3~4인)  신선함을 싸먹는 건강한 즐거움! 탱글한 새우, 달콤한 파인애플, 아삭한 제철 채소를 라이스페이퍼에 쏙쏙 싸먹는 월남쌈 세트. 취향껏 골라 싸 먹는 재미와 담백한 맛까지! 돼지고기 닭고기 선택 가능
25	698	63	100% (45개)
25	698	159	ㆍ
25	698	203	리뷰 (14)
25	772	36	H2. 포메인 쌈(월남쌈)&쌀국수 세트 (2인)
25	826	36	58,000원
25	884	36	포메인 쌈+포메인 미니 쌀국수 2개
25	956	63	100% (17개)
25	956	159	ㆍ
25	956	203	리뷰 (5)
25	1060	42	Soft Drink
25	1139	36	코카콜라
25	1193	36	3,000원
25	1251	36	355ml
25	1293	63	100% (9개)
25	1293	149	ㆍ
25	1293	193	리뷰 (3)
25	1367	36	스프라이트
25	1417	121	지금 와우 가입하면 배달비 0원 + 25,000원 쿠폰
25	1421	36	3,000원
25	1434	781	가입하기
25	1479	36	355ml
25	1516	0	준비중
25	1521	63	100% (3개)
25	1521	149	ㆍ
25	1521	193	리뷰 (7)
26	0	381	오픈 준비 중
26	66	155	포메인 서초점 내 메뉴를 찾아보세요
26	148	42	Wrap
26	154	78	Rice Menu
26	154	246	Fried Noodle
26	154	444	Noodle Soup
26	154	642	Wrap
26	154	759	Soft Drink
26	182	51	1 / 5
26	227	36	H1. 포메인 쌈 (월남쌈)
26	248	363	포메인 서초점
26	281	36	43,000원
26	298	404	4.7(1,703)
26	339	36	Small(1~2인) / Large(3~4인)  신선함을 싸먹는 건강한 즐거움! 탱글한 새우, 달콤한 파인애플, 아삭한 제철 채소를 라이스페이퍼에 쏙쏙 싸먹는 월남쌈 세트. 취향껏 골라 싸 먹는 재미와 담백한 맛까지! 돼지고기 닭고기 선택 가능
26	411	63	100% (45개)
26	411	159	ㆍ
26	411	203	리뷰 (14)
26	485	36	H2. 포메인 쌈(월남쌈)&쌀국수 세트 (2인)
26	539	36	58,000원
26	597	36	포메인 쌈+포메인 미니 쌀국수 2개
26	669	63	100% (17개)
26	669	159	ㆍ
26	669	203	리뷰 (5)
26	773	42	Soft Drink
26	852	36	코카콜라
26	906	36	3,000원
26	964	36	355ml
26	1006	63	100% (9개)
26	1006	149	ㆍ
26	1006	193	리뷰 (3)
26	1080	36	스프라이트
26	1134	36	3,000원
26	1192	36	355ml
26	1234	63	100% (3개)
26	1234	149	ㆍ
26	1234	193	리뷰 (7)
26	1320	36	비슷한 아시안 맛집 추천해요
26	1326	810	광고
26	1384	560	강남쌀국수 신논현점
26	1396	171	호앙비엣 강남점
26	1417	121	지금 와우 가입하면 배달비 0원 + 25,000원 쿠폰
26	1419	609	(2,367)ㆍ
26	1420	584	4.9
26	1420	682	0.8km
26	1431	220	(140)ㆍ
26	1432	195	4.9
26	1432	279	0.3km
26	1434	781	가입하기
26	1456	587	1,000원 쿠폰
26	1464	171	배달비 0원
26	1485	560	배달비 0원
26	1516	0	준비중
