0	0	0	100% (13개)
0	0	0	ㆍ
0	0	0	다양한 채소가 들어간 샐러드 베이스 (비건 메뉴)
0	0	0	리뷰 (9)
0	256	381	오픈 준비 중
0	446	51	1 / 6
0	512	251	샐러디 샐러드&샌드위치 강남점
0	562	412	5.0(557)
0	679	674	매장∙원산지정보
0	690	69	준비중
0	751	36	최소주문
0	751	153	12,000원
0	806	36	일반회원
0	807	153	0-2,900원 0원
0	808	294	자세히
0	848	36	와우회원
0	848	153	와우회원은 매 주문 배달비 0원
0	920	127	지금 와우 가입하면 배달비 0원 + 25,000원 쿠폰
0	937	766	가입하기
0	1028	54	1,000원 즉시할인 자동 적용
0	1118	168	신메뉴가 너무 좋네요!
0	1118	606	겁나 맛있어요!!! 양도 많아요
0	1287	114	검색한 메뉴
0	1287	290	&#128293; 인기메뉴
0	1287	474	리뷰 이벤트
0	1287	650	[우창윤 픽] 신메뉴
0	1388	42	검색한 메뉴
0	1434	36	salady 검색 결과
0	1508	36	채소볼
0	1516	0	준비중
0	1562	36	5,200원
1	0	381	오픈 준비 중
1	66	155	샐러디 샐러드&샌드위치 강남점 내 메뉴를 찾아보세요
1	150	674	매장∙원산지정보
1	161	69	준비중
1	182	51	1 / 6
1	222	36	최소주문
1	222	153	12,000원
1	248	251	샐러디 샐러드&샌드위치 강남점
1	277	36	일반회원
1	278	153	0-2,900원 0원
1	279	294	자세히
1	298	412	5.0(557)
1	319	36	와우회원
1	319	153	와우회원은 매 주문 배달비 0원
1	391	127	지금 와우 가입하면 배달비 0원 + 25,000원 쿠폰
1	408	766	가입하기
1	499	54	1,000원 즉시할인 자동 적용
1	589	168	신메뉴가 너무 좋네요!
1	589	606	겁나 맛있어요!!! 양도 많아요
1	758	114	검색한 메뉴
1	758	290	&#128293; 인기메뉴
1	758	474	리뷰 이벤트
1	758	650	[우창윤 픽] 신메뉴
1	859	42	검색한 메뉴
1	905	36	salady 검색 결과
1	979	36	채소볼
1	1033	36	5,200원
1	1091	36	다양한 채소가 들어간 샐러드 베이스 (비건 메뉴)
1	1139	63	100% (13개)
1	1139	159	ㆍ
1	1139	203	리뷰 (9)
1	1213	36	[우창윤 픽] 포만 호르몬 에그 샐러디
1	1267	36	13,700원
1	1325	36	에그, 엑스트라버진 올리브오일, 쉬림프, 견과류, 당근라페, 올리브에 저당 레몬허브 드레싱을 더해 칼로리는 낮게, 포만감은 오래가는 샐러드 (추천 드레싱: 저당 레몬허브) (추천 드레싱을 일반 드레싱으로 변경 시 저당X)
1	1403	63	100% (1개)
1	1403	149	ㆍ
1	1403	193	리뷰 (1)
1	1477	36	[우창윤 픽] 포만 호르몬 에그 샐러디 세트
1	1516	0	준비중
1	1531	36	16,600원
1	1589	36	[우창윤 픽] 천연 포만감 에그 샐러디 + 카사바칩 + 코크제로 에그, 엑스트라버진 올리브오일, 쉬림프, 견과류, 당근라페, 올리브 (추천 드레싱: 저당 레몬허브) (추천 드레싱을 일반 드레싱으로 변경 시 저당X)
2	0	381	오픈 준비 중
2	66	155	샐러디 샐러드&샌드위치 강남점 내 메뉴를 찾아보세요
2	182	51	1 / 6
2	248	251	샐러디 샐러드&샌드위치 강남점
2	264	114	검색한 메뉴
2	264	290	&#128293; 인기메뉴
2	264	474	리뷰 이벤트
2	264	650	[우창윤 픽] 신메뉴
2	298	412	5.0(557)
2	365	42	검색한 메뉴
2	411	36	salady 검색 결과
2	485	36	채소볼
2	539	36	5,200원
2	597	36	다양한 채소가 들어간 샐러드 베이스 (비건 메뉴)
2	645	63	100% (13개)
2	645	159	ㆍ
2	645	203	리뷰 (9)
2	719	36	[우창윤 픽] 포만 호르몬 에그 샐러디
2	773	36	13,700원
2	831	36	에그, 엑스트라버진 올리브오일, 쉬림프, 견과류, 당근라페, 올리브에 저당 레몬허브 드레싱을 더해 칼로리는 낮게, 포만감은 오래가는 샐러드 (추천 드레싱: 저당 레몬허브) (추천 드레싱을 일반 드레싱으로 변경 시 저당X)
2	909	63	100% (1개)
2	909	149	ㆍ
2	909	193	리뷰 (1)
2	983	36	[우창윤 픽] 포만 호르몬 에그 샐러디 세트
2	1037	36	16,600원
2	1095	36	[우창윤 픽] 천연 포만감 에그 샐러디 + 카사바칩 + 코크제로 에그, 엑스트라버진 올리브오일, 쉬림프, 견과류, 당근라페, 올리브 (추천 드레싱: 저당 레몬허브) (추천 드레싱을 일반 드레싱으로 변경 시 저당X)
2	1233	42	인기메뉴
2	1311	88	1위
2	1311	304	2위
2	1311	520	3위
2	1311	708	4위
2	1417	121	지금 와우 가입하면 배달비 0원 + 25,000원 쿠폰
2	1434	781	가입하기
2	1510	36	[인기1등] 로스트닭다리살 샐러드
2	1510	252	멕시칸 랩
2	1510	468	우삼겹메밀면 누들볼
2	1510	684	[식단추천] 탄단지 샐러드
2	1516	0	준비중
2	1551	252	8,300원
2	1551	468	10,700원
2	1586	36	11,400원
2	1586	684	9,900원
3	0	36	채소볼
3	0	381	오픈 준비 중
3	66	155	샐러디 샐러드&샌드위치 강남점 내 메뉴를 찾아보세요
3	99	36	다양한 채소가 들어간 샐러드 베이스 (비건 메뉴)
3	147	63	100% (13개)
3	147	159	ㆍ
3	147	203	리뷰 (9)
3	151	114	검색한 메뉴
3	151	290	&#128293; 인기메뉴
3	151	474	리뷰 이벤트
3	151	650	[우창윤 픽] 신메뉴
3	182	51	1 / 6
3	221	36	[우창윤 픽] 포만 호르몬 에그 샐러디
3	248	251	샐러디 샐러드&샌드위치 강남점
3	275	36	13,700원
3	298	412	5.0(557)
3	333	36	에그, 엑스트라버진 올리브오일, 쉬림프, 견과류, 당근라페, 올리브에 저당 레몬허브 드레싱을 더해 칼로리는 낮게, 포만감은 오래가는 샐러드 (추천 드레싱: 저당 레몬허브) (추천 드레싱을 일반 드레싱으로 변경 시 저당X)
3	411	63	100% (1개)
3	411	149	ㆍ
3	411	193	리뷰 (1)
3	485	36	[우창윤 픽] 포만 호르몬 에그 샐러디 세트
3	539	36	16,600원
3	597	36	[우창윤 픽] 천연 포만감 에그 샐러디 + 카사바칩 + 코크제로 에그, 엑스트라버진 올리브오일, 쉬림프, 견과류, 당근라페, 올리브 (추천 드레싱: 저당 레몬허브) (추천 드레싱을 일반 드레싱으로 변경 시 저당X)
3	735	42	인기메뉴
3	813	88	1위
3	813	304	2위
3	813	520	3위
3	813	708	4위
3	1012	36	[인기1등] 로스트닭다리살 샐러드
3	1012	252	멕시칸 랩
3	1012	468	우삼겹메밀면 누들볼
3	1012	684	[식단추천] 탄단지 샐러드
3	1053	252	8,300원
3	1053	468	10,700원
3	1088	36	11,400원
3	1088	684	9,900원
3	1206	42	리뷰 이벤트
3	1252	36	리뷰이벤트 혜택은 주문당 1개만 제공됩니다.
3	1335	36	찜+리뷰 이벤트
3	1383	36	100원
3	1417	121	지금 와우 가입하면 배달비 0원 + 25,000원 쿠폰
3	1434	781	가입하기
3	1441	36	주문당 1개만 선택 가능. 샌드위치는 토핑선택 불가, 음료만 선택가능
3	1489	63	리뷰 (44)
3	1516	0	준비중
3	1593	42	[우창윤 픽] 신메뉴
4	0	0	100% (1개)
4	0	0	에그, 엑스트라버진 올리브오일에 산뜻한 당근라페와 감칠맛있는 케이준스파이스를 더해 가벼우면서 든든한 사이드 샐러드 메뉴
4	0	36	[우창윤 픽] 포만 호르몬 에그 샐러디 세트
4	0	381	오픈 준비 중
4	66	155	샐러디 샐러드&샌드위치 강남점 내 메뉴를 찾아보세요
4	108	36	[우창윤 픽] 천연 포만감 에그 샐러디 + 카사바칩 + 코크제로 에그, 엑스트라버진 올리브오일, 쉬림프, 견과류, 당근라페, 올리브 (추천 드레싱: 저당 레몬허브) (추천 드레싱을 일반 드레싱으로 변경 시 저당X)
4	151	114	검색한 메뉴
4	151	290	&#128293; 인기메뉴
4	151	474	리뷰 이벤트
4	151	650	[우창윤 픽] 신메뉴
4	182	51	1 / 6
4	246	42	인기메뉴
4	248	251	샐러디 샐러드&샌드위치 강남점
4	298	412	5.0(557)
4	324	88	1위
4	324	304	2위
4	324	520	3위
4	324	708	4위
4	523	36	[인기1등] 로스트닭다리살 샐러드
4	523	252	멕시칸 랩
4	523	468	우삼겹메밀면 누들볼
4	523	684	[식단추천] 탄단지 샐러드
4	564	252	8,300원
4	564	468	10,700원
4	599	36	11,400원
4	599	684	9,900원
4	717	42	리뷰 이벤트
4	763	36	리뷰이벤트 혜택은 주문당 1개만 제공됩니다.
4	846	36	찜+리뷰 이벤트
4	894	36	100원
4	952	36	주문당 1개만 선택 가능. 샌드위치는 토핑선택 불가, 음료만 선택가능
4	1000	63	리뷰 (44)
4	1104	42	[우창윤 픽] 신메뉴
4	1150	36	우창윤 원장이 설계한 포만감 든든 샐러드
4	1224	36	[우창윤 픽] 포만 호르몬 에그 샐러디
4	1278	36	13,700원
4	1336	36	에그, 엑스트라버진 올리브오일, 쉬림프, 견과류, 당근라페, 올리브에 저당 레몬허브 드레싱을 더해 칼로리는 낮게, 포만감은 오래가는 샐러드 (추천 드레싱: 저당 레몬허브) (추천 드레싱을 일반 드레싱으로 변경 시 저당X)
4	1414	63	100% (1개)
4	1414	149	ㆍ
4	1414	193	리뷰 (1)
4	1417	121	지금 와우 가입하면 배달비 0원 + 25,000원 쿠폰
4	1434	781	가입하기
4	1488	36	[우창윤 픽] 포만 호르몬 에그
4	1516	0	준비중
4	1542	36	4,100원
5	0	381	오픈 준비 중
5	66	155	샐러디 샐러드&샌드위치 강남점 내 메뉴를 찾아보세요
5	132	36	11,400원
5	132	684	9,900원
5	151	114	&#128293; 인기메뉴
5	151	298	리뷰 이벤트
5	151	474	[우창윤 픽] 신메뉴
5	151	712	여름 신메뉴
5	182	51	1 / 6
5	230	42	리뷰 이벤트
5	248	251	샐러디 샐러드&샌드위치 강남점
5	276	36	리뷰이벤트 혜택은 주문당 1개만 제공됩니다.
5	298	412	5.0(557)
5	359	36	찜+리뷰 이벤트
5	407	36	100원
5	465	36	주문당 1개만 선택 가능. 샌드위치는 토핑선택 불가, 음료만 선택가능
5	513	63	리뷰 (44)
5	617	42	[우창윤 픽] 신메뉴
5	663	36	우창윤 원장이 설계한 포만감 든든 샐러드
5	737	36	[우창윤 픽] 포만 호르몬 에그 샐러디
5	791	36	13,700원
5	849	36	에그, 엑스트라버진 올리브오일, 쉬림프, 견과류, 당근라페, 올리브에 저당 레몬허브 드레싱을 더해 칼로리는 낮게, 포만감은 오래가는 샐러드 (추천 드레싱: 저당 레몬허브) (추천 드레싱을 일반 드레싱으로 변경 시 저당X)
5	927	63	100% (1개)
5	927	149	ㆍ
5	927	193	리뷰 (1)
5	1001	36	[우창윤 픽] 포만 호르몬 에그
5	1055	36	4,100원
5	1113	36	에그, 엑스트라버진 올리브오일에 산뜻한 당근라페와 감칠맛있는 케이준스파이스를 더해 가벼우면서 든든한 사이드 샐러드 메뉴
5	1191	63	100% (1개)
5	1265	36	[우창윤 픽] 포만 호르몬 에그 샐러디 세트
5	1319	36	16,600원
5	1377	36	[우창윤 픽] 천연 포만감 에그 샐러디 + 카사바칩 + 코크제로 에그, 엑스트라버진 올리브오일, 쉬림프, 견과류, 당근라페, 올리브 (추천 드레싱: 저당 레몬허브) (추천 드레싱을 일반 드레싱으로 변경 시 저당X)
5	1417	121	지금 와우 가입하면 배달비 0원 + 25,000원 쿠폰
5	1434	781	가입하기
5	1515	42	여름 신메뉴
5	1516	0	준비중
5	1561	36	한정 시즌음료
6	0	0	100% (2개)
6	0	0	ㆍ
6	0	0	리뷰 (3)
6	0	0	치즈스크램블 에그에 톡톡 튀는 옥수수와 화이트치즈가 어우러진 모닝 온브레드/스크램블 에그, 옥수수, 슈레드치즈
6	0	381	오픈 준비 중
6	66	155	샐러디 샐러드&샌드위치 강남점 내 메뉴를 찾아보세요
6	132	42	[우창윤 픽] 신메뉴
6	151	114	[우창윤 픽] 신메뉴
6	151	354	여름 신메뉴
6	151	530	샐모닝
6	151	656	올데이 세트
6	151	832	샌드위치
6	178	36	우창윤 원장이 설계한 포만감 든든 샐러드
6	182	51	1 / 6
6	248	251	샐러디 샐러드&샌드위치 강남점
6	252	36	[우창윤 픽] 포만 호르몬 에그 샐러디
6	298	412	5.0(557)
6	306	36	13,700원
6	364	36	에그, 엑스트라버진 올리브오일, 쉬림프, 견과류, 당근라페, 올리브에 저당 레몬허브 드레싱을 더해 칼로리는 낮게, 포만감은 오래가는 샐러드 (추천 드레싱: 저당 레몬허브) (추천 드레싱을 일반 드레싱으로 변경 시 저당X)
6	442	63	100% (1개)
6	442	149	ㆍ
6	442	193	리뷰 (1)
6	516	36	[우창윤 픽] 포만 호르몬 에그
6	570	36	4,100원
6	628	36	에그, 엑스트라버진 올리브오일에 산뜻한 당근라페와 감칠맛있는 케이준스파이스를 더해 가벼우면서 든든한 사이드 샐러드 메뉴
6	706	63	100% (1개)
6	780	36	[우창윤 픽] 포만 호르몬 에그 샐러디 세트
6	834	36	16,600원
6	892	36	[우창윤 픽] 천연 포만감 에그 샐러디 + 카사바칩 + 코크제로 에그, 엑스트라버진 올리브오일, 쉬림프, 견과류, 당근라페, 올리브 (추천 드레싱: 저당 레몬허브) (추천 드레싱을 일반 드레싱으로 변경 시 저당X)
6	1030	42	여름 신메뉴
6	1076	36	한정 시즌음료
6	1150	36	[고창] 리얼 수박 주스
6	1204	36	5,200원
6	1262	36	전북 고창의 제철 수박을 원물 그대로 착즙한 리얼 수박 주스로 더 건강하게 즐기는 샐러디의 여름 한정 시즌 음료 메뉴
6	1400	42	샐모닝
6	1417	121	지금 와우 가입하면 배달비 0원 + 25,000원 쿠폰
6	1434	781	가입하기
6	1446	36	매일 아침을 든든하게, 샐러디 모닝세트
6	1516	0	준비중
6	1520	36	[아침추천] 치즈스크램블 온브레드
6	1574	36	4,500원
7	0	381	오픈 준비 중
7	29	36	[우창윤 픽] 포만 호르몬 에그
7	66	155	샐러디 샐러드&샌드위치 강남점 내 메뉴를 찾아보세요
7	141	36	에그, 엑스트라버진 올리브오일에 산뜻한 당근라페와 감칠맛있는 케이준스파이스를 더해 가벼우면서 든든한 사이드 샐러드 메뉴
7	151	114	[우창윤 픽] 신메뉴
7	151	354	여름 신메뉴
7	151	530	샐모닝
7	151	656	올데이 세트
7	151	832	샌드위치
7	182	51	1 / 6
7	219	63	100% (1개)
7	248	251	샐러디 샐러드&샌드위치 강남점
7	293	36	[우창윤 픽] 포만 호르몬 에그 샐러디 세트
7	298	412	5.0(557)
7	347	36	16,600원
7	405	36	[우창윤 픽] 천연 포만감 에그 샐러디 + 카사바칩 + 코크제로 에그, 엑스트라버진 올리브오일, 쉬림프, 견과류, 당근라페, 올리브 (추천 드레싱: 저당 레몬허브) (추천 드레싱을 일반 드레싱으로 변경 시 저당X)
7	543	42	여름 신메뉴
7	589	36	한정 시즌음료
7	663	36	[고창] 리얼 수박 주스
7	717	36	5,200원
7	775	36	전북 고창의 제철 수박을 원물 그대로 착즙한 리얼 수박 주스로 더 건강하게 즐기는 샐러디의 여름 한정 시즌 음료 메뉴
7	913	42	샐모닝
7	959	36	매일 아침을 든든하게, 샐러디 모닝세트
7	1033	36	[아침추천] 치즈스크램블 온브레드
7	1087	36	4,500원
7	1145	36	치즈스크램블 에그에 톡톡 튀는 옥수수와 화이트치즈가 어우러진 모닝 온브레드/스크램블 에그, 옥수수, 슈레드치즈
7	1223	63	100% (2개)
7	1223	149	ㆍ
7	1223	193	리뷰 (3)
7	1297	36	베이컨스크램블 온브레드
7	1351	36	5,600원
7	1409	36	고소한 베이컨과 치즈스크램블, 화이트치즈가 만나 풍미 가득한 모닝 온브레드/ 스크램블 에그, 베이컨, 옥수수, 슈레드치즈
7	1417	121	지금 와우 가입하면 배달비 0원 + 25,000원 쿠폰
7	1434	781	가입하기
7	1487	63	100% (1개)
7	1516	0	준비중
7	1591	42	올데이 세트
8	0	381	오픈 준비 중
8	66	155	샐러디 샐러드&샌드위치 강남점 내 메뉴를 찾아보세요
8	132	36	한정 시즌음료
8	151	114	여름 신메뉴
8	151	290	샐모닝
8	151	416	올데이 세트
8	151	592	샌드위치
8	151	740	샐러드
8	151	866	누들볼
8	178	36	[고창] 리얼 수박 주스
8	182	51	1 / 6
8	232	36	5,200원
8	248	251	샐러디 샐러드&샌드위치 강남점
8	290	36	전북 고창의 제철 수박을 원물 그대로 착즙한 리얼 수박 주스로 더 건강하게 즐기는 샐러디의 여름 한정 시즌 음료 메뉴
8	298	412	5.0(557)
8	428	42	샐모닝
8	474	36	매일 아침을 든든하게, 샐러디 모닝세트
8	548	36	[아침추천] 치즈스크램블 온브레드
8	602	36	4,500원
8	660	36	치즈스크램블 에그에 톡톡 튀는 옥수수와 화이트치즈가 어우러진 모닝 온브레드/스크램블 에그, 옥수수, 슈레드치즈
8	738	63	100% (2개)
8	738	149	ㆍ
8	738	193	리뷰 (3)
8	812	36	베이컨스크램블 온브레드
8	866	36	5,600원
8	924	36	고소한 베이컨과 치즈스크램블, 화이트치즈가 만나 풍미 가득한 모닝 온브레드/ 스크램블 에그, 베이컨, 옥수수, 슈레드치즈
8	1002	63	100% (1개)
8	1106	42	올데이 세트
8	1152	36	메인메뉴+카사바칩+음료 세트
8	1226	36	비프에그마요 샌드위치 세트
8	1280	36	11,600원
8	1338	36	비프에그마요 샌드위치 + 카사바칩 + 코크제로/우삼겹, 슈레드치즈, 에그마요, 옥수수, 당근라페, 화이트치즈 (포함 드레싱: 허니머스타드)
8	1417	121	지금 와우 가입하면 배달비 0원 + 25,000원 쿠폰
8	1434	781	가입하기
8	1446	36	클래식 치킨 샌드위치 세트
8	1500	36	9,700원
8	1516	0	준비중
8	1558	36	클래식 치킨 샌드위치 + 카사바칩 + 코크제로/닭가슴살, 크랜베리, 토마토, 화이트치즈, 채소믹스 (포함 드레싱 : 시저)
9	0	0	바질연어 샌드위치 + 카사바칩 + 코크제로/그라브락스 연어, 채소믹스, 당근라페, 스윗포테이토, 옥수수, 화이트치즈 (포함 드레싱: 바질페스토)
9	0	0	바질연어 샌드위치 세트
9	0	381	오픈 준비 중
9	51	36	[아침추천] 치즈스크램블 온브레드
9	66	155	샐러디 샐러드&샌드위치 강남점 내 메뉴를 찾아보세요
9	132	36	4,500원
9	151	114	샐모닝
9	151	240	올데이 세트
9	151	416	샌드위치
9	151	564	샐러드
9	151	690	누들볼
9	151	816	포케
9	163	36	치즈스크램블 에그에 톡톡 튀는 옥수수와 화이트치즈가 어우러진 모닝 온브레드/스크램블 에그, 옥수수, 슈레드치즈
9	182	51	1 / 6
9	241	63	100% (2개)
9	241	149	ㆍ
9	241	193	리뷰 (3)
9	248	251	샐러디 샐러드&샌드위치 강남점
9	298	412	5.0(557)
9	315	36	베이컨스크램블 온브레드
9	369	36	5,600원
9	427	36	고소한 베이컨과 치즈스크램블, 화이트치즈가 만나 풍미 가득한 모닝 온브레드/ 스크램블 에그, 베이컨, 옥수수, 슈레드치즈
9	505	63	100% (1개)
9	609	42	올데이 세트
9	655	36	메인메뉴+카사바칩+음료 세트
9	729	36	비프에그마요 샌드위치 세트
9	783	36	11,600원
9	841	36	비프에그마요 샌드위치 + 카사바칩 + 코크제로/우삼겹, 슈레드치즈, 에그마요, 옥수수, 당근라페, 화이트치즈 (포함 드레싱: 허니머스타드)
9	949	36	클래식 치킨 샌드위치 세트
9	1003	36	9,700원
9	1061	36	클래식 치킨 샌드위치 + 카사바칩 + 코크제로/닭가슴살, 크랜베리, 토마토, 화이트치즈, 채소믹스 (포함 드레싱 : 시저)
9	1169	36	[잠봉뵈르ST] 잠봉 샌드위치 세트
9	1223	36	12,300원
9	1281	36	잠봉 샌드위치 + 카사바칩 + 코크제로/ 잠봉, 양파, 토마토, 슈레드치즈, 화이트치즈, 채소믹스 (포함 드레싱: 크리미할라피뇨)
9	1389	36	BELT 시저 샌드위치 세트
9	1417	121	지금 와우 가입하면 배달비 0원 + 25,000원 쿠폰
9	1434	781	가입하기
9	1443	36	11,400원
9	1501	36	BELT 시저 샌드위치 + 카사바칩 + 코크제로/베이컨, 에그, 토마토, 슈레드치즈, 화이트치즈, 채소믹스 (포함 드레싱: 시저)
9	1516	0	준비중
10	0	0	스파이시 쉬림프 샌드위치 + 카사바칩 + 코크제로/케이준 쉬림프, 할라피뇨, 토마토, 슈레드치즈, 화이트치즈, 채소믹스 (포함 드레싱: 크리미칠리)
10	0	0	스파이시 쉬림프 샌드위치 세트
10	0	381	오픈 준비 중
10	66	155	샐러디 샐러드&샌드위치 강남점 내 메뉴를 찾아보세요
10	132	42	올데이 세트
10	151	114	올데이 세트
10	151	290	샌드위치
10	151	438	샐러드
10	151	564	누들볼
10	151	690	포케
10	151	794	랩
10	151	876	곡물랩
10	162	36	메인메뉴+카사바칩+음료 세트
10	182	51	1 / 6
10	236	36	비프에그마요 샌드위치 세트
10	248	251	샐러디 샐러드&샌드위치 강남점
10	290	36	11,600원
10	298	412	5.0(557)
10	348	36	비프에그마요 샌드위치 + 카사바칩 + 코크제로/우삼겹, 슈레드치즈, 에그마요, 옥수수, 당근라페, 화이트치즈 (포함 드레싱: 허니머스타드)
10	456	36	클래식 치킨 샌드위치 세트
10	510	36	9,700원
10	568	36	클래식 치킨 샌드위치 + 카사바칩 + 코크제로/닭가슴살, 크랜베리, 토마토, 화이트치즈, 채소믹스 (포함 드레싱 : 시저)
10	676	36	[잠봉뵈르ST] 잠봉 샌드위치 세트
10	730	36	12,300원
10	788	36	잠봉 샌드위치 + 카사바칩 + 코크제로/ 잠봉, 양파, 토마토, 슈레드치즈, 화이트치즈, 채소믹스 (포함 드레싱: 크리미할라피뇨)
10	896	36	BELT 시저 샌드위치 세트
10	950	36	11,400원
10	1008	36	BELT 시저 샌드위치 + 카사바칩 + 코크제로/베이컨, 에그, 토마토, 슈레드치즈, 화이트치즈, 채소믹스 (포함 드레싱: 시저)
10	1116	36	바질연어 샌드위치 세트
10	1170	36	13,100원
10	1228	36	바질연어 샌드위치 + 카사바칩 + 코크제로/그라브락스 연어, 채소믹스, 당근라페, 스윗포테이토, 옥수수, 화이트치즈 (포함 드레싱: 바질페스토)
10	1336	36	[추천메뉴] 불고기 반미 샌드위치 세트
10	1390	36	11,400원
10	1417	121	지금 와우 가입하면 배달비 0원 + 25,000원 쿠폰
10	1434	781	가입하기
10	1448	36	불고기 반미 샌드위치 + 카사바칩 + 코크제로/ 우삼겹, 양파, 적채, 당근라페, 화이트치즈, 채소믹스 (포함 드레싱: 크리미칠리)
10	1516	0	준비중
10	1526	63	리뷰 (1)
11	0	0	랜치 콥 샐러디 + 카사바칩 + 코크제로/잠봉, 닭가슴살, 에그, 옥수수, 올리브, 토마토, 채소믹스 (추천 드레싱 : 저당 랜치) (추천 드레싱을 일반 드레싱으로 변경 시 저당X)
11	0	36	클래식 치킨 샌드위치 세트
11	0	381	오픈 준비 중
11	66	155	샐러디 샐러드&샌드위치 강남점 내 메뉴를 찾아보세요
11	74	36	클래식 치킨 샌드위치 + 카사바칩 + 코크제로/닭가슴살, 크랜베리, 토마토, 화이트치즈, 채소믹스 (포함 드레싱 : 시저)
11	151	114	올데이 세트
11	151	290	샌드위치
11	151	438	샐러드
11	151	564	누들볼
11	151	690	포케
11	151	794	랩
11	151	876	곡물랩
11	182	36	[잠봉뵈르ST] 잠봉 샌드위치 세트
11	182	51	1 / 6
11	236	36	12,300원
11	248	251	샐러디 샐러드&샌드위치 강남점
11	294	36	잠봉 샌드위치 + 카사바칩 + 코크제로/ 잠봉, 양파, 토마토, 슈레드치즈, 화이트치즈, 채소믹스 (포함 드레싱: 크리미할라피뇨)
11	298	412	5.0(557)
11	402	36	BELT 시저 샌드위치 세트
11	456	36	11,400원
11	514	36	BELT 시저 샌드위치 + 카사바칩 + 코크제로/베이컨, 에그, 토마토, 슈레드치즈, 화이트치즈, 채소믹스 (포함 드레싱: 시저)
11	622	36	바질연어 샌드위치 세트
11	676	36	13,100원
11	734	36	바질연어 샌드위치 + 카사바칩 + 코크제로/그라브락스 연어, 채소믹스, 당근라페, 스윗포테이토, 옥수수, 화이트치즈 (포함 드레싱: 바질페스토)
11	842	36	[추천메뉴] 불고기 반미 샌드위치 세트
11	896	36	11,400원
11	954	36	불고기 반미 샌드위치 + 카사바칩 + 코크제로/ 우삼겹, 양파, 적채, 당근라페, 화이트치즈, 채소믹스 (포함 드레싱: 크리미칠리)
11	1032	63	리뷰 (1)
11	1106	36	스파이시 쉬림프 샌드위치 세트
11	1160	36	13,100원
11	1218	36	스파이시 쉬림프 샌드위치 + 카사바칩 + 코크제로/케이준 쉬림프, 할라피뇨, 토마토, 슈레드치즈, 화이트치즈, 채소믹스 (포함 드레싱: 크리미칠리)
11	1326	36	[식단추천] 탄단지 샐러드 세트
11	1380	36	12,800원
11	1417	121	지금 와우 가입하면 배달비 0원 + 25,000원 쿠폰
11	1434	781	가입하기
11	1438	36	탄단지 샐러디 + 카사바칩 + 코크제로/닭가슴살, 스윗포테이토, 견과류, 크랜베리, 채소믹스 (추천 드레싱 : 오리엔탈)
11	1516	0	준비중
11	1546	36	(저당) 랜치 콥 샐러드 세트
12	0	0	그라브락스 연어 샐러디 + 카사바칩 + 코크제로 (추천 드레싱 : 저당 레몬허브)그라브락스 연어, 에그, 양파, 당근라페, 크리미할라피뇨, 채소믹스 (추천 드레싱을 일반 드레싱으로 변경 시 저당X)
12	0	381	오픈 준비 중
12	66	155	샐러디 샐러드&샌드위치 강남점 내 메뉴를 찾아보세요
12	129	36	바질연어 샌드위치 세트
12	151	114	올데이 세트
12	151	290	샌드위치
12	151	438	샐러드
12	151	564	누들볼
12	151	690	포케
12	151	794	랩
12	151	876	곡물랩
12	182	51	1 / 6
12	183	36	13,100원
12	241	36	바질연어 샌드위치 + 카사바칩 + 코크제로/그라브락스 연어, 채소믹스, 당근라페, 스윗포테이토, 옥수수, 화이트치즈 (포함 드레싱: 바질페스토)
12	248	251	샐러디 샐러드&샌드위치 강남점
12	298	412	5.0(557)
12	349	36	[추천메뉴] 불고기 반미 샌드위치 세트
12	403	36	11,400원
12	461	36	불고기 반미 샌드위치 + 카사바칩 + 코크제로/ 우삼겹, 양파, 적채, 당근라페, 화이트치즈, 채소믹스 (포함 드레싱: 크리미칠리)
12	539	63	리뷰 (1)
12	613	36	스파이시 쉬림프 샌드위치 세트
12	667	36	13,100원
12	725	36	스파이시 쉬림프 샌드위치 + 카사바칩 + 코크제로/케이준 쉬림프, 할라피뇨, 토마토, 슈레드치즈, 화이트치즈, 채소믹스 (포함 드레싱: 크리미칠리)
12	833	36	[식단추천] 탄단지 샐러드 세트
12	887	36	12,800원
12	945	36	탄단지 샐러디 + 카사바칩 + 코크제로/닭가슴살, 스윗포테이토, 견과류, 크랜베리, 채소믹스 (추천 드레싱 : 오리엔탈)
12	1053	36	(저당) 랜치 콥 샐러드 세트
12	1107	36	13,100원
12	1165	36	랜치 콥 샐러디 + 카사바칩 + 코크제로/잠봉, 닭가슴살, 에그, 옥수수, 올리브, 토마토, 채소믹스 (추천 드레싱 : 저당 랜치) (추천 드레싱을 일반 드레싱으로 변경 시 저당X)
12	1273	36	로스트닭다리살 샐러드 세트
12	1327	36	14,300원
12	1385	36	로스트닭다리살 샐러디 + 카사바칩 + 코크제로/로스트닭다리살, 단호박, 양파, 옥수수, 할라피뇨, 토마토, 양파플레이크, 채소믹스 (추천 드레싱 : 크리미할라피뇨)
12	1417	121	지금 와우 가입하면 배달비 0원 + 25,000원 쿠폰
12	1434	781	가입하기
12	1463	63	100% (1개)
12	1516	0	준비중
12	1537	36	(저당) 그라브락스 연어 샐러드 세트
12	1591	36	16,600원
13	0	0	노릇두부단호박 샐러디 + 카사바칩 + 코크제로/두부, 단호박, 옥수수, 올리브, 당근라페, 적채, 채소믹스 (추천 드레싱: 저당 발사믹) (추천 드레싱을 일반 드레싱으로 변경 시 저당X)
13	0	381	오픈 준비 중
13	66	155	샐러디 샐러드&샌드위치 강남점 내 메뉴를 찾아보세요
13	126	36	스파이시 쉬림프 샌드위치 세트
13	151	114	올데이 세트
13	151	290	샌드위치
13	151	438	샐러드
13	151	564	누들볼
13	151	690	포케
13	151	794	랩
13	151	876	곡물랩
13	180	36	13,100원
13	182	51	1 / 6
13	238	36	스파이시 쉬림프 샌드위치 + 카사바칩 + 코크제로/케이준 쉬림프, 할라피뇨, 토마토, 슈레드치즈, 화이트치즈, 채소믹스 (포함 드레싱: 크리미칠리)
13	248	251	샐러디 샐러드&샌드위치 강남점
13	298	412	5.0(557)
13	346	36	[식단추천] 탄단지 샐러드 세트
13	400	36	12,800원
13	458	36	탄단지 샐러디 + 카사바칩 + 코크제로/닭가슴살, 스윗포테이토, 견과류, 크랜베리, 채소믹스 (추천 드레싱 : 오리엔탈)
13	566	36	(저당) 랜치 콥 샐러드 세트
13	620	36	13,100원
13	678	36	랜치 콥 샐러디 + 카사바칩 + 코크제로/잠봉, 닭가슴살, 에그, 옥수수, 올리브, 토마토, 채소믹스 (추천 드레싱 : 저당 랜치) (추천 드레싱을 일반 드레싱으로 변경 시 저당X)
13	786	36	로스트닭다리살 샐러드 세트
13	840	36	14,300원
13	898	36	로스트닭다리살 샐러디 + 카사바칩 + 코크제로/로스트닭다리살, 단호박, 양파, 옥수수, 할라피뇨, 토마토, 양파플레이크, 채소믹스 (추천 드레싱 : 크리미할라피뇨)
13	976	63	100% (1개)
13	1050	36	(저당) 그라브락스 연어 샐러드 세트
13	1104	36	16,600원
13	1162	36	그라브락스 연어 샐러디 + 카사바칩 + 코크제로 (추천 드레싱 : 저당 레몬허브)그라브락스 연어, 에그, 양파, 당근라페, 크리미할라피뇨, 채소믹스 (추천 드레싱을 일반 드레싱으로 변경 시 저당X)
13	1270	36	타코 쉬림프 샐러드 세트
13	1324	36	15,400원
13	1382	36	타코 쉬림프 샐러디 + 카사바칩 + 코크제로/케이준 쉬림프, 할라피뇨, 옥수수, 양파, 그라운드비프, 나쵸칩, 사워크림, 채소믹스 (추천 드레싱: 크리미칠리)
13	1417	121	지금 와우 가입하면 배달비 0원 + 25,000원 쿠폰
13	1434	781	가입하기
13	1490	36	(비건/저당) 노릇두부단호박 샐러드 세트
13	1516	0	준비중
13	1544	36	13,500원
14	0	381	오픈 준비 중
14	66	155	샐러디 샐러드&샌드위치 강남점 내 메뉴를 찾아보세요
14	71	36	(저당) 랜치 콥 샐러드 세트
14	132	36	13,100원
14	151	114	올데이 세트
14	151	290	샌드위치
14	151	438	샐러드
14	151	564	누들볼
14	151	690	포케
14	151	794	랩
14	151	876	곡물랩
14	182	51	1 / 6
14	183	36	랜치 콥 샐러디 + 카사바칩 + 코크제로/잠봉, 닭가슴살, 에그, 옥수수, 올리브, 토마토, 채소믹스 (추천 드레싱 : 저당 랜치) (추천 드레싱을 일반 드레싱으로 변경 시 저당X)
14	248	251	샐러디 샐러드&샌드위치 강남점
14	291	36	로스트닭다리살 샐러드 세트
14	298	412	5.0(557)
14	345	36	14,300원
14	403	36	로스트닭다리살 샐러디 + 카사바칩 + 코크제로/로스트닭다리살, 단호박, 양파, 옥수수, 할라피뇨, 토마토, 양파플레이크, 채소믹스 (추천 드레싱 : 크리미할라피뇨)
14	481	63	100% (1개)
14	555	36	(저당) 그라브락스 연어 샐러드 세트
14	609	36	16,600원
14	667	36	그라브락스 연어 샐러디 + 카사바칩 + 코크제로 (추천 드레싱 : 저당 레몬허브)그라브락스 연어, 에그, 양파, 당근라페, 크리미할라피뇨, 채소믹스 (추천 드레싱을 일반 드레싱으로 변경 시 저당X)
14	775	36	타코 쉬림프 샐러드 세트
14	829	36	15,400원
14	887	36	타코 쉬림프 샐러디 + 카사바칩 + 코크제로/케이준 쉬림프, 할라피뇨, 옥수수, 양파, 그라운드비프, 나쵸칩, 사워크림, 채소믹스 (추천 드레싱: 크리미칠리)
14	995	36	(비건/저당) 노릇두부단호박 샐러드 세트
14	1049	36	13,500원
14	1107	36	노릇두부단호박 샐러디 + 카사바칩 + 코크제로/두부, 단호박, 옥수수, 올리브, 당근라페, 적채, 채소믹스 (추천 드레싱: 저당 발사믹) (추천 드레싱을 일반 드레싱으로 변경 시 저당X)
14	1215	36	우삼겹메밀면 누들볼 세트
14	1269	36	13,600원
14	1327	36	우삼겹메밀면 누들볼 + 카사바칩 + 코크제로/우삼겹, 메밀면, 적채, 양파, 견과류, 채소믹스 (추천 드레싱 : 오리엔탈)
14	1417	121	지금 와우 가입하면 배달비 0원 + 25,000원 쿠폰
14	1434	781	가입하기
14	1435	36	[매콤달콤] 비빔메밀면 누들볼 세트
14	1489	36	10,800원
14	1516	0	준비중
14	1547	36	비빔메밀면 누들볼 + 카사바칩 + 코크제로/에그, 메밀면, 적채, 양파, 후리가케, 채소믹스 (추천 드레싱: 고추장비빔)
15	0	381	오픈 준비 중
15	66	155	샐러디 샐러드&샌드위치 강남점 내 메뉴를 찾아보세요
15	70	36	(저당) 그라브락스 연어 샐러드 세트
15	132	36	16,600원
15	151	114	올데이 세트
15	151	290	샌드위치
15	151	438	샐러드
15	151	564	누들볼
15	151	690	포케
15	151	794	랩
15	151	876	곡물랩
15	182	36	그라브락스 연어 샐러디 + 카사바칩 + 코크제로 (추천 드레싱 : 저당 레몬허브)그라브락스 연어, 에그, 양파, 당근라페, 크리미할라피뇨, 채소믹스 (추천 드레싱을 일반 드레싱으로 변경 시 저당X)
15	182	51	1 / 6
15	248	251	샐러디 샐러드&샌드위치 강남점
15	290	36	타코 쉬림프 샐러드 세트
15	298	412	5.0(557)
15	344	36	15,400원
15	402	36	타코 쉬림프 샐러디 + 카사바칩 + 코크제로/케이준 쉬림프, 할라피뇨, 옥수수, 양파, 그라운드비프, 나쵸칩, 사워크림, 채소믹스 (추천 드레싱: 크리미칠리)
15	510	36	(비건/저당) 노릇두부단호박 샐러드 세트
15	564	36	13,500원
15	622	36	노릇두부단호박 샐러디 + 카사바칩 + 코크제로/두부, 단호박, 옥수수, 올리브, 당근라페, 적채, 채소믹스 (추천 드레싱: 저당 발사믹) (추천 드레싱을 일반 드레싱으로 변경 시 저당X)
15	730	36	우삼겹메밀면 누들볼 세트
15	784	36	13,600원
15	842	36	우삼겹메밀면 누들볼 + 카사바칩 + 코크제로/우삼겹, 메밀면, 적채, 양파, 견과류, 채소믹스 (추천 드레싱 : 오리엔탈)
15	950	36	[매콤달콤] 비빔메밀면 누들볼 세트
15	1004	36	10,800원
15	1062	36	비빔메밀면 누들볼 + 카사바칩 + 코크제로/에그, 메밀면, 적채, 양파, 후리가케, 채소믹스 (추천 드레싱: 고추장비빔)
15	1170	36	(저당) 그라브락스 연어 파스타 누들볼 세트
15	1224	36	16,600원
15	1282	36	그라브락스 연어 파스타 누들볼 + 카사바칩 + 코크제로/그라브락스 연어, 바질파스타, 옥수수, 올리브, 양파, 채소믹스 (추천 드레싱: 저당 발사믹) (추천 드레싱을 일반 드레싱으로 변경 시 저당X)
15	1390	36	고소삼겹 들기름파스타 누들볼 세트
15	1417	121	지금 와우 가입하면 배달비 0원 + 25,000원 쿠폰
15	1434	781	가입하기
15	1444	36	14,300원
15	1502	36	고소삼겹 들기름파스타 누들볼 + 카사바칩 + 코크제로/양파, 적채, 머쉬룸, 로스트삼겹, 후리가케, 채소믹스, (저당)들기름소이, 파스타면 (추천 드레싱: 오리엔탈)
15	1516	0	준비중
15	1580	63	리뷰 (1)
16	0	0	노릇노릇두부 포케볼 + 카사바칩 + 코크제로/머쉬룸, 두부, 옥수수, 양파, 적채, 견과류, 할라피뇨, 올리브, 채소믹스, 곡물밥(추천 드레싱: 크리미할라피뇨)
16	0	381	오픈 준비 중
16	15	36	(비건/저당) 노릇두부단호박 샐러드 세트
16	66	155	샐러디 샐러드&샌드위치 강남점 내 메뉴를 찾아보세요
16	127	36	노릇두부단호박 샐러디 + 카사바칩 + 코크제로/두부, 단호박, 옥수수, 올리브, 당근라페, 적채, 채소믹스 (추천 드레싱: 저당 발사믹) (추천 드레싱을 일반 드레싱으로 변경 시 저당X)
16	151	114	올데이 세트
16	151	290	샌드위치
16	151	438	샐러드
16	151	564	누들볼
16	151	690	포케
16	151	794	랩
16	151	876	곡물랩
16	182	51	1 / 6
16	235	36	우삼겹메밀면 누들볼 세트
16	248	251	샐러디 샐러드&샌드위치 강남점
16	289	36	13,600원
16	298	412	5.0(557)
16	347	36	우삼겹메밀면 누들볼 + 카사바칩 + 코크제로/우삼겹, 메밀면, 적채, 양파, 견과류, 채소믹스 (추천 드레싱 : 오리엔탈)
16	455	36	[매콤달콤] 비빔메밀면 누들볼 세트
16	509	36	10,800원
16	567	36	비빔메밀면 누들볼 + 카사바칩 + 코크제로/에그, 메밀면, 적채, 양파, 후리가케, 채소믹스 (추천 드레싱: 고추장비빔)
16	675	36	(저당) 그라브락스 연어 파스타 누들볼 세트
16	729	36	16,600원
16	787	36	그라브락스 연어 파스타 누들볼 + 카사바칩 + 코크제로/그라브락스 연어, 바질파스타, 옥수수, 올리브, 양파, 채소믹스 (추천 드레싱: 저당 발사믹) (추천 드레싱을 일반 드레싱으로 변경 시 저당X)
16	895	36	고소삼겹 들기름파스타 누들볼 세트
16	949	36	14,300원
16	1007	36	고소삼겹 들기름파스타 누들볼 + 카사바칩 + 코크제로/양파, 적채, 머쉬룸, 로스트삼겹, 후리가케, 채소믹스, (저당)들기름소이, 파스타면 (추천 드레싱: 오리엔탈)
16	1085	63	리뷰 (1)
16	1159	36	[베스트] 칠리베이컨 포케 세트
16	1213	36	13,100원
16	1271	36	칠리베이컨 포케볼 + 카사바칩 + 코크제로/베이컨, 에그, 옥수수, 양파플레이크, 양파, 적채, 후리가케, 채소믹스, 곡물밥 (추천 드레싱: 크리미칠리)
16	1379	36	[달달불백] 우삼겹 포케 세트
16	1417	121	지금 와우 가입하면 배달비 0원 + 25,000원 쿠폰
16	1433	36	13,700원
16	1434	781	가입하기
16	1491	36	우삼겹 포케볼 + 카사바칩 + 코크제로/우삼겹, 양파, 견과류, 적채, 후리가케, 양파플레이크, 머쉬룸, 채소믹스, 곡물밥 (추천 드레싱: 오리엔탈)
16	1516	0	준비중
16	1599	36	(비건)노릇노릇두부 포케 세트
17	0	0	그라브락스 연어 포케볼 + 카사바칩 + 코크제로/그라브락스 연어, 양파플레이크, 양파, 적채, 후리가케, 옥수수, 올리브, 채소믹스, 곡물밥 (추천 드레싱: 저당 참깨소이) (추천 드레싱을 일반 드레싱으로 변경 시 저당X)
17	0	36	[매콤달콤] 비빔메밀면 누들볼 세트
17	0	381	오픈 준비 중
17	66	155	샐러디 샐러드&샌드위치 강남점 내 메뉴를 찾아보세요
17	81	36	비빔메밀면 누들볼 + 카사바칩 + 코크제로/에그, 메밀면, 적채, 양파, 후리가케, 채소믹스 (추천 드레싱: 고추장비빔)
17	151	114	올데이 세트
17	151	290	샌드위치
17	151	438	샐러드
17	151	564	누들볼
17	151	690	포케
17	151	794	랩
17	151	876	곡물랩
17	182	51	1 / 6
17	189	36	(저당) 그라브락스 연어 파스타 누들볼 세트
17	243	36	16,600원
17	248	251	샐러디 샐러드&샌드위치 강남점
17	298	412	5.0(557)
17	301	36	그라브락스 연어 파스타 누들볼 + 카사바칩 + 코크제로/그라브락스 연어, 바질파스타, 옥수수, 올리브, 양파, 채소믹스 (추천 드레싱: 저당 발사믹) (추천 드레싱을 일반 드레싱으로 변경 시 저당X)
17	409	36	고소삼겹 들기름파스타 누들볼 세트
17	463	36	14,300원
17	521	36	고소삼겹 들기름파스타 누들볼 + 카사바칩 + 코크제로/양파, 적채, 머쉬룸, 로스트삼겹, 후리가케, 채소믹스, (저당)들기름소이, 파스타면 (추천 드레싱: 오리엔탈)
17	599	63	리뷰 (1)
17	673	36	[베스트] 칠리베이컨 포케 세트
17	727	36	13,100원
17	785	36	칠리베이컨 포케볼 + 카사바칩 + 코크제로/베이컨, 에그, 옥수수, 양파플레이크, 양파, 적채, 후리가케, 채소믹스, 곡물밥 (추천 드레싱: 크리미칠리)
17	893	36	[달달불백] 우삼겹 포케 세트
17	947	36	13,700원
17	1005	36	우삼겹 포케볼 + 카사바칩 + 코크제로/우삼겹, 양파, 견과류, 적채, 후리가케, 양파플레이크, 머쉬룸, 채소믹스, 곡물밥 (추천 드레싱: 오리엔탈)
17	1113	36	(비건)노릇노릇두부 포케 세트
17	1167	36	13,100원
17	1225	36	노릇노릇두부 포케볼 + 카사바칩 + 코크제로/머쉬룸, 두부, 옥수수, 양파, 적채, 견과류, 할라피뇨, 올리브, 채소믹스, 곡물밥(추천 드레싱: 크리미할라피뇨)
17	1333	36	바베큐닭다리살 포케 세트
17	1387	36	14,300원
17	1417	121	지금 와우 가입하면 배달비 0원 + 25,000원 쿠폰
17	1434	781	가입하기
17	1445	36	바베큐닭다리살 포케볼 + 카사바칩 + 코크제로  로스트닭다리살, 에그, 옥수수, 양파, 양파플레이크, 후리가케, 적채, 바베큐소스, 채소믹스, 곡물밥 (추천 드레싱: 저당 스리라차소이) (추천 드레싱을 일반 드레싱으로 변경 시 저당X)
17	1516	0	준비중
17	1553	36	그라브락스 연어 포케 세트
18	0	0	고소삼겹 들기름파스타 누들볼 세트
18	0	0	바베큐삼겹 덮밥 + 카사바칩 + 코크제로/로스트삼겹, 스크램블에그, 적채, 양파, 옥수수, 김자반, 데리야끼소스, 참기름, 곡물밥 (포함 드레싱: 바베큐소스)
18	0	381	오픈 준비 중
18	36	36	고소삼겹 들기름파스타 누들볼 + 카사바칩 + 코크제로/양파, 적채, 머쉬룸, 로스트삼겹, 후리가케, 채소믹스, (저당)들기름소이, 파스타면 (추천 드레싱: 오리엔탈)
18	66	155	샐러디 샐러드&샌드위치 강남점 내 메뉴를 찾아보세요
18	114	63	리뷰 (1)
18	151	114	올데이 세트
18	151	290	샌드위치
18	151	438	샐러드
18	151	564	누들볼
18	151	690	포케
18	151	794	랩
18	151	876	곡물랩
18	182	51	1 / 6
18	188	36	[베스트] 칠리베이컨 포케 세트
18	242	36	13,100원
18	248	251	샐러디 샐러드&샌드위치 강남점
18	298	412	5.0(557)
18	300	36	칠리베이컨 포케볼 + 카사바칩 + 코크제로/베이컨, 에그, 옥수수, 양파플레이크, 양파, 적채, 후리가케, 채소믹스, 곡물밥 (추천 드레싱: 크리미칠리)
18	408	36	[달달불백] 우삼겹 포케 세트
18	462	36	13,700원
18	520	36	우삼겹 포케볼 + 카사바칩 + 코크제로/우삼겹, 양파, 견과류, 적채, 후리가케, 양파플레이크, 머쉬룸, 채소믹스, 곡물밥 (추천 드레싱: 오리엔탈)
18	628	36	(비건)노릇노릇두부 포케 세트
18	682	36	13,100원
18	740	36	노릇노릇두부 포케볼 + 카사바칩 + 코크제로/머쉬룸, 두부, 옥수수, 양파, 적채, 견과류, 할라피뇨, 올리브, 채소믹스, 곡물밥(추천 드레싱: 크리미할라피뇨)
18	848	36	바베큐닭다리살 포케 세트
18	902	36	14,300원
18	960	36	바베큐닭다리살 포케볼 + 카사바칩 + 코크제로  로스트닭다리살, 에그, 옥수수, 양파, 양파플레이크, 후리가케, 적채, 바베큐소스, 채소믹스, 곡물밥 (추천 드레싱: 저당 스리라차소이) (추천 드레싱을 일반 드레싱으로 변경 시 저당X)
18	1068	36	그라브락스 연어 포케 세트
18	1122	36	16,000원
18	1180	36	그라브락스 연어 포케볼 + 카사바칩 + 코크제로/그라브락스 연어, 양파플레이크, 양파, 적채, 후리가케, 옥수수, 올리브, 채소믹스, 곡물밥 (추천 드레싱: 저당 참깨소이) (추천 드레싱을 일반 드레싱으로 변경 시 저당X)
18	1288	36	[든든세트] 로스트삼겹 포케 세트
18	1342	36	14,300원
18	1400	36	로스트삼겹 포케볼 + 카사바칩 + 코크제로/ 로스트삼겹, 머쉬룸, 옥수수, 양파, 양파플레이크, 후리가케, 적채, 채소믹스, 곡물밥 (추천 드레싱: 고추장비빔)
18	1417	121	지금 와우 가입하면 배달비 0원 + 25,000원 쿠폰
18	1434	781	가입하기
18	1508	36	[단짠단짠] 바베큐삼겹 덮밥 세트
18	1516	0	준비중
18	1562	36	12,000원
19	0	381	오픈 준비 중
19	66	155	샐러디 샐러드&샌드위치 강남점 내 메뉴를 찾아보세요
19	136	36	(비건)노릇노릇두부 포케 세트
19	151	114	올데이 세트
19	151	290	샌드위치
19	151	438	샐러드
19	151	564	누들볼
19	151	690	포케
19	151	794	랩
19	151	876	곡물랩
19	182	51	1 / 6
19	190	36	13,100원
19	248	36	노릇노릇두부 포케볼 + 카사바칩 + 코크제로/머쉬룸, 두부, 옥수수, 양파, 적채, 견과류, 할라피뇨, 올리브, 채소믹스, 곡물밥(추천 드레싱: 크리미할라피뇨)
19	248	251	샐러디 샐러드&샌드위치 강남점
19	298	412	5.0(557)
19	356	36	바베큐닭다리살 포케 세트
19	410	36	14,300원
19	468	36	바베큐닭다리살 포케볼 + 카사바칩 + 코크제로  로스트닭다리살, 에그, 옥수수, 양파, 양파플레이크, 후리가케, 적채, 바베큐소스, 채소믹스, 곡물밥 (추천 드레싱: 저당 스리라차소이) (추천 드레싱을 일반 드레싱으로 변경 시 저당X)
19	576	36	그라브락스 연어 포케 세트
19	630	36	16,000원
19	688	36	그라브락스 연어 포케볼 + 카사바칩 + 코크제로/그라브락스 연어, 양파플레이크, 양파, 적채, 후리가케, 옥수수, 올리브, 채소믹스, 곡물밥 (추천 드레싱: 저당 참깨소이) (추천 드레싱을 일반 드레싱으로 변경 시 저당X)
19	796	36	[든든세트] 로스트삼겹 포케 세트
19	850	36	14,300원
19	908	36	로스트삼겹 포케볼 + 카사바칩 + 코크제로/ 로스트삼겹, 머쉬룸, 옥수수, 양파, 양파플레이크, 후리가케, 적채, 채소믹스, 곡물밥 (추천 드레싱: 고추장비빔)
19	1016	36	[단짠단짠] 바베큐삼겹 덮밥 세트
19	1070	36	12,000원
19	1128	36	바베큐삼겹 덮밥 + 카사바칩 + 코크제로/로스트삼겹, 스크램블에그, 적채, 양파, 옥수수, 김자반, 데리야끼소스, 참기름, 곡물밥 (포함 드레싱: 바베큐소스)
19	1236	36	로스트닭다리살마요 덮밥 세트
19	1290	36	12,500원
19	1348	36	로스트닭다리살마요 덮밥 + 카사바칩 + 코크제로/ 로스트닭다리살, 스크램블에그, 적채, 양파, 옥수수, 김자반, 데리야끼소스, 참기름, 곡물밥 (포함 드레싱 : 시저)
19	1417	121	지금 와우 가입하면 배달비 0원 + 25,000원 쿠폰
19	1434	781	가입하기
19	1456	36	에그마요 랩 세트
19	1510	36	9,200원
19	1516	0	준비중
19	1568	36	에그마요 랩 + 카사바칩 + 코크제로/에그마요, 옥수수, 베이컨, 나쵸칩 (포함 드레싱 : 크리미할라피뇨)
20	0	0	100% (1개)
20	0	0	[다이어터 추천] 바질치킨 랩 세트
20	0	0	ㆍ
20	0	0	리뷰 (1)
20	0	0	바질치킨 랩 + 카사바칩 + 코크제로/ 닭가슴살, 바질페스토, 크랜베리, 채소믹스 (포함 드레싱 : 시저)
20	0	381	오픈 준비 중
20	66	155	샐러디 샐러드&샌드위치 강남점 내 메뉴를 찾아보세요
20	82	36	그라브락스 연어 포케 세트
20	136	36	16,000원
20	151	114	올데이 세트
20	151	290	샌드위치
20	151	438	샐러드
20	151	564	누들볼
20	151	690	포케
20	151	794	랩
20	151	876	곡물랩
20	182	51	1 / 6
20	194	36	그라브락스 연어 포케볼 + 카사바칩 + 코크제로/그라브락스 연어, 양파플레이크, 양파, 적채, 후리가케, 옥수수, 올리브, 채소믹스, 곡물밥 (추천 드레싱: 저당 참깨소이) (추천 드레싱을 일반 드레싱으로 변경 시 저당X)
20	248	251	샐러디 샐러드&샌드위치 강남점
20	298	412	5.0(557)
20	302	36	[든든세트] 로스트삼겹 포케 세트
20	356	36	14,300원
20	414	36	로스트삼겹 포케볼 + 카사바칩 + 코크제로/ 로스트삼겹, 머쉬룸, 옥수수, 양파, 양파플레이크, 후리가케, 적채, 채소믹스, 곡물밥 (추천 드레싱: 고추장비빔)
20	522	36	[단짠단짠] 바베큐삼겹 덮밥 세트
20	576	36	12,000원
20	634	36	바베큐삼겹 덮밥 + 카사바칩 + 코크제로/로스트삼겹, 스크램블에그, 적채, 양파, 옥수수, 김자반, 데리야끼소스, 참기름, 곡물밥 (포함 드레싱: 바베큐소스)
20	742	36	로스트닭다리살마요 덮밥 세트
20	796	36	12,500원
20	854	36	로스트닭다리살마요 덮밥 + 카사바칩 + 코크제로/ 로스트닭다리살, 스크램블에그, 적채, 양파, 옥수수, 김자반, 데리야끼소스, 참기름, 곡물밥 (포함 드레싱 : 시저)
20	962	36	에그마요 랩 세트
20	1016	36	9,200원
20	1074	36	에그마요 랩 + 카사바칩 + 코크제로/에그마요, 옥수수, 베이컨, 나쵸칩 (포함 드레싱 : 크리미할라피뇨)
20	1182	36	[인기메뉴] 멕시칸 랩 세트
20	1236	36	11,200원
20	1294	36	멕시칸 랩 + 카사바칩 + 코크제로/그라운드비프, 나쵸칩, 사워크림, 채소믹스 (포함 드레싱: 크리미칠리)
20	1402	36	[닭가슴살] 시저치킨 랩 세트
20	1417	121	지금 와우 가입하면 배달비 0원 + 25,000원 쿠폰
20	1434	781	가입하기
20	1456	36	11,200원
20	1514	36	시저치킨 랩 + 카사바칩 + 코크제로/닭가슴살, 크랜베리, 채소믹스 (포함 드레싱: 시저)
20	1516	0	준비중
21	0	0	그라브락스 연어 랩 + 카사바칩 + 코크제로/그라브락스 연어, 양파, 토마토, 채소믹스 (포함 드레싱: 크리미할라피뇨)
21	0	0	그라브락스 연어 랩 세트
21	0	381	오픈 준비 중
21	35	36	[단짠단짠] 바베큐삼겹 덮밥 세트
21	66	155	샐러디 샐러드&샌드위치 강남점 내 메뉴를 찾아보세요
21	147	36	바베큐삼겹 덮밥 + 카사바칩 + 코크제로/로스트삼겹, 스크램블에그, 적채, 양파, 옥수수, 김자반, 데리야끼소스, 참기름, 곡물밥 (포함 드레싱: 바베큐소스)
21	151	114	올데이 세트
21	151	290	샌드위치
21	151	438	샐러드
21	151	564	누들볼
21	151	690	포케
21	151	794	랩
21	151	876	곡물랩
21	182	51	1 / 6
21	248	251	샐러디 샐러드&샌드위치 강남점
21	255	36	로스트닭다리살마요 덮밥 세트
21	298	412	5.0(557)
21	309	36	12,500원
21	367	36	로스트닭다리살마요 덮밥 + 카사바칩 + 코크제로/ 로스트닭다리살, 스크램블에그, 적채, 양파, 옥수수, 김자반, 데리야끼소스, 참기름, 곡물밥 (포함 드레싱 : 시저)
21	475	36	에그마요 랩 세트
21	529	36	9,200원
21	587	36	에그마요 랩 + 카사바칩 + 코크제로/에그마요, 옥수수, 베이컨, 나쵸칩 (포함 드레싱 : 크리미할라피뇨)
21	695	36	[인기메뉴] 멕시칸 랩 세트
21	749	36	11,200원
21	807	36	멕시칸 랩 + 카사바칩 + 코크제로/그라운드비프, 나쵸칩, 사워크림, 채소믹스 (포함 드레싱: 크리미칠리)
21	915	36	[닭가슴살] 시저치킨 랩 세트
21	969	36	11,200원
21	1027	36	시저치킨 랩 + 카사바칩 + 코크제로/닭가슴살, 크랜베리, 채소믹스 (포함 드레싱: 시저)
21	1135	36	[다이어터 추천] 바질치킨 랩 세트
21	1189	36	12,000원
21	1247	36	바질치킨 랩 + 카사바칩 + 코크제로/ 닭가슴살, 바질페스토, 크랜베리, 채소믹스 (포함 드레싱 : 시저)
21	1325	63	100% (1개)
21	1325	149	ㆍ
21	1325	193	리뷰 (1)
21	1399	36	타코 쉬림프 랩 세트
21	1417	121	지금 와우 가입하면 배달비 0원 + 25,000원 쿠폰
21	1434	781	가입하기
21	1453	36	13,500원
21	1511	36	타코 쉬림프 랩 + 카사바칩 + 코크제로/케이준 쉬림프, 양파, 할라피뇨, 토마토, 나쵸칩, 사워크림, 채소믹스 (포함 드레싱: 허니머스타드)
21	1516	0	준비중
22	0	0	칠리베이컨 곡물랩 + 카사바칩 + 코크제로/베이컨, 곡물밥, 채소믹스, 에그, 옥수수, 양파플레이크 (포함 드레싱: 크리미칠리)
22	0	36	에그마요 랩 세트
22	0	381	오픈 준비 중
22	66	155	샐러디 샐러드&샌드위치 강남점 내 메뉴를 찾아보세요
22	94	36	에그마요 랩 + 카사바칩 + 코크제로/에그마요, 옥수수, 베이컨, 나쵸칩 (포함 드레싱 : 크리미할라피뇨)
22	151	114	올데이 세트
22	151	290	샌드위치
22	151	438	샐러드
22	151	564	누들볼
22	151	690	포케
22	151	794	랩
22	151	876	곡물랩
22	182	51	1 / 6
22	202	36	[인기메뉴] 멕시칸 랩 세트
22	248	251	샐러디 샐러드&샌드위치 강남점
22	256	36	11,200원
22	298	412	5.0(557)
22	314	36	멕시칸 랩 + 카사바칩 + 코크제로/그라운드비프, 나쵸칩, 사워크림, 채소믹스 (포함 드레싱: 크리미칠리)
22	422	36	[닭가슴살] 시저치킨 랩 세트
22	476	36	11,200원
22	534	36	시저치킨 랩 + 카사바칩 + 코크제로/닭가슴살, 크랜베리, 채소믹스 (포함 드레싱: 시저)
22	642	36	[다이어터 추천] 바질치킨 랩 세트
22	696	36	12,000원
22	754	36	바질치킨 랩 + 카사바칩 + 코크제로/ 닭가슴살, 바질페스토, 크랜베리, 채소믹스 (포함 드레싱 : 시저)
22	832	63	100% (1개)
22	832	149	ㆍ
22	832	193	리뷰 (1)
22	906	36	타코 쉬림프 랩 세트
22	960	36	13,500원
22	1018	36	타코 쉬림프 랩 + 카사바칩 + 코크제로/케이준 쉬림프, 양파, 할라피뇨, 토마토, 나쵸칩, 사워크림, 채소믹스 (포함 드레싱: 허니머스타드)
22	1126	36	그라브락스 연어 랩 세트
22	1180	36	13,500원
22	1238	36	그라브락스 연어 랩 + 카사바칩 + 코크제로/그라브락스 연어, 양파, 토마토, 채소믹스 (포함 드레싱: 크리미할라피뇨)
22	1346	36	[고단백] 로스트닭다리살 랩 세트
22	1400	36	13,100원
22	1417	121	지금 와우 가입하면 배달비 0원 + 25,000원 쿠폰
22	1434	781	가입하기
22	1458	36	로스트닭다리살 랩 + 카사바칩 + 코크제로/로스트닭다리살, 채소믹스, 양파, 할라피뇨, 토마토, 사워크림 (포함 드레싱: 크리미할라피뇨)
22	1516	0	준비중
22	1566	36	칠리베이컨 곡물랩 세트
23	0	0	바베큐닭다리살 곡물랩 + 카사바칩 + 코크제로/로스트닭다리살, 곡물밥, 채소믹스, 적채, 토마토, 옥수수, 슈레드치즈, 바베큐소스 (포함 드레싱: 크리미할라피뇨)
23	0	381	오픈 준비 중
23	66	155	샐러디 샐러드&샌드위치 강남점 내 메뉴를 찾아보세요
23	148	36	[다이어터 추천] 바질치킨 랩 세트
23	151	114	올데이 세트
23	151	290	샌드위치
23	151	438	샐러드
23	151	564	누들볼
23	151	690	포케
23	151	794	랩
23	151	876	곡물랩
23	182	51	1 / 6
23	202	36	12,000원
23	248	251	샐러디 샐러드&샌드위치 강남점
23	260	36	바질치킨 랩 + 카사바칩 + 코크제로/ 닭가슴살, 바질페스토, 크랜베리, 채소믹스 (포함 드레싱 : 시저)
23	298	412	5.0(557)
23	338	63	100% (1개)
23	338	149	ㆍ
23	338	193	리뷰 (1)
23	412	36	타코 쉬림프 랩 세트
23	466	36	13,500원
23	524	36	타코 쉬림프 랩 + 카사바칩 + 코크제로/케이준 쉬림프, 양파, 할라피뇨, 토마토, 나쵸칩, 사워크림, 채소믹스 (포함 드레싱: 허니머스타드)
23	632	36	그라브락스 연어 랩 세트
23	686	36	13,500원
23	744	36	그라브락스 연어 랩 + 카사바칩 + 코크제로/그라브락스 연어, 양파, 토마토, 채소믹스 (포함 드레싱: 크리미할라피뇨)
23	852	36	[고단백] 로스트닭다리살 랩 세트
23	906	36	13,100원
23	964	36	로스트닭다리살 랩 + 카사바칩 + 코크제로/로스트닭다리살, 채소믹스, 양파, 할라피뇨, 토마토, 사워크림 (포함 드레싱: 크리미할라피뇨)
23	1072	36	칠리베이컨 곡물랩 세트
23	1126	36	11,400원
23	1184	36	칠리베이컨 곡물랩 + 카사바칩 + 코크제로/베이컨, 곡물밥, 채소믹스, 에그, 옥수수, 양파플레이크 (포함 드레싱: 크리미칠리)
23	1292	36	(저당)고소우삼겹 곡물랩 세트
23	1346	36	12,500원
23	1404	36	고소우삼겹 곡물랩 + 카사바칩 + 코크제로/우삼겹, 양파, 견과류, 적채, 채소믹스, 곡물밥 (포함 드레싱: 저당 들기름소이) (추천 드레싱을 일반 드레싱으로 변경 시 저당X)
23	1417	121	지금 와우 가입하면 배달비 0원 + 25,000원 쿠폰
23	1434	781	가입하기
23	1482	63	리뷰 (1)
23	1516	0	준비중
23	1556	36	바베큐닭다리살 곡물랩 세트
24	0	0	치킨 MAX 프로틴 파스타 + 카사바칩 + 코크제로/닭가슴살x3, 베이컨, 당근라페, 양파, 옥수수, 채소믹스, 바질파스타x2 (추천 드레싱: 저당 레몬허브) (추천 드레싱을 일반 드레싱으로 변경 시 저당X)
24	0	381	오픈 준비 중
24	66	155	샐러디 샐러드&샌드위치 강남점 내 메뉴를 찾아보세요
24	137	36	그라브락스 연어 랩 세트
24	151	114	올데이 세트
24	151	290	샌드위치
24	151	438	샐러드
24	151	564	누들볼
24	151	690	포케
24	151	794	랩
24	151	876	곡물랩
24	182	51	1 / 6
24	191	36	13,500원
24	248	251	샐러디 샐러드&샌드위치 강남점
24	249	36	그라브락스 연어 랩 + 카사바칩 + 코크제로/그라브락스 연어, 양파, 토마토, 채소믹스 (포함 드레싱: 크리미할라피뇨)
24	298	412	5.0(557)
24	357	36	[고단백] 로스트닭다리살 랩 세트
24	411	36	13,100원
24	469	36	로스트닭다리살 랩 + 카사바칩 + 코크제로/로스트닭다리살, 채소믹스, 양파, 할라피뇨, 토마토, 사워크림 (포함 드레싱: 크리미할라피뇨)
24	577	36	칠리베이컨 곡물랩 세트
24	631	36	11,400원
24	689	36	칠리베이컨 곡물랩 + 카사바칩 + 코크제로/베이컨, 곡물밥, 채소믹스, 에그, 옥수수, 양파플레이크 (포함 드레싱: 크리미칠리)
24	797	36	(저당)고소우삼겹 곡물랩 세트
24	851	36	12,500원
24	909	36	고소우삼겹 곡물랩 + 카사바칩 + 코크제로/우삼겹, 양파, 견과류, 적채, 채소믹스, 곡물밥 (포함 드레싱: 저당 들기름소이) (추천 드레싱을 일반 드레싱으로 변경 시 저당X)
24	987	63	리뷰 (1)
24	1061	36	바베큐닭다리살 곡물랩 세트
24	1115	36	12,500원
24	1173	36	바베큐닭다리살 곡물랩 + 카사바칩 + 코크제로/로스트닭다리살, 곡물밥, 채소믹스, 적채, 토마토, 옥수수, 슈레드치즈, 바베큐소스 (포함 드레싱: 크리미할라피뇨)
24	1281	36	(저당) 닭다리살 MAX 프로틴 박스 세트
24	1335	36	17,700원
24	1393	36	닭다리살 MAX 프로틴 박스 + 카사바칩 + 코크제로 로스트닭다리살x3, 당근라페, 양파, 옥수수, 채소믹스, 곡물밥x1.5 (추천 드레싱: 저당 스리라차소이) (추천 드레싱을 일반 드레싱으로 변경 시 저당X)
24	1417	121	지금 와우 가입하면 배달비 0원 + 25,000원 쿠폰
24	1434	781	가입하기
24	1501	36	(저당) 치킨 MAX 프로틴 파스타 세트
24	1516	0	준비중
24	1555	36	17,700원
25	0	0	100% (3개)
25	0	0	[풍미가득] 불고기 반미 샌드위치
25	0	0	ㆍ
25	0	0	리뷰 (1)
25	0	0	쫄깃한 통밀 치아바타 속 불고기와 당근라페, 적채, 양파가 어우러진 반미 스타일의 치아바타 샌드위치 우삼겹, 양파, 적채, 당근라페, 화이트치즈, 채소믹스, 크리미칠리 드레싱, 통밀 치아바타
25	0	381	오픈 준비 중
25	66	155	샐러디 샐러드&샌드위치 강남점 내 메뉴를 찾아보세요
25	91	36	칠리베이컨 곡물랩 세트
25	145	36	11,400원
25	151	114	올데이 세트
25	151	290	샌드위치
25	151	438	샐러드
25	151	564	누들볼
25	151	690	포케
25	151	794	랩
25	151	876	곡물랩
25	182	51	1 / 6
25	203	36	칠리베이컨 곡물랩 + 카사바칩 + 코크제로/베이컨, 곡물밥, 채소믹스, 에그, 옥수수, 양파플레이크 (포함 드레싱: 크리미칠리)
25	248	251	샐러디 샐러드&샌드위치 강남점
25	298	412	5.0(557)
25	311	36	(저당)고소우삼겹 곡물랩 세트
25	365	36	12,500원
25	423	36	고소우삼겹 곡물랩 + 카사바칩 + 코크제로/우삼겹, 양파, 견과류, 적채, 채소믹스, 곡물밥 (포함 드레싱: 저당 들기름소이) (추천 드레싱을 일반 드레싱으로 변경 시 저당X)
25	501	63	리뷰 (1)
25	575	36	바베큐닭다리살 곡물랩 세트
25	629	36	12,500원
25	687	36	바베큐닭다리살 곡물랩 + 카사바칩 + 코크제로/로스트닭다리살, 곡물밥, 채소믹스, 적채, 토마토, 옥수수, 슈레드치즈, 바베큐소스 (포함 드레싱: 크리미할라피뇨)
25	795	36	(저당) 닭다리살 MAX 프로틴 박스 세트
25	849	36	17,700원
25	907	36	닭다리살 MAX 프로틴 박스 + 카사바칩 + 코크제로 로스트닭다리살x3, 당근라페, 양파, 옥수수, 채소믹스, 곡물밥x1.5 (추천 드레싱: 저당 스리라차소이) (추천 드레싱을 일반 드레싱으로 변경 시 저당X)
25	1015	36	(저당) 치킨 MAX 프로틴 파스타 세트
25	1069	36	17,700원
25	1127	36	치킨 MAX 프로틴 파스타 + 카사바칩 + 코크제로/닭가슴살x3, 베이컨, 당근라페, 양파, 옥수수, 채소믹스, 바질파스타x2 (추천 드레싱: 저당 레몬허브) (추천 드레싱을 일반 드레싱으로 변경 시 저당X)
25	1235	36	(저당) 우삼겹 MAX 프로틴 박스 세트
25	1289	36	17,700원
25	1347	36	우삼겹 MAX 프로틴 박스 + 카사바칩 + 코크제로/우삼겹x3, 당근라페, 양파, 옥수수, 채소믹스, 곡물밥x1.5 (추천 드레싱: 저당 참깨소이) (추천 드레싱을 일반 드레싱으로 변경 시 저당X)
25	1417	121	지금 와우 가입하면 배달비 0원 + 25,000원 쿠폰
25	1434	781	가입하기
25	1485	42	샌드위치
25	1516	0	준비중
25	1531	36	쫄깃한 치아바타에 다양한 토핑과 신선한 채소가 어우러진 샌드위치
26	0	0	100% (1개)
26	0	0	ㆍ
26	0	0	리뷰 (1)
26	0	0	쫄깃한 통밀 치아바타 속 부드러운 닭가슴살과 상큼한 크랜베리, 치즈, 시저드레싱이 어우러진 샌드위치  닭가슴살, 채소믹스, 크랜베리, 토마토, 화이트치즈, 통밀 치아바타
26	0	0	클래식 치킨 샌드위치
26	0	381	오픈 준비 중
26	66	155	샐러디 샐러드&샌드위치 강남점 내 메뉴를 찾아보세요
26	88	36	바베큐닭다리살 곡물랩 세트
26	142	36	12,500원
26	151	114	올데이 세트
26	151	290	샌드위치
26	151	438	샐러드
26	151	564	누들볼
26	151	690	포케
26	151	794	랩
26	151	876	곡물랩
26	182	51	1 / 6
26	200	36	바베큐닭다리살 곡물랩 + 카사바칩 + 코크제로/로스트닭다리살, 곡물밥, 채소믹스, 적채, 토마토, 옥수수, 슈레드치즈, 바베큐소스 (포함 드레싱: 크리미할라피뇨)
26	248	251	샐러디 샐러드&샌드위치 강남점
26	298	412	5.0(557)
26	308	36	(저당) 닭다리살 MAX 프로틴 박스 세트
26	362	36	17,700원
26	420	36	닭다리살 MAX 프로틴 박스 + 카사바칩 + 코크제로 로스트닭다리살x3, 당근라페, 양파, 옥수수, 채소믹스, 곡물밥x1.5 (추천 드레싱: 저당 스리라차소이) (추천 드레싱을 일반 드레싱으로 변경 시 저당X)
26	528	36	(저당) 치킨 MAX 프로틴 파스타 세트
26	582	36	17,700원
26	640	36	치킨 MAX 프로틴 파스타 + 카사바칩 + 코크제로/닭가슴살x3, 베이컨, 당근라페, 양파, 옥수수, 채소믹스, 바질파스타x2 (추천 드레싱: 저당 레몬허브) (추천 드레싱을 일반 드레싱으로 변경 시 저당X)
26	748	36	(저당) 우삼겹 MAX 프로틴 박스 세트
26	802	36	17,700원
26	860	36	우삼겹 MAX 프로틴 박스 + 카사바칩 + 코크제로/우삼겹x3, 당근라페, 양파, 옥수수, 채소믹스, 곡물밥x1.5 (추천 드레싱: 저당 참깨소이) (추천 드레싱을 일반 드레싱으로 변경 시 저당X)
26	998	42	샌드위치
26	1044	36	쫄깃한 치아바타에 다양한 토핑과 신선한 채소가 어우러진 샌드위치
26	1118	36	[풍미가득] 불고기 반미 샌드위치
26	1172	36	8,500원
26	1230	36	쫄깃한 통밀 치아바타 속 불고기와 당근라페, 적채, 양파가 어우러진 반미 스타일의 치아바타 샌드위치 우삼겹, 양파, 적채, 당근라페, 화이트치즈, 채소믹스, 크리미칠리 드레싱, 통밀 치아바타
26	1308	63	100% (3개)
26	1308	149	ㆍ
26	1308	193	리뷰 (1)
26	1382	36	[새우탱글] 스파이시 쉬림프 샌드위치
26	1417	121	지금 와우 가입하면 배달비 0원 + 25,000원 쿠폰
26	1434	781	가입하기
26	1436	36	10,200원
26	1494	36	쫄깃한 통밀 치아바타 속 탱글탱글한 쉬림프와 알싸한 할라피뇨, 크리미칠리 드레싱이 어우러진 치아바타 샌드위치 케이준 쉬림프, 할라피뇨, 토마토, 슈레드치즈, 화이트치즈, 채소믹스, 통밀 치아바타
26	1516	0	준비중
27	0	381	오픈 준비 중
27	43	36	(저당) 치킨 MAX 프로틴 파스타 세트
27	66	155	샐러디 샐러드&샌드위치 강남점 내 메뉴를 찾아보세요
27	132	36	17,700원
27	151	114	올데이 세트
27	151	290	샌드위치
27	151	438	샐러드
27	151	564	누들볼
27	151	690	포케
27	151	794	랩
27	151	876	곡물랩
27	155	36	치킨 MAX 프로틴 파스타 + 카사바칩 + 코크제로/닭가슴살x3, 베이컨, 당근라페, 양파, 옥수수, 채소믹스, 바질파스타x2 (추천 드레싱: 저당 레몬허브) (추천 드레싱을 일반 드레싱으로 변경 시 저당X)
27	182	51	1 / 6
27	248	251	샐러디 샐러드&샌드위치 강남점
27	263	36	(저당) 우삼겹 MAX 프로틴 박스 세트
27	298	412	5.0(557)
27	317	36	17,700원
27	375	36	우삼겹 MAX 프로틴 박스 + 카사바칩 + 코크제로/우삼겹x3, 당근라페, 양파, 옥수수, 채소믹스, 곡물밥x1.5 (추천 드레싱: 저당 참깨소이) (추천 드레싱을 일반 드레싱으로 변경 시 저당X)
27	513	42	샌드위치
27	559	36	쫄깃한 치아바타에 다양한 토핑과 신선한 채소가 어우러진 샌드위치
27	633	36	[풍미가득] 불고기 반미 샌드위치
27	687	36	8,500원
27	745	36	쫄깃한 통밀 치아바타 속 불고기와 당근라페, 적채, 양파가 어우러진 반미 스타일의 치아바타 샌드위치 우삼겹, 양파, 적채, 당근라페, 화이트치즈, 채소믹스, 크리미칠리 드레싱, 통밀 치아바타
27	823	63	100% (3개)
27	823	149	ㆍ
27	823	193	리뷰 (1)
27	897	36	[새우탱글] 스파이시 쉬림프 샌드위치
27	951	36	10,200원
27	1009	36	쫄깃한 통밀 치아바타 속 탱글탱글한 쉬림프와 알싸한 할라피뇨, 크리미칠리 드레싱이 어우러진 치아바타 샌드위치 케이준 쉬림프, 할라피뇨, 토마토, 슈레드치즈, 화이트치즈, 채소믹스, 통밀 치아바타
27	1117	36	클래식 치킨 샌드위치
27	1171	36	6,800원
27	1229	36	쫄깃한 통밀 치아바타 속 부드러운 닭가슴살과 상큼한 크랜베리, 치즈, 시저드레싱이 어우러진 샌드위치  닭가슴살, 채소믹스, 크랜베리, 토마토, 화이트치즈, 통밀 치아바타
27	1307	63	100% (1개)
27	1307	149	ㆍ
27	1307	193	리뷰 (1)
27	1381	36	비프에그마요 샌드위치
27	1417	121	지금 와우 가입하면 배달비 0원 + 25,000원 쿠폰
27	1434	781	가입하기
27	1435	36	8,700원
27	1493	36	쫄깃한 통밀 치아바타 속 단짠 우삼겹과 부드러운 에그마요, 허니머스타드 드레싱이 어우러진 샌드위치  우삼겹, 에그마요, 옥수수, 당근라페, 슈레드치즈, 화이트치즈, 통밀 치아바타
27	1516	0	준비중
27	1571	63	100% (1개)
27	1571	149	ㆍ
27	1571	193	리뷰 (1)
28	0	0	리뷰 (1)
28	0	381	오픈 준비 중
28	66	155	샐러디 샐러드&샌드위치 강남점 내 메뉴를 찾아보세요
28	147	36	[풍미가득] 불고기 반미 샌드위치
28	151	114	샌드위치
28	151	262	샐러드
28	151	388	누들볼
28	151	514	포케
28	151	618	랩
28	151	700	곡물랩
28	151	826	프로틴 박스(도시락)
28	182	51	1 / 6
28	201	36	8,500원
28	248	251	샐러디 샐러드&샌드위치 강남점
28	259	36	쫄깃한 통밀 치아바타 속 불고기와 당근라페, 적채, 양파가 어우러진 반미 스타일의 치아바타 샌드위치 우삼겹, 양파, 적채, 당근라페, 화이트치즈, 채소믹스, 크리미칠리 드레싱, 통밀 치아바타
28	298	412	5.0(557)
28	337	63	100% (3개)
28	337	149	ㆍ
28	337	193	리뷰 (1)
28	411	36	[새우탱글] 스파이시 쉬림프 샌드위치
28	465	36	10,200원
28	523	36	쫄깃한 통밀 치아바타 속 탱글탱글한 쉬림프와 알싸한 할라피뇨, 크리미칠리 드레싱이 어우러진 치아바타 샌드위치 케이준 쉬림프, 할라피뇨, 토마토, 슈레드치즈, 화이트치즈, 채소믹스, 통밀 치아바타
28	631	36	클래식 치킨 샌드위치
28	685	36	6,800원
28	743	36	쫄깃한 통밀 치아바타 속 부드러운 닭가슴살과 상큼한 크랜베리, 치즈, 시저드레싱이 어우러진 샌드위치  닭가슴살, 채소믹스, 크랜베리, 토마토, 화이트치즈, 통밀 치아바타
28	821	63	100% (1개)
28	821	149	ㆍ
28	821	193	리뷰 (1)
28	895	36	비프에그마요 샌드위치
28	949	36	8,700원
28	1007	36	쫄깃한 통밀 치아바타 속 단짠 우삼겹과 부드러운 에그마요, 허니머스타드 드레싱이 어우러진 샌드위치  우삼겹, 에그마요, 옥수수, 당근라페, 슈레드치즈, 화이트치즈, 통밀 치아바타
28	1085	63	100% (1개)
28	1085	149	ㆍ
28	1085	193	리뷰 (1)
28	1159	36	[잠봉뵈르ST] 잠봉 샌드위치
28	1213	36	9,400원
28	1271	36	쫄깃한 통밀 치아바타 속 잠봉과 토마토, 더블 치즈 풍미가 담은 치아바타 샌드위치 잠봉, 양파, 토마토, 슈레드치즈, 화이트치즈, 채소믹스, 크리미 할라피뇨 드레싱, 통밀 치아바타
28	1349	63	100% (2개)
28	1349	149	ㆍ
28	1349	193	리뷰 (1)
28	1417	121	지금 와우 가입하면 배달비 0원 + 25,000원 쿠폰
28	1423	36	BELT 시저 샌드위치
28	1434	781	가입하기
28	1477	36	8,500원
28	1516	0	준비중
28	1535	36	쫄깃한 통밀 치아바타 속 베이컨과 부드러운 에그, 시저 드레싱의 감칠맛이 더해진　샌드위치 베이컨, 에그, 토마토, 슈레드치즈, 화이트치즈, 채소믹스, 통밀 치아바타
29	0	0	100% (9개)
29	0	0	[식단추천] 탄단지 샐러드
29	0	0	ㆍ
29	0	0	국내산 닭가슴살에 고구마 무스, 견과류로 탄단지를 고루 갖춘 베스트 메뉴 (추천 드레싱 : 오리엔탈) 닭가슴살, 채소믹스, 스윗포테이토, 견과류, 크랜베리
29	0	0	리뷰 (9)
29	0	381	오픈 준비 중
29	66	155	샐러디 샐러드&샌드위치 강남점 내 메뉴를 찾아보세요
29	145	36	클래식 치킨 샌드위치
29	151	114	샌드위치
29	151	262	샐러드
29	151	388	누들볼
29	151	514	포케
29	151	618	랩
29	151	700	곡물랩
29	151	826	프로틴 박스(도시락)
29	182	51	1 / 6
29	199	36	6,800원
29	248	251	샐러디 샐러드&샌드위치 강남점
29	257	36	쫄깃한 통밀 치아바타 속 부드러운 닭가슴살과 상큼한 크랜베리, 치즈, 시저드레싱이 어우러진 샌드위치  닭가슴살, 채소믹스, 크랜베리, 토마토, 화이트치즈, 통밀 치아바타
29	298	412	5.0(557)
29	335	63	100% (1개)
29	335	149	ㆍ
29	335	193	리뷰 (1)
29	409	36	비프에그마요 샌드위치
29	463	36	8,700원
29	521	36	쫄깃한 통밀 치아바타 속 단짠 우삼겹과 부드러운 에그마요, 허니머스타드 드레싱이 어우러진 샌드위치  우삼겹, 에그마요, 옥수수, 당근라페, 슈레드치즈, 화이트치즈, 통밀 치아바타
29	599	63	100% (1개)
29	599	149	ㆍ
29	599	193	리뷰 (1)
29	673	36	[잠봉뵈르ST] 잠봉 샌드위치
29	727	36	9,400원
29	785	36	쫄깃한 통밀 치아바타 속 잠봉과 토마토, 더블 치즈 풍미가 담은 치아바타 샌드위치 잠봉, 양파, 토마토, 슈레드치즈, 화이트치즈, 채소믹스, 크리미 할라피뇨 드레싱, 통밀 치아바타
29	863	63	100% (2개)
29	863	149	ㆍ
29	863	193	리뷰 (1)
29	937	36	BELT 시저 샌드위치
29	991	36	8,500원
29	1049	36	쫄깃한 통밀 치아바타 속 베이컨과 부드러운 에그, 시저 드레싱의 감칠맛이 더해진　샌드위치 베이컨, 에그, 토마토, 슈레드치즈, 화이트치즈, 채소믹스, 통밀 치아바타
29	1127	63	리뷰 (1)
29	1201	36	바질연어 샌드위치
29	1255	36	10,200원
29	1313	36	쫄깃한 통밀 치아바타 속 연어와 바질페스토, 달콤한 스윗포테이토가 어우러진 샌드위치 그라브락스 연어, 채소믹스, 당근라페, 스윗포테이토, 옥수수, 화이트치즈, 통밀 치아바타
29	1391	63	100% (1개)
29	1417	121	지금 와우 가입하면 배달비 0원 + 25,000원 쿠폰
29	1434	781	가입하기
29	1495	42	샐러드
29	1516	0	준비중
29	1541	36	신선한 프리미엄 채소와 다양한 토핑으로 구성된 샐러드
30	0	0	비프에그마요 샌드위치
30	0	381	오픈 준비 중
30	34	36	쫄깃한 통밀 치아바타 속 단짠 우삼겹과 부드러운 에그마요, 허니머스타드 드레싱이 어우러진 샌드위치  우삼겹, 에그마요, 옥수수, 당근라페, 슈레드치즈, 화이트치즈, 통밀 치아바타
30	66	155	샐러디 샐러드&샌드위치 강남점 내 메뉴를 찾아보세요
30	112	63	100% (1개)
30	112	149	ㆍ
30	112	193	리뷰 (1)
30	151	114	샌드위치
30	151	262	샐러드
30	151	388	누들볼
30	151	514	포케
30	151	618	랩
30	151	700	곡물랩
30	151	826	프로틴 박스(도시락)
30	182	51	1 / 6
30	186	36	[잠봉뵈르ST] 잠봉 샌드위치
30	240	36	9,400원
30	248	251	샐러디 샐러드&샌드위치 강남점
30	298	36	쫄깃한 통밀 치아바타 속 잠봉과 토마토, 더블 치즈 풍미가 담은 치아바타 샌드위치 잠봉, 양파, 토마토, 슈레드치즈, 화이트치즈, 채소믹스, 크리미 할라피뇨 드레싱, 통밀 치아바타
30	298	412	5.0(557)
30	376	63	100% (2개)
30	376	149	ㆍ
30	376	193	리뷰 (1)
30	450	36	BELT 시저 샌드위치
30	504	36	8,500원
30	562	36	쫄깃한 통밀 치아바타 속 베이컨과 부드러운 에그, 시저 드레싱의 감칠맛이 더해진　샌드위치 베이컨, 에그, 토마토, 슈레드치즈, 화이트치즈, 채소믹스, 통밀 치아바타
30	640	63	리뷰 (1)
30	714	36	바질연어 샌드위치
30	768	36	10,200원
30	826	36	쫄깃한 통밀 치아바타 속 연어와 바질페스토, 달콤한 스윗포테이토가 어우러진 샌드위치 그라브락스 연어, 채소믹스, 당근라페, 스윗포테이토, 옥수수, 화이트치즈, 통밀 치아바타
30	904	63	100% (1개)
30	1008	42	샐러드
30	1054	36	신선한 프리미엄 채소와 다양한 토핑으로 구성된 샐러드
30	1128	36	[식단추천] 탄단지 샐러드
30	1182	36	9,900원
30	1240	36	국내산 닭가슴살에 고구마 무스, 견과류로 탄단지를 고루 갖춘 베스트 메뉴 (추천 드레싱 : 오리엔탈) 닭가슴살, 채소믹스, 스윗포테이토, 견과류, 크랜베리
30	1318	63	100% (9개)
30	1318	149	ㆍ
30	1318	193	리뷰 (9)
30	1392	36	[다이어트] (저당) 랜치 콥 샐러드
30	1417	121	지금 와우 가입하면 배달비 0원 + 25,000원 쿠폰
30	1434	781	가입하기
30	1446	36	10,200원
30	1504	36	부드러운 닭가슴살, 잠봉, 옥수수, 올리브, 토마토 등 다채로운 토핑의 콥 샐러드 (추천 드레싱 : 랜치) 잠봉, 닭가슴살, 에그, 채소믹스, 옥수수, 올리브, 토마토 (추천 드레싱을 일반 드레싱으로 변경 시 저당X)
30	1516	0	준비중
30	1582	63	100% (5개)
30	1582	149	ㆍ
30	1582	193	리뷰 (5)
31	0	0	100% (11개)
31	0	0	BELT 시저 샌드위치
31	0	0	ㆍ
31	0	0	리뷰 (5)
31	0	381	오픈 준비 중
31	66	155	샐러디 샐러드&샌드위치 강남점 내 메뉴를 찾아보세요
31	69	36	쫄깃한 통밀 치아바타 속 베이컨과 부드러운 에그, 시저 드레싱의 감칠맛이 더해진　샌드위치 베이컨, 에그, 토마토, 슈레드치즈, 화이트치즈, 채소믹스, 통밀 치아바타
31	147	63	리뷰 (1)
31	151	114	샌드위치
31	151	262	샐러드
31	151	388	누들볼
31	151	514	포케
31	151	618	랩
31	151	700	곡물랩
31	151	826	프로틴 박스(도시락)
31	182	51	1 / 6
31	221	36	바질연어 샌드위치
31	248	251	샐러디 샐러드&샌드위치 강남점
31	275	36	10,200원
31	298	412	5.0(557)
31	333	36	쫄깃한 통밀 치아바타 속 연어와 바질페스토, 달콤한 스윗포테이토가 어우러진 샌드위치 그라브락스 연어, 채소믹스, 당근라페, 스윗포테이토, 옥수수, 화이트치즈, 통밀 치아바타
31	411	63	100% (1개)
31	515	42	샐러드
31	561	36	신선한 프리미엄 채소와 다양한 토핑으로 구성된 샐러드
31	635	36	[식단추천] 탄단지 샐러드
31	689	36	9,900원
31	747	36	국내산 닭가슴살에 고구마 무스, 견과류로 탄단지를 고루 갖춘 베스트 메뉴 (추천 드레싱 : 오리엔탈) 닭가슴살, 채소믹스, 스윗포테이토, 견과류, 크랜베리
31	825	63	100% (9개)
31	825	149	ㆍ
31	825	193	리뷰 (9)
31	899	36	[다이어트] (저당) 랜치 콥 샐러드
31	953	36	10,200원
31	1011	36	부드러운 닭가슴살, 잠봉, 옥수수, 올리브, 토마토 등 다채로운 토핑의 콥 샐러드 (추천 드레싱 : 랜치) 잠봉, 닭가슴살, 에그, 채소믹스, 옥수수, 올리브, 토마토 (추천 드레싱을 일반 드레싱으로 변경 시 저당X)
31	1089	63	100% (5개)
31	1089	149	ㆍ
31	1089	193	리뷰 (5)
31	1164	45	주문많음
31	1164	133	리뷰최고
31	1190	36	[인기1등] 로스트닭다리살 샐러드
31	1244	36	11,400원
31	1302	36	쫄깃한 닭다리살과 단호박무스, 할라피뇨 등 다양한 토핑이 어우러진 베스트 샐러드 (추천 드레싱:크리미할라피뇨) 로스트닭다리살, 단호박무스, 채소믹스, 양파, 옥수수, 할라피뇨, 토마토, 양파플레이크
31	1380	63	93% (43개)
31	1380	149	ㆍ
31	1380	193	리뷰 (36)
31	1417	121	지금 와우 가입하면 배달비 0원 + 25,000원 쿠폰
31	1434	781	가입하기
31	1454	36	(저당) 그라브락스 연어 샐러드
31	1508	36	13,700원
31	1516	0	준비중
31	1566	36	숙성한 그라브락스 연어와 계란, 양파 토핑으로 신선함이 살아있는 인기 샐러드 (추천 드레싱 : 저당 레몬허브) 그라브락스 연어, 에그, 채소믹스, 양파, 당근라페, 크리미할라피뇨 (추천 드레싱을 일반 드레싱으로 변경 시 저당X)
32	0	0	100% (6개)
32	0	0	ㆍ
32	0	0	리뷰 (6)
32	0	381	오픈 준비 중
32	66	155	샐러디 샐러드&샌드위치 강남점 내 메뉴를 찾아보세요
32	140	36	[식단추천] 탄단지 샐러드
32	151	114	샐러드
32	151	240	누들볼
32	151	366	포케
32	151	470	랩
32	151	552	곡물랩
32	151	678	프로틴 박스(도시락)
32	182	51	1 / 6
32	194	36	9,900원
32	248	251	샐러디 샐러드&샌드위치 강남점
32	252	36	국내산 닭가슴살에 고구마 무스, 견과류로 탄단지를 고루 갖춘 베스트 메뉴 (추천 드레싱 : 오리엔탈) 닭가슴살, 채소믹스, 스윗포테이토, 견과류, 크랜베리
32	298	412	5.0(557)
32	330	63	100% (9개)
32	330	149	ㆍ
32	330	193	리뷰 (9)
32	404	36	[다이어트] (저당) 랜치 콥 샐러드
32	458	36	10,200원
32	516	36	부드러운 닭가슴살, 잠봉, 옥수수, 올리브, 토마토 등 다채로운 토핑의 콥 샐러드 (추천 드레싱 : 랜치) 잠봉, 닭가슴살, 에그, 채소믹스, 옥수수, 올리브, 토마토 (추천 드레싱을 일반 드레싱으로 변경 시 저당X)
32	594	63	100% (5개)
32	594	149	ㆍ
32	594	193	리뷰 (5)
32	669	45	주문많음
32	669	133	리뷰최고
32	695	36	[인기1등] 로스트닭다리살 샐러드
32	749	36	11,400원
32	807	36	쫄깃한 닭다리살과 단호박무스, 할라피뇨 등 다양한 토핑이 어우러진 베스트 샐러드 (추천 드레싱:크리미할라피뇨) 로스트닭다리살, 단호박무스, 채소믹스, 양파, 옥수수, 할라피뇨, 토마토, 양파플레이크
32	885	63	93% (43개)
32	885	149	ㆍ
32	885	193	리뷰 (36)
32	959	36	(저당) 그라브락스 연어 샐러드
32	1013	36	13,700원
32	1071	36	숙성한 그라브락스 연어와 계란, 양파 토핑으로 신선함이 살아있는 인기 샐러드 (추천 드레싱 : 저당 레몬허브) 그라브락스 연어, 에그, 채소믹스, 양파, 당근라페, 크리미할라피뇨 (추천 드레싱을 일반 드레싱으로 변경 시 저당X)
32	1149	63	100% (11개)
32	1149	159	ㆍ
32	1149	203	리뷰 (5)
32	1223	36	[멕시칸] 타코 쉬림프 샐러드
32	1277	36	12,500원
32	1335	36	신선한 채소에 케이준 쉬림프, 그라운드 비프, 나쵸칩, 사워크림을 더한 타코 스타일의 샐러드 (추천 드레싱: 크리미칠리)케이준 쉬림프, 그라운드비프, 채소믹스, 할라피뇨, 옥수수, 양파, 나쵸칩, 사워크림
32	1413	63	100% (1개)
32	1413	149	ㆍ
32	1413	193	리뷰 (1)
32	1417	121	지금 와우 가입하면 배달비 0원 + 25,000원 쿠폰
32	1434	781	가입하기
32	1487	36	(비건/저당) 노릇두부단호박 샐러드
32	1516	0	준비중
32	1541	36	10,600원
32	1599	36	고소한 두부와 달콤한 단호박이 조화로운 비건 탄단지 샐러드 (추천 드레싱: 저당 발사믹) 두부, 단호박, 채소믹스, 당근라페, 적채, 옥수수, 올리브 (추천 드레싱을 일반 드레싱으로 변경 시 저당X)
33	0	0	[다이어트] (저당) 랜치 콥 샐러드
33	0	381	오픈 준비 중
33	21	36	부드러운 닭가슴살, 잠봉, 옥수수, 올리브, 토마토 등 다채로운 토핑의 콥 샐러드 (추천 드레싱 : 랜치) 잠봉, 닭가슴살, 에그, 채소믹스, 옥수수, 올리브, 토마토 (추천 드레싱을 일반 드레싱으로 변경 시 저당X)
33	66	155	샐러디 샐러드&샌드위치 강남점 내 메뉴를 찾아보세요
33	99	63	100% (5개)
33	99	149	ㆍ
33	99	193	리뷰 (5)
33	151	114	샐러드
33	151	240	누들볼
33	151	366	포케
33	151	470	랩
33	151	552	곡물랩
33	151	678	프로틴 박스(도시락)
33	174	45	주문많음
33	174	133	리뷰최고
33	182	51	1 / 6
33	200	36	[인기1등] 로스트닭다리살 샐러드
33	248	251	샐러디 샐러드&샌드위치 강남점
33	254	36	11,400원
33	298	412	5.0(557)
33	312	36	쫄깃한 닭다리살과 단호박무스, 할라피뇨 등 다양한 토핑이 어우러진 베스트 샐러드 (추천 드레싱:크리미할라피뇨) 로스트닭다리살, 단호박무스, 채소믹스, 양파, 옥수수, 할라피뇨, 토마토, 양파플레이크
33	390	63	93% (43개)
33	390	149	ㆍ
33	390	193	리뷰 (36)
33	464	36	(저당) 그라브락스 연어 샐러드
33	518	36	13,700원
33	576	36	숙성한 그라브락스 연어와 계란, 양파 토핑으로 신선함이 살아있는 인기 샐러드 (추천 드레싱 : 저당 레몬허브) 그라브락스 연어, 에그, 채소믹스, 양파, 당근라페, 크리미할라피뇨 (추천 드레싱을 일반 드레싱으로 변경 시 저당X)
33	654	63	100% (11개)
33	654	159	ㆍ
33	654	203	리뷰 (5)
33	728	36	[멕시칸] 타코 쉬림프 샐러드
33	782	36	12,500원
33	840	36	신선한 채소에 케이준 쉬림프, 그라운드 비프, 나쵸칩, 사워크림을 더한 타코 스타일의 샐러드 (추천 드레싱: 크리미칠리)케이준 쉬림프, 그라운드비프, 채소믹스, 할라피뇨, 옥수수, 양파, 나쵸칩, 사워크림
33	918	63	100% (1개)
33	918	149	ㆍ
33	918	193	리뷰 (1)
33	992	36	(비건/저당) 노릇두부단호박 샐러드
33	1046	36	10,600원
33	1104	36	고소한 두부와 달콤한 단호박이 조화로운 비건 탄단지 샐러드 (추천 드레싱: 저당 발사믹) 두부, 단호박, 채소믹스, 당근라페, 적채, 옥수수, 올리브 (추천 드레싱을 일반 드레싱으로 변경 시 저당X)
33	1182	63	100% (6개)
33	1182	149	ㆍ
33	1182	193	리뷰 (6)
33	1286	42	누들볼
33	1332	36	신선한 채소에 메밀면 또는 파스타를 더해 더 맛있게 즐기는 누들 샐러드
33	1406	36	[매콤달콤] 비빔메밀면 누들볼
33	1417	121	지금 와우 가입하면 배달비 0원 + 25,000원 쿠폰
33	1434	781	가입하기
33	1460	36	7,900원
33	1516	0	준비중
33	1518	36	고소한 메밀면에 신선한 채소와 계란, 매콤달콤한 고추장 드레싱이 어우러진 메뉴 (추천 드레싱: 고추장비빔) 메밀면, 에그, 채소믹스, 양파, 적채 후리가케
33	1596	63	100% (4개)
34	0	0	89% (18개)
34	0	0	ㆍ
34	0	0	리뷰 (21)
34	0	36	(저당) 그라브락스 연어 샐러드
34	0	381	오픈 준비 중
34	66	155	샐러디 샐러드&샌드위치 강남점 내 메뉴를 찾아보세요
34	89	36	숙성한 그라브락스 연어와 계란, 양파 토핑으로 신선함이 살아있는 인기 샐러드 (추천 드레싱 : 저당 레몬허브) 그라브락스 연어, 에그, 채소믹스, 양파, 당근라페, 크리미할라피뇨 (추천 드레싱을 일반 드레싱으로 변경 시 저당X)
34	151	114	샐러드
34	151	240	누들볼
34	151	366	포케
34	151	470	랩
34	151	552	곡물랩
34	151	678	프로틴 박스(도시락)
34	167	63	100% (11개)
34	167	159	ㆍ
34	167	203	리뷰 (5)
34	182	51	1 / 6
34	241	36	[멕시칸] 타코 쉬림프 샐러드
34	248	251	샐러디 샐러드&샌드위치 강남점
34	295	36	12,500원
34	298	412	5.0(557)
34	353	36	신선한 채소에 케이준 쉬림프, 그라운드 비프, 나쵸칩, 사워크림을 더한 타코 스타일의 샐러드 (추천 드레싱: 크리미칠리)케이준 쉬림프, 그라운드비프, 채소믹스, 할라피뇨, 옥수수, 양파, 나쵸칩, 사워크림
34	431	63	100% (1개)
34	431	149	ㆍ
34	431	193	리뷰 (1)
34	505	36	(비건/저당) 노릇두부단호박 샐러드
34	559	36	10,600원
34	617	36	고소한 두부와 달콤한 단호박이 조화로운 비건 탄단지 샐러드 (추천 드레싱: 저당 발사믹) 두부, 단호박, 채소믹스, 당근라페, 적채, 옥수수, 올리브 (추천 드레싱을 일반 드레싱으로 변경 시 저당X)
34	695	63	100% (6개)
34	695	149	ㆍ
34	695	193	리뷰 (6)
34	799	42	누들볼
34	845	36	신선한 채소에 메밀면 또는 파스타를 더해 더 맛있게 즐기는 누들 샐러드
34	919	36	[매콤달콤] 비빔메밀면 누들볼
34	973	36	7,900원
34	1031	36	고소한 메밀면에 신선한 채소와 계란, 매콤달콤한 고추장 드레싱이 어우러진 메뉴 (추천 드레싱: 고추장비빔) 메밀면, 에그, 채소믹스, 양파, 적채 후리가케
34	1109	63	100% (4개)
34	1183	36	(저당) 그라브락스 연어 파스타 누들볼
34	1237	36	13,700원
34	1295	36	북유럽 방식으로 숙성한 그라브락스 연어에 향긋한 바질파스타를 더한 파스타 샐러드 (추천 드레싱 : 저당 발사믹)  그라브락스 연어, 바질파스타, 채소믹스, 양파, 옥수수, 올리브 (추천 드레싱을 일반 드레싱으로 변경 시 저당X)
34	1373	63	100% (2개)
34	1373	149	ㆍ
34	1373	193	리뷰 (2)
34	1417	121	지금 와우 가입하면 배달비 0원 + 25,000원 쿠폰
34	1434	781	가입하기
34	1447	36	우삼겹메밀면 누들볼
34	1501	36	10,700원
34	1516	0	준비중
34	1559	36	감칠맛 있는 간장소스로 양념 한 우삼겹과 고소한 메밀면 조합으로 한 층 더 풍부한 맛을 즐길 수 있는 샐러디 인기 메뉴 (추천 드레싱: 오리엔탈) / 우삼겹, 메밀면, 적채, 양파, 견과류, 채소믹스
35	0	0	100% (17개)
35	0	0	ㆍ
35	0	0	고소한 베이컨, 계란, 옥수수와 크리미칠리 소스가 조화로운 샐러디 베스트 메뉴 (추천 드레싱: 크리미칠리) 베이컨, 에그, 채소믹스, 곡물밥, 양파, 적채, 옥수수, 후리가케, 양파플레이크
35	0	0	리뷰 (9)
35	0	381	오픈 준비 중
35	12	36	(비건/저당) 노릇두부단호박 샐러드
35	66	155	샐러디 샐러드&샌드위치 강남점 내 메뉴를 찾아보세요
35	124	36	고소한 두부와 달콤한 단호박이 조화로운 비건 탄단지 샐러드 (추천 드레싱: 저당 발사믹) 두부, 단호박, 채소믹스, 당근라페, 적채, 옥수수, 올리브 (추천 드레싱을 일반 드레싱으로 변경 시 저당X)
35	151	114	샐러드
35	151	240	누들볼
35	151	366	포케
35	151	470	랩
35	151	552	곡물랩
35	151	678	프로틴 박스(도시락)
35	182	51	1 / 6
35	202	63	100% (6개)
35	202	149	ㆍ
35	202	193	리뷰 (6)
35	248	251	샐러디 샐러드&샌드위치 강남점
35	298	412	5.0(557)
35	306	42	누들볼
35	352	36	신선한 채소에 메밀면 또는 파스타를 더해 더 맛있게 즐기는 누들 샐러드
35	426	36	[매콤달콤] 비빔메밀면 누들볼
35	480	36	7,900원
35	538	36	고소한 메밀면에 신선한 채소와 계란, 매콤달콤한 고추장 드레싱이 어우러진 메뉴 (추천 드레싱: 고추장비빔) 메밀면, 에그, 채소믹스, 양파, 적채 후리가케
35	616	63	100% (4개)
35	690	36	(저당) 그라브락스 연어 파스타 누들볼
35	744	36	13,700원
35	802	36	북유럽 방식으로 숙성한 그라브락스 연어에 향긋한 바질파스타를 더한 파스타 샐러드 (추천 드레싱 : 저당 발사믹)  그라브락스 연어, 바질파스타, 채소믹스, 양파, 옥수수, 올리브 (추천 드레싱을 일반 드레싱으로 변경 시 저당X)
35	880	63	100% (2개)
35	880	149	ㆍ
35	880	193	리뷰 (2)
35	954	36	우삼겹메밀면 누들볼
35	1008	36	10,700원
35	1066	36	감칠맛 있는 간장소스로 양념 한 우삼겹과 고소한 메밀면 조합으로 한 층 더 풍부한 맛을 즐길 수 있는 샐러디 인기 메뉴 (추천 드레싱: 오리엔탈) / 우삼겹, 메밀면, 적채, 양파, 견과류, 채소믹스
35	1144	63	89% (18개)
35	1144	149	ㆍ
35	1144	193	리뷰 (21)
35	1218	36	[샐러드파스타] 고소삼겹 들기름파스타 누들볼
35	1272	36	11,400원
35	1330	36	건강한 듀럼밀 파스타에 고소한 들기름과 든든한 로스트삼겹을 더한 누들볼 (추천 드레싱 : 오리엔탈)  로스트삼겹, 파스타면, (저당)들기름소이, 머쉬룸, 채소믹스, 양파, 적채, 후리가케
35	1417	121	지금 와우 가입하면 배달비 0원 + 25,000원 쿠폰
35	1434	781	가입하기
35	1468	42	포케
35	1514	36	샐러디의 시그니처 포케와 채소 토핑을 더한 건강한 덮밥
35	1516	0	준비중
35	1588	36	칠리베이컨 포케
36	0	0	[매콤달콤] 비빔메밀면 누들볼
36	0	381	오픈 준비 중
36	51	36	고소한 메밀면에 신선한 채소와 계란, 매콤달콤한 고추장 드레싱이 어우러진 메뉴 (추천 드레싱: 고추장비빔) 메밀면, 에그, 채소믹스, 양파, 적채 후리가케
36	66	155	샐러디 샐러드&샌드위치 강남점 내 메뉴를 찾아보세요
36	129	63	100% (4개)
36	151	114	누들볼
36	151	240	포케
36	151	344	랩
36	151	426	곡물랩
36	151	552	프로틴 박스(도시락)
36	151	810	마이 샐러디
36	182	51	1 / 6
36	203	36	(저당) 그라브락스 연어 파스타 누들볼
36	248	251	샐러디 샐러드&샌드위치 강남점
36	257	36	13,700원
36	298	412	5.0(557)
36	315	36	북유럽 방식으로 숙성한 그라브락스 연어에 향긋한 바질파스타를 더한 파스타 샐러드 (추천 드레싱 : 저당 발사믹)  그라브락스 연어, 바질파스타, 채소믹스, 양파, 옥수수, 올리브 (추천 드레싱을 일반 드레싱으로 변경 시 저당X)
36	393	63	100% (2개)
36	393	149	ㆍ
36	393	193	리뷰 (2)
36	467	36	우삼겹메밀면 누들볼
36	521	36	10,700원
36	579	36	감칠맛 있는 간장소스로 양념 한 우삼겹과 고소한 메밀면 조합으로 한 층 더 풍부한 맛을 즐길 수 있는 샐러디 인기 메뉴 (추천 드레싱: 오리엔탈) / 우삼겹, 메밀면, 적채, 양파, 견과류, 채소믹스
36	657	63	89% (18개)
36	657	149	ㆍ
36	657	193	리뷰 (21)
36	731	36	[샐러드파스타] 고소삼겹 들기름파스타 누들볼
36	785	36	11,400원
36	843	36	건강한 듀럼밀 파스타에 고소한 들기름과 든든한 로스트삼겹을 더한 누들볼 (추천 드레싱 : 오리엔탈)  로스트삼겹, 파스타면, (저당)들기름소이, 머쉬룸, 채소믹스, 양파, 적채, 후리가케
36	981	42	포케
36	1027	36	샐러디의 시그니처 포케와 채소 토핑을 더한 건강한 덮밥
36	1101	36	칠리베이컨 포케
36	1155	36	10,200원
36	1213	36	고소한 베이컨, 계란, 옥수수와 크리미칠리 소스가 조화로운 샐러디 베스트 메뉴 (추천 드레싱: 크리미칠리) 베이컨, 에그, 채소믹스, 곡물밥, 양파, 적채, 옥수수, 후리가케, 양파플레이크
36	1291	63	100% (17개)
36	1291	159	ㆍ
36	1291	203	리뷰 (9)
36	1365	36	[달달불백] 우삼겹 포케
36	1417	121	지금 와우 가입하면 배달비 0원 + 25,000원 쿠폰
36	1419	36	10,800원
36	1434	781	가입하기
36	1477	36	간장 우삼겹에 고소한 견과류, 통곡물, 적채 등 풍성한 토핑을 더한 포케 (추천 드레싱: 오리엔탈) 우삼겹, 머쉬룸, 채소믹스, 곡물밥, 양파, 적채, 견과류, 후리가케, 양파플레이크
36	1516	0	준비중
36	1555	63	92% (12개)
36	1555	149	ㆍ
36	1555	193	리뷰 (9)
37	0	36	우삼겹메밀면 누들볼
37	0	381	오픈 준비 중
37	66	155	샐러디 샐러드&샌드위치 강남점 내 메뉴를 찾아보세요
37	92	36	감칠맛 있는 간장소스로 양념 한 우삼겹과 고소한 메밀면 조합으로 한 층 더 풍부한 맛을 즐길 수 있는 샐러디 인기 메뉴 (추천 드레싱: 오리엔탈) / 우삼겹, 메밀면, 적채, 양파, 견과류, 채소믹스
37	151	114	누들볼
37	151	240	포케
37	151	344	랩
37	151	426	곡물랩
37	151	552	프로틴 박스(도시락)
37	151	810	마이 샐러디
37	170	63	89% (18개)
37	170	149	ㆍ
37	170	193	리뷰 (21)
37	182	51	1 / 6
37	244	36	[샐러드파스타] 고소삼겹 들기름파스타 누들볼
37	248	251	샐러디 샐러드&샌드위치 강남점
37	298	36	11,400원
37	298	412	5.0(557)
37	356	36	건강한 듀럼밀 파스타에 고소한 들기름과 든든한 로스트삼겹을 더한 누들볼 (추천 드레싱 : 오리엔탈)  로스트삼겹, 파스타면, (저당)들기름소이, 머쉬룸, 채소믹스, 양파, 적채, 후리가케
37	494	42	포케
37	540	36	샐러디의 시그니처 포케와 채소 토핑을 더한 건강한 덮밥
37	614	36	칠리베이컨 포케
37	668	36	10,200원
37	726	36	고소한 베이컨, 계란, 옥수수와 크리미칠리 소스가 조화로운 샐러디 베스트 메뉴 (추천 드레싱: 크리미칠리) 베이컨, 에그, 채소믹스, 곡물밥, 양파, 적채, 옥수수, 후리가케, 양파플레이크
37	804	63	100% (17개)
37	804	159	ㆍ
37	804	203	리뷰 (9)
37	878	36	[달달불백] 우삼겹 포케
37	932	36	10,800원
37	990	36	간장 우삼겹에 고소한 견과류, 통곡물, 적채 등 풍성한 토핑을 더한 포케 (추천 드레싱: 오리엔탈) 우삼겹, 머쉬룸, 채소믹스, 곡물밥, 양파, 적채, 견과류, 후리가케, 양파플레이크
37	1068	63	92% (12개)
37	1068	149	ㆍ
37	1068	193	리뷰 (9)
37	1142	36	(비건) 노릇노릇두부 포케
37	1196	36	10,200원
37	1254	36	고소한 두부와 쫄깃한 버섯에 토핑을 더해 담백한 비건 포케메뉴 (추천 드레싱: 크리미할라피뇨) 머쉬룸, 두부, 채소믹스, 곡물밥, 양파, 적채, 옥수수, 견과류, 할라피뇨
37	1332	63	100% (2개)
37	1332	149	ㆍ
37	1332	193	리뷰 (2)
37	1406	36	[치밥스타일] 바베큐닭다리살 포케
37	1417	121	지금 와우 가입하면 배달비 0원 + 25,000원 쿠폰
37	1434	781	가입하기
37	1460	36	11,400원
37	1516	0	준비중
37	1518	36	닭다리살에 계란과 매콤달콤한 바베큐소스를 곁들인 중독성 강한 치밥 스타일 포케 (추천 드레싱: 저당 스리라차소이) 로스트닭다리살, 에그, 채소믹스, 곡물밥, 적채, 옥수수, 양파, 양파플레이크, 후리가케, 바베큐소스 (추천 드레싱을 일반 드레싱으로 변경 시 저당X)
37	1596	63	100% (3개)
37	1596	149	ㆍ
37	1596	193	리뷰 (8)
38	0	0	100% (1개)
38	0	0	ㆍ
38	0	0	리뷰 (1)
38	0	381	오픈 준비 중
38	66	155	샐러디 샐러드&샌드위치 강남점 내 메뉴를 찾아보세요
38	121	36	칠리베이컨 포케
38	151	114	포케
38	151	218	랩
38	151	300	곡물랩
38	151	426	프로틴 박스(도시락)
38	151	684	마이 샐러디
38	151	860	사이드
38	175	36	10,200원
38	182	51	1 / 6
38	233	36	고소한 베이컨, 계란, 옥수수와 크리미칠리 소스가 조화로운 샐러디 베스트 메뉴 (추천 드레싱: 크리미칠리) 베이컨, 에그, 채소믹스, 곡물밥, 양파, 적채, 옥수수, 후리가케, 양파플레이크
38	248	251	샐러디 샐러드&샌드위치 강남점
38	298	412	5.0(557)
38	311	63	100% (17개)
38	311	159	ㆍ
38	311	203	리뷰 (9)
38	385	36	[달달불백] 우삼겹 포케
38	439	36	10,800원
38	497	36	간장 우삼겹에 고소한 견과류, 통곡물, 적채 등 풍성한 토핑을 더한 포케 (추천 드레싱: 오리엔탈) 우삼겹, 머쉬룸, 채소믹스, 곡물밥, 양파, 적채, 견과류, 후리가케, 양파플레이크
38	575	63	92% (12개)
38	575	149	ㆍ
38	575	193	리뷰 (9)
38	649	36	(비건) 노릇노릇두부 포케
38	703	36	10,200원
38	761	36	고소한 두부와 쫄깃한 버섯에 토핑을 더해 담백한 비건 포케메뉴 (추천 드레싱: 크리미할라피뇨) 머쉬룸, 두부, 채소믹스, 곡물밥, 양파, 적채, 옥수수, 견과류, 할라피뇨
38	839	63	100% (2개)
38	839	149	ㆍ
38	839	193	리뷰 (2)
38	913	36	[치밥스타일] 바베큐닭다리살 포케
38	967	36	11,400원
38	1025	36	닭다리살에 계란과 매콤달콤한 바베큐소스를 곁들인 중독성 강한 치밥 스타일 포케 (추천 드레싱: 저당 스리라차소이) 로스트닭다리살, 에그, 채소믹스, 곡물밥, 적채, 옥수수, 양파, 양파플레이크, 후리가케, 바베큐소스 (추천 드레싱을 일반 드레싱으로 변경 시 저당X)
38	1103	63	100% (3개)
38	1103	149	ㆍ
38	1103	193	리뷰 (8)
38	1177	36	[연어덮밥ST] 그라브락스 연어 포케
38	1231	36	13,100원
38	1289	36	숙성한 그라브락스 연어와 통곡물, 적채, 후리가케 등 포케 토핑이 어우러진 샐러디 대표 포케 메뉴 (추천 드레싱: 저당 참깨소이) 그라브락스 연어, 채소믹스, 곡물밥, 양파, 적채, 옥수수, 올리브, 후리가케, 양파플레이크
38	1367	63	100% (1개)
38	1417	121	지금 와우 가입하면 배달비 0원 + 25,000원 쿠폰
38	1434	781	가입하기
38	1441	36	[삼겹살] 로스트삼겹 포케
38	1495	36	11,400원
38	1516	0	준비중
38	1553	36	로스트 삼겹살에 양파플레이크, 포케 토핑을 더한 매콤 삼겹 포케 (추천드레싱: 고추장비빔) 로스트삼겹, 머쉬룸, 채소믹스, 곡물밥, 적채, 양파, 옥수수, 후리가케, 양파플레이크
39	0	0	100% (1개)
39	0	381	오픈 준비 중
39	66	155	샐러디 샐러드&샌드위치 강남점 내 메뉴를 찾아보세요
39	151	114	포케
39	151	218	랩
39	151	300	곡물랩
39	151	426	프로틴 박스(도시락)
39	151	684	마이 샐러디
39	151	860	사이드
39	156	36	(비건) 노릇노릇두부 포케
39	182	51	1 / 6
39	210	36	10,200원
39	248	251	샐러디 샐러드&샌드위치 강남점
39	268	36	고소한 두부와 쫄깃한 버섯에 토핑을 더해 담백한 비건 포케메뉴 (추천 드레싱: 크리미할라피뇨) 머쉬룸, 두부, 채소믹스, 곡물밥, 양파, 적채, 옥수수, 견과류, 할라피뇨
39	298	412	5.0(557)
39	346	63	100% (2개)
39	346	149	ㆍ
39	346	193	리뷰 (2)
39	420	36	[치밥스타일] 바베큐닭다리살 포케
39	474	36	11,400원
39	532	36	닭다리살에 계란과 매콤달콤한 바베큐소스를 곁들인 중독성 강한 치밥 스타일 포케 (추천 드레싱: 저당 스리라차소이) 로스트닭다리살, 에그, 채소믹스, 곡물밥, 적채, 옥수수, 양파, 양파플레이크, 후리가케, 바베큐소스 (추천 드레싱을 일반 드레싱으로 변경 시 저당X)
39	610	63	100% (3개)
39	610	149	ㆍ
39	610	193	리뷰 (8)
39	684	36	[연어덮밥ST] 그라브락스 연어 포케
39	738	36	13,100원
39	796	36	숙성한 그라브락스 연어와 통곡물, 적채, 후리가케 등 포케 토핑이 어우러진 샐러디 대표 포케 메뉴 (추천 드레싱: 저당 참깨소이) 그라브락스 연어, 채소믹스, 곡물밥, 양파, 적채, 옥수수, 올리브, 후리가케, 양파플레이크
39	874	63	100% (1개)
39	948	36	[삼겹살] 로스트삼겹 포케
39	1002	36	11,400원
39	1060	36	로스트 삼겹살에 양파플레이크, 포케 토핑을 더한 매콤 삼겹 포케 (추천드레싱: 고추장비빔) 로스트삼겹, 머쉬룸, 채소믹스, 곡물밥, 적채, 양파, 옥수수, 후리가케, 양파플레이크
39	1138	63	100% (1개)
39	1138	149	ㆍ
39	1138	193	리뷰 (1)
39	1212	36	[단짠단짠] 바베큐삼겹 덮밥
39	1266	36	9,100원
39	1324	36	참기름, 간장 베이스 곡물밥에 매콤한 바베큐삼겹과 스크램블 에그, 적채, 양파를 더한 건강한 덮밥로스트삼겹, 스크램블 에그, 곡물밥, 적채, 양파, 옥수수, 김자반, 데리야끼소스, 바베큐소스, 참기름 (*채소믹스 미포함, 드레싱 미제공)
39	1417	121	지금 와우 가입하면 배달비 0원 + 25,000원 쿠폰
39	1432	36	[치킨마요] 로스트닭다리살 덮밥
39	1434	781	가입하기
39	1486	36	9,700원
39	1516	0	준비중
39	1544	36	참기름, 간장 베이스 곡물밥에 닭다리살 마요와 스크램블 에그, 적채, 양파를 더한 건강한 덮밥로스트닭다리살, 스크램블 에그, 곡물밥, 적채, 양파, 옥수수, 김자반, 데리야끼소스, 시저 드레싱, 참기름 (*채소믹스 미포함, 드레싱 미제공)
40	0	0	98% (54개)
40	0	0	[치밥스타일] 바베큐닭다리살 포케
40	0	0	ㆍ
40	0	0	또띠아 속 매콤달콤한 크리미칠리 드레싱과 그라운드비프, 나쵸 토핑이 어우러진 샐러디 베스트 랩 샌드위치 그라운드비프, 채소믹스, 나쵸칩, 사워크림
40	0	0	리뷰 (25)
40	0	0	리뷰최고
40	0	0	멕시칸 랩
40	0	0	주문많음
40	0	381	오픈 준비 중
40	45	36	닭다리살에 계란과 매콤달콤한 바베큐소스를 곁들인 중독성 강한 치밥 스타일 포케 (추천 드레싱: 저당 스리라차소이) 로스트닭다리살, 에그, 채소믹스, 곡물밥, 적채, 옥수수, 양파, 양파플레이크, 후리가케, 바베큐소스 (추천 드레싱을 일반 드레싱으로 변경 시 저당X)
40	66	155	샐러디 샐러드&샌드위치 강남점 내 메뉴를 찾아보세요
40	123	63	100% (3개)
40	123	149	ㆍ
40	123	193	리뷰 (8)
40	151	114	포케
40	151	218	랩
40	151	300	곡물랩
40	151	426	프로틴 박스(도시락)
40	151	684	마이 샐러디
40	151	860	사이드
40	182	51	1 / 6
40	197	36	[연어덮밥ST] 그라브락스 연어 포케
40	248	251	샐러디 샐러드&샌드위치 강남점
40	251	36	13,100원
40	298	412	5.0(557)
40	309	36	숙성한 그라브락스 연어와 통곡물, 적채, 후리가케 등 포케 토핑이 어우러진 샐러디 대표 포케 메뉴 (추천 드레싱: 저당 참깨소이) 그라브락스 연어, 채소믹스, 곡물밥, 양파, 적채, 옥수수, 올리브, 후리가케, 양파플레이크
40	387	63	100% (1개)
40	461	36	[삼겹살] 로스트삼겹 포케
40	515	36	11,400원
40	573	36	로스트 삼겹살에 양파플레이크, 포케 토핑을 더한 매콤 삼겹 포케 (추천드레싱: 고추장비빔) 로스트삼겹, 머쉬룸, 채소믹스, 곡물밥, 적채, 양파, 옥수수, 후리가케, 양파플레이크
40	651	63	100% (1개)
40	651	149	ㆍ
40	651	193	리뷰 (1)
40	725	36	[단짠단짠] 바베큐삼겹 덮밥
40	779	36	9,100원
40	837	36	참기름, 간장 베이스 곡물밥에 매콤한 바베큐삼겹과 스크램블 에그, 적채, 양파를 더한 건강한 덮밥로스트삼겹, 스크램블 에그, 곡물밥, 적채, 양파, 옥수수, 김자반, 데리야끼소스, 바베큐소스, 참기름 (*채소믹스 미포함, 드레싱 미제공)
40	945	36	[치킨마요] 로스트닭다리살 덮밥
40	999	36	9,700원
40	1057	36	참기름, 간장 베이스 곡물밥에 닭다리살 마요와 스크램블 에그, 적채, 양파를 더한 건강한 덮밥로스트닭다리살, 스크램블 에그, 곡물밥, 적채, 양파, 옥수수, 김자반, 데리야끼소스, 시저 드레싱, 참기름 (*채소믹스 미포함, 드레싱 미제공)
40	1135	63	100% (1개)
40	1239	42	랩
40	1285	36	또띠아에 다양한 토핑과 신선한 채소를 가득 채운 랩 샌드위치
40	1359	36	[가성비갑] 에그마요 랩
40	1413	36	6,300원
40	1417	121	지금 와우 가입하면 배달비 0원 + 25,000원 쿠폰
40	1434	781	가입하기
40	1471	36	또띠아 속 부드러운 에그마요와 매콤한 크리미할라피뇨 소스, 옥수수, 바삭한 나쵸가 토핑된 랩 샌드위치  에그마요, 옥수수, 베이컨, 나쵸칩
40	1516	0	준비중
40	1549	63	100% (20개)
40	1549	159	ㆍ
40	1549	203	리뷰 (11)
41	0	0	86% (7개)
41	0	0	ㆍ
41	0	0	리뷰 (5)
41	0	36	[삼겹살] 로스트삼겹 포케
41	0	381	오픈 준비 중
41	66	155	샐러디 샐러드&샌드위치 강남점 내 메뉴를 찾아보세요
41	81	36	로스트 삼겹살에 양파플레이크, 포케 토핑을 더한 매콤 삼겹 포케 (추천드레싱: 고추장비빔) 로스트삼겹, 머쉬룸, 채소믹스, 곡물밥, 적채, 양파, 옥수수, 후리가케, 양파플레이크
41	151	114	포케
41	151	218	랩
41	151	300	곡물랩
41	151	426	프로틴 박스(도시락)
41	151	684	마이 샐러디
41	151	860	사이드
41	159	63	100% (1개)
41	159	149	ㆍ
41	159	193	리뷰 (1)
41	182	51	1 / 6
41	233	36	[단짠단짠] 바베큐삼겹 덮밥
41	248	251	샐러디 샐러드&샌드위치 강남점
41	287	36	9,100원
41	298	412	5.0(557)
41	345	36	참기름, 간장 베이스 곡물밥에 매콤한 바베큐삼겹과 스크램블 에그, 적채, 양파를 더한 건강한 덮밥로스트삼겹, 스크램블 에그, 곡물밥, 적채, 양파, 옥수수, 김자반, 데리야끼소스, 바베큐소스, 참기름 (*채소믹스 미포함, 드레싱 미제공)
41	453	36	[치킨마요] 로스트닭다리살 덮밥
41	507	36	9,700원
41	565	36	참기름, 간장 베이스 곡물밥에 닭다리살 마요와 스크램블 에그, 적채, 양파를 더한 건강한 덮밥로스트닭다리살, 스크램블 에그, 곡물밥, 적채, 양파, 옥수수, 김자반, 데리야끼소스, 시저 드레싱, 참기름 (*채소믹스 미포함, 드레싱 미제공)
41	643	63	100% (1개)
41	747	42	랩
41	793	36	또띠아에 다양한 토핑과 신선한 채소를 가득 채운 랩 샌드위치
41	867	36	[가성비갑] 에그마요 랩
41	921	36	6,300원
41	979	36	또띠아 속 부드러운 에그마요와 매콤한 크리미할라피뇨 소스, 옥수수, 바삭한 나쵸가 토핑된 랩 샌드위치  에그마요, 옥수수, 베이컨, 나쵸칩
41	1057	63	100% (20개)
41	1057	159	ㆍ
41	1057	203	리뷰 (11)
41	1132	45	주문많음
41	1132	133	리뷰최고
41	1158	36	멕시칸 랩
41	1212	36	8,300원
41	1270	36	또띠아 속 매콤달콤한 크리미칠리 드레싱과 그라운드비프, 나쵸 토핑이 어우러진 샐러디 베스트 랩 샌드위치 그라운드비프, 채소믹스, 나쵸칩, 사워크림
41	1348	63	98% (54개)
41	1348	149	ㆍ
41	1348	193	리뷰 (25)
41	1417	121	지금 와우 가입하면 배달비 0원 + 25,000원 쿠폰
41	1422	36	[닭가슴살] 시저치킨 랩
41	1434	781	가입하기
41	1476	36	8,300원
41	1516	0	준비중
41	1534	36	또띠아 속 부드러운 닭가슴살과 상큼한 크랜베리, 풍미가득 시저드레싱이 어우러진 랩 샌드위치 닭가슴살, 채소믹스, 크랜베리
42	0	0	[치킨마요] 로스트닭다리살 덮밥
42	0	381	오픈 준비 중
42	66	155	샐러디 샐러드&샌드위치 강남점 내 메뉴를 찾아보세요
42	71	36	참기름, 간장 베이스 곡물밥에 닭다리살 마요와 스크램블 에그, 적채, 양파를 더한 건강한 덮밥로스트닭다리살, 스크램블 에그, 곡물밥, 적채, 양파, 옥수수, 김자반, 데리야끼소스, 시저 드레싱, 참기름 (*채소믹스 미포함, 드레싱 미제공)
42	149	63	100% (1개)
42	151	114	포케
42	151	218	랩
42	151	300	곡물랩
42	151	426	프로틴 박스(도시락)
42	151	684	마이 샐러디
42	151	860	사이드
42	182	51	1 / 6
42	248	251	샐러디 샐러드&샌드위치 강남점
42	253	42	랩
42	298	412	5.0(557)
42	299	36	또띠아에 다양한 토핑과 신선한 채소를 가득 채운 랩 샌드위치
42	373	36	[가성비갑] 에그마요 랩
42	427	36	6,300원
42	485	36	또띠아 속 부드러운 에그마요와 매콤한 크리미할라피뇨 소스, 옥수수, 바삭한 나쵸가 토핑된 랩 샌드위치  에그마요, 옥수수, 베이컨, 나쵸칩
42	563	63	100% (20개)
42	563	159	ㆍ
42	563	203	리뷰 (11)
42	638	45	주문많음
42	638	133	리뷰최고
42	664	36	멕시칸 랩
42	718	36	8,300원
42	776	36	또띠아 속 매콤달콤한 크리미칠리 드레싱과 그라운드비프, 나쵸 토핑이 어우러진 샐러디 베스트 랩 샌드위치 그라운드비프, 채소믹스, 나쵸칩, 사워크림
42	854	63	98% (54개)
42	854	149	ㆍ
42	854	193	리뷰 (25)
42	928	36	[닭가슴살] 시저치킨 랩
42	982	36	8,300원
42	1040	36	또띠아 속 부드러운 닭가슴살과 상큼한 크랜베리, 풍미가득 시저드레싱이 어우러진 랩 샌드위치 닭가슴살, 채소믹스, 크랜베리
42	1118	63	86% (7개)
42	1118	139	ㆍ
42	1118	183	리뷰 (5)
42	1192	36	[다이어터 추천] 바질치킨 랩
42	1246	36	9,100원
42	1304	36	또띠아 속 향긋한 바질페스토와 부드러운 닭가슴살이 어우러진 랩 샌드위치/ 닭가슴살, 바질페스토, 크랜베리, 채소믹스, 시저 드레싱
42	1382	63	리뷰 (1)
42	1417	121	지금 와우 가입하면 배달비 0원 + 25,000원 쿠폰
42	1434	781	가입하기
42	1456	36	타코 쉬림프 랩
42	1510	36	10,600원
42	1516	0	준비중
42	1568	36	또띠아 속 탱글탱글 쉬림프와 나쵸칩, 사워크림, 신선한 채소로 구성된 타코 스타일의 랩 샌드위치/ 케이준 쉬림프, 양파, 할라피뇨, 토마토, 나쵸칩, 사워크림, 채소믹스, 허니 머스타드
43	0	0	100% (5개)
43	0	0	ㆍ
43	0	0	리뷰 (1)
43	0	381	오픈 준비 중
43	66	155	샐러디 샐러드&샌드위치 강남점 내 메뉴를 찾아보세요
43	151	45	주문많음
43	151	114	랩
43	151	133	리뷰최고
43	151	196	곡물랩
43	151	322	프로틴 박스(도시락)
43	151	580	마이 샐러디
43	151	756	사이드
43	151	882	음료
43	177	36	멕시칸 랩
43	182	51	1 / 6
43	231	36	8,300원
43	248	251	샐러디 샐러드&샌드위치 강남점
43	289	36	또띠아 속 매콤달콤한 크리미칠리 드레싱과 그라운드비프, 나쵸 토핑이 어우러진 샐러디 베스트 랩 샌드위치 그라운드비프, 채소믹스, 나쵸칩, 사워크림
43	298	412	5.0(557)
43	367	63	98% (54개)
43	367	149	ㆍ
43	367	193	리뷰 (25)
43	441	36	[닭가슴살] 시저치킨 랩
43	495	36	8,300원
43	553	36	또띠아 속 부드러운 닭가슴살과 상큼한 크랜베리, 풍미가득 시저드레싱이 어우러진 랩 샌드위치 닭가슴살, 채소믹스, 크랜베리
43	631	63	86% (7개)
43	631	139	ㆍ
43	631	183	리뷰 (5)
43	705	36	[다이어터 추천] 바질치킨 랩
43	759	36	9,100원
43	817	36	또띠아 속 향긋한 바질페스토와 부드러운 닭가슴살이 어우러진 랩 샌드위치/ 닭가슴살, 바질페스토, 크랜베리, 채소믹스, 시저 드레싱
43	895	63	리뷰 (1)
43	969	36	타코 쉬림프 랩
43	1023	36	10,600원
43	1081	36	또띠아 속 탱글탱글 쉬림프와 나쵸칩, 사워크림, 신선한 채소로 구성된 타코 스타일의 랩 샌드위치/ 케이준 쉬림프, 양파, 할라피뇨, 토마토, 나쵸칩, 사워크림, 채소믹스, 허니 머스타드
43	1189	36	그라브락스 연어 랩
43	1243	36	10,600원
43	1301	36	숙성한 그라브락스 연어와 양파 등 토핑과 산뜻한 크리미할라피뇨 드레싱이 어우러진 랩 샌드위치/ 그라브락스 연어, 양파, 토마토, 채소믹스, 크리미할라피뇨 드레싱
43	1379	63	리뷰 (1)
43	1417	121	지금 와우 가입하면 배달비 0원 + 25,000원 쿠폰
43	1434	781	가입하기
43	1453	36	[고단백] 로스트닭다리살 랩
43	1507	36	10,200원
43	1516	0	준비중
43	1565	36	또띠아 속 닭다리살에 토마토, 할라피뇨, 사워크림 토핑이 어우러진 치킨케밥 스타일의 랩 샌드위치 로스트닭다리살, 채소믹스, 양파, 할라피뇨, 토마토, 사워크림
44	0	0	[닭가슴살] 시저치킨 랩
44	0	381	오픈 준비 중
44	66	155	샐러디 샐러드&샌드위치 강남점 내 메뉴를 찾아보세요
44	67	36	또띠아 속 부드러운 닭가슴살과 상큼한 크랜베리, 풍미가득 시저드레싱이 어우러진 랩 샌드위치 닭가슴살, 채소믹스, 크랜베리
44	145	63	86% (7개)
44	145	139	ㆍ
44	145	183	리뷰 (5)
44	151	114	랩
44	151	196	곡물랩
44	151	322	프로틴 박스(도시락)
44	151	580	마이 샐러디
44	151	756	사이드
44	151	882	음료
44	182	51	1 / 6
44	219	36	[다이어터 추천] 바질치킨 랩
44	248	251	샐러디 샐러드&샌드위치 강남점
44	273	36	9,100원
44	298	412	5.0(557)
44	331	36	또띠아 속 향긋한 바질페스토와 부드러운 닭가슴살이 어우러진 랩 샌드위치/ 닭가슴살, 바질페스토, 크랜베리, 채소믹스, 시저 드레싱
44	409	63	리뷰 (1)
44	483	36	타코 쉬림프 랩
44	537	36	10,600원
44	595	36	또띠아 속 탱글탱글 쉬림프와 나쵸칩, 사워크림, 신선한 채소로 구성된 타코 스타일의 랩 샌드위치/ 케이준 쉬림프, 양파, 할라피뇨, 토마토, 나쵸칩, 사워크림, 채소믹스, 허니 머스타드
44	703	36	그라브락스 연어 랩
44	757	36	10,600원
44	815	36	숙성한 그라브락스 연어와 양파 등 토핑과 산뜻한 크리미할라피뇨 드레싱이 어우러진 랩 샌드위치/ 그라브락스 연어, 양파, 토마토, 채소믹스, 크리미할라피뇨 드레싱
44	893	63	리뷰 (1)
44	967	36	[고단백] 로스트닭다리살 랩
44	1021	36	10,200원
44	1079	36	또띠아 속 닭다리살에 토마토, 할라피뇨, 사워크림 토핑이 어우러진 치킨케밥 스타일의 랩 샌드위치 로스트닭다리살, 채소믹스, 양파, 할라피뇨, 토마토, 사워크림
44	1157	63	100% (5개)
44	1157	149	ㆍ
44	1157	193	리뷰 (1)
44	1261	42	곡물랩
44	1307	36	또띠아에 다양한 토핑과 채소, 든든한 통곡물을 채운 랩
44	1381	36	[한끼든든] 칠리베이컨 곡물랩
44	1417	121	지금 와우 가입하면 배달비 0원 + 25,000원 쿠폰
44	1434	781	가입하기
44	1435	36	8,500원
44	1493	36	또띠아 속 베이컨, 에그, 옥수수 등 식감있는 토핑과 크리미칠리 소스, 통곡물로 든든하게 즐기는 랩 샌드위치 베이컨, 곡물밥, 채소믹스, 에그, 옥수수, 양파플레이크
44	1516	0	준비중
44	1571	63	100% (1개)
45	0	0	리뷰 (2)
45	0	36	타코 쉬림프 랩
45	0	381	오픈 준비 중
45	66	155	샐러디 샐러드&샌드위치 강남점 내 메뉴를 찾아보세요
45	110	36	또띠아 속 탱글탱글 쉬림프와 나쵸칩, 사워크림, 신선한 채소로 구성된 타코 스타일의 랩 샌드위치/ 케이준 쉬림프, 양파, 할라피뇨, 토마토, 나쵸칩, 사워크림, 채소믹스, 허니 머스타드
45	151	114	랩
45	151	196	곡물랩
45	151	322	프로틴 박스(도시락)
45	151	580	마이 샐러디
45	151	756	사이드
45	151	882	음료
45	182	51	1 / 6
45	218	36	그라브락스 연어 랩
45	248	251	샐러디 샐러드&샌드위치 강남점
45	272	36	10,600원
45	298	412	5.0(557)
45	330	36	숙성한 그라브락스 연어와 양파 등 토핑과 산뜻한 크리미할라피뇨 드레싱이 어우러진 랩 샌드위치/ 그라브락스 연어, 양파, 토마토, 채소믹스, 크리미할라피뇨 드레싱
45	408	63	리뷰 (1)
45	482	36	[고단백] 로스트닭다리살 랩
45	536	36	10,200원
45	594	36	또띠아 속 닭다리살에 토마토, 할라피뇨, 사워크림 토핑이 어우러진 치킨케밥 스타일의 랩 샌드위치 로스트닭다리살, 채소믹스, 양파, 할라피뇨, 토마토, 사워크림
45	672	63	100% (5개)
45	672	149	ㆍ
45	672	193	리뷰 (1)
45	776	42	곡물랩
45	822	36	또띠아에 다양한 토핑과 채소, 든든한 통곡물을 채운 랩
45	896	36	[한끼든든] 칠리베이컨 곡물랩
45	950	36	8,500원
45	1008	36	또띠아 속 베이컨, 에그, 옥수수 등 식감있는 토핑과 크리미칠리 소스, 통곡물로 든든하게 즐기는 랩 샌드위치 베이컨, 곡물밥, 채소믹스, 에그, 옥수수, 양파플레이크
45	1086	63	100% (1개)
45	1160	36	(저당) 고소우삼겹 곡물랩
45	1214	36	9,700원
45	1272	36	또띠아에 저당 들기름소이 소스로 양념한 우삼겹, 견과류와 통곡물로 든든하게 즐기는 랩 샌드위치/ 우삼겹, 양파, 견과류, 적채, 채소믹스, 곡물밥 (추천 드레싱을 일반 드레싱으로 변경 시 저당X)
45	1350	63	100% (1개)
45	1350	149	ㆍ
45	1350	193	리뷰 (2)
45	1417	121	지금 와우 가입하면 배달비 0원 + 25,000원 쿠폰
45	1424	36	바베큐닭다리살 곡물랩
45	1434	781	가입하기
45	1478	36	9,700원
45	1516	0	준비중
45	1536	36	또띠아 속 바베큐소스를 더한 닭다리살에 통곡물, 크리미할라피뇨 드레싱으로 마무리해  든든한 랩 샌드위치  로스트닭다리살, 곡물밥, 채소믹스, 적채, 토마토, 옥수수, 슈레드치즈, 바베큐소스
46	0	0	[단백질폭탄] 치킨 MAX 프로틴 파스타
46	0	0	닭가슴살 3배, 바질파스타 2배, 상큼한 저당 레몬 드레싱으로 제대로 설계한 MAX 프로틴 도시락 (추천 드레싱: 저당 레몬허브)  닭가슴살x3, 베이컨, 당근라페, 양파, 옥수수, 채소믹스, 바질파스타x2 (추천 드레싱을 일반 드레싱으로 변경 시 저당X)
46	0	36	[고단백] 로스트닭다리살 랩
46	0	381	오픈 준비 중
46	66	155	샐러디 샐러드&샌드위치 강남점 내 메뉴를 찾아보세요
46	100	36	또띠아 속 닭다리살에 토마토, 할라피뇨, 사워크림 토핑이 어우러진 치킨케밥 스타일의 랩 샌드위치 로스트닭다리살, 채소믹스, 양파, 할라피뇨, 토마토, 사워크림
46	151	114	랩
46	151	196	곡물랩
46	151	322	프로틴 박스(도시락)
46	151	580	마이 샐러디
46	151	756	사이드
46	151	882	음료
46	178	63	100% (5개)
46	178	149	ㆍ
46	178	193	리뷰 (1)
46	182	51	1 / 6
46	248	251	샐러디 샐러드&샌드위치 강남점
46	282	42	곡물랩
46	298	412	5.0(557)
46	328	36	또띠아에 다양한 토핑과 채소, 든든한 통곡물을 채운 랩
46	402	36	[한끼든든] 칠리베이컨 곡물랩
46	456	36	8,500원
46	514	36	또띠아 속 베이컨, 에그, 옥수수 등 식감있는 토핑과 크리미칠리 소스, 통곡물로 든든하게 즐기는 랩 샌드위치 베이컨, 곡물밥, 채소믹스, 에그, 옥수수, 양파플레이크
46	592	63	100% (1개)
46	666	36	(저당) 고소우삼겹 곡물랩
46	720	36	9,700원
46	778	36	또띠아에 저당 들기름소이 소스로 양념한 우삼겹, 견과류와 통곡물로 든든하게 즐기는 랩 샌드위치/ 우삼겹, 양파, 견과류, 적채, 채소믹스, 곡물밥 (추천 드레싱을 일반 드레싱으로 변경 시 저당X)
46	856	63	100% (1개)
46	856	149	ㆍ
46	856	193	리뷰 (2)
46	930	36	바베큐닭다리살 곡물랩
46	984	36	9,700원
46	1042	36	또띠아 속 바베큐소스를 더한 닭다리살에 통곡물, 크리미할라피뇨 드레싱으로 마무리해  든든한 랩 샌드위치  로스트닭다리살, 곡물밥, 채소믹스, 적채, 토마토, 옥수수, 슈레드치즈, 바베큐소스
46	1120	63	리뷰 (2)
46	1224	42	프로틴 박스(도시락)
46	1270	36	고기 토핑 3배, 단백질 최대 52g. 든든한 구성의 프로틴 MAX 박스
46	1344	36	(저당) 닭다리살 MAX 프로틴 박스
46	1398	36	14,800원
46	1417	121	지금 와우 가입하면 배달비 0원 + 25,000원 쿠폰
46	1434	781	가입하기
46	1456	36	닭다리살 3배, 곡물밥 1.5배, 매콤한 저당 스리라차소이로 제대로 설계한 MAX 프로틴 도시락 (추천 드레싱: 저당 스리라차소이) 로스트닭다리살x3, 당근라페, 양파, 옥수수, 채소믹스, 곡물밥x1.5 (추천 드레싱을 일반 드레싱으로 변경 시 저당X)
46	1516	0	준비중
46	1534	63	100% (2개)
46	1534	149	ㆍ
46	1534	193	리뷰 (3)
47	0	0	[한끼든든] 칠리베이컨 곡물랩
47	0	381	오픈 준비 중
47	23	36	또띠아 속 베이컨, 에그, 옥수수 등 식감있는 토핑과 크리미칠리 소스, 통곡물로 든든하게 즐기는 랩 샌드위치 베이컨, 곡물밥, 채소믹스, 에그, 옥수수, 양파플레이크
47	66	155	샐러디 샐러드&샌드위치 강남점 내 메뉴를 찾아보세요
47	101	63	100% (1개)
47	151	134	곡물랩
47	151	260	프로틴 박스(도시락)
47	151	518	마이 샐러디
47	151	694	사이드
47	151	820	음료
47	175	36	(저당) 고소우삼겹 곡물랩
47	182	51	1 / 6
47	229	36	9,700원
47	248	251	샐러디 샐러드&샌드위치 강남점
47	287	36	또띠아에 저당 들기름소이 소스로 양념한 우삼겹, 견과류와 통곡물로 든든하게 즐기는 랩 샌드위치/ 우삼겹, 양파, 견과류, 적채, 채소믹스, 곡물밥 (추천 드레싱을 일반 드레싱으로 변경 시 저당X)
47	298	412	5.0(557)
47	365	63	100% (1개)
47	365	149	ㆍ
47	365	193	리뷰 (2)
47	439	36	바베큐닭다리살 곡물랩
47	493	36	9,700원
47	551	36	또띠아 속 바베큐소스를 더한 닭다리살에 통곡물, 크리미할라피뇨 드레싱으로 마무리해  든든한 랩 샌드위치  로스트닭다리살, 곡물밥, 채소믹스, 적채, 토마토, 옥수수, 슈레드치즈, 바베큐소스
47	629	63	리뷰 (2)
47	733	42	프로틴 박스(도시락)
47	779	36	고기 토핑 3배, 단백질 최대 52g. 든든한 구성의 프로틴 MAX 박스
47	853	36	(저당) 닭다리살 MAX 프로틴 박스
47	907	36	14,800원
47	965	36	닭다리살 3배, 곡물밥 1.5배, 매콤한 저당 스리라차소이로 제대로 설계한 MAX 프로틴 도시락 (추천 드레싱: 저당 스리라차소이) 로스트닭다리살x3, 당근라페, 양파, 옥수수, 채소믹스, 곡물밥x1.5 (추천 드레싱을 일반 드레싱으로 변경 시 저당X)
47	1043	63	100% (2개)
47	1043	149	ㆍ
47	1043	193	리뷰 (3)
47	1117	36	[단백질폭탄] 치킨 MAX 프로틴 파스타
47	1171	36	14,800원
47	1229	36	닭가슴살 3배, 바질파스타 2배, 상큼한 저당 레몬 드레싱으로 제대로 설계한 MAX 프로틴 도시락 (추천 드레싱: 저당 레몬허브)  닭가슴살x3, 베이컨, 당근라페, 양파, 옥수수, 채소믹스, 바질파스타x2 (추천 드레싱을 일반 드레싱으로 변경 시 저당X)
47	1337	36	[고기많이] 우삼겹 MAX 프로틴 박스
47	1391	36	14,800원
47	1417	121	지금 와우 가입하면 배달비 0원 + 25,000원 쿠폰
47	1434	781	가입하기
47	1449	36	단짠 우삼겹 3배, 곡물밥 1.5배, 고소한 저당 참깨소이 드레싱으로 제대로 설계한 MAX 프로틴 도시락(추천 드레싱: 저당 참깨소이) 우삼겹x3, 당근라페, 양파, 옥수수, 채소믹스, 곡물밥x1.5 (추천 드레싱을 일반 드레싱으로 변경 시 저당X)
47	1516	0	준비중
47	1527	63	리뷰 (1)
48	0	0	100% (4개)
48	0	0	ㆍ
48	0	0	곡물밥에 다양한 채소와 후리가케를 더한 포케 베이스
48	0	0	리뷰 (4)
48	0	0	바베큐닭다리살 곡물랩
48	0	381	오픈 준비 중
48	64	36	또띠아 속 바베큐소스를 더한 닭다리살에 통곡물, 크리미할라피뇨 드레싱으로 마무리해  든든한 랩 샌드위치  로스트닭다리살, 곡물밥, 채소믹스, 적채, 토마토, 옥수수, 슈레드치즈, 바베큐소스
48	66	155	샐러디 샐러드&샌드위치 강남점 내 메뉴를 찾아보세요
48	142	63	리뷰 (2)
48	151	134	곡물랩
48	151	260	프로틴 박스(도시락)
48	151	518	마이 샐러디
48	151	694	사이드
48	151	820	음료
48	182	51	1 / 6
48	246	42	프로틴 박스(도시락)
48	248	251	샐러디 샐러드&샌드위치 강남점
48	292	36	고기 토핑 3배, 단백질 최대 52g. 든든한 구성의 프로틴 MAX 박스
48	298	412	5.0(557)
48	366	36	(저당) 닭다리살 MAX 프로틴 박스
48	420	36	14,800원
48	478	36	닭다리살 3배, 곡물밥 1.5배, 매콤한 저당 스리라차소이로 제대로 설계한 MAX 프로틴 도시락 (추천 드레싱: 저당 스리라차소이) 로스트닭다리살x3, 당근라페, 양파, 옥수수, 채소믹스, 곡물밥x1.5 (추천 드레싱을 일반 드레싱으로 변경 시 저당X)
48	556	63	100% (2개)
48	556	149	ㆍ
48	556	193	리뷰 (3)
48	630	36	[단백질폭탄] 치킨 MAX 프로틴 파스타
48	684	36	14,800원
48	742	36	닭가슴살 3배, 바질파스타 2배, 상큼한 저당 레몬 드레싱으로 제대로 설계한 MAX 프로틴 도시락 (추천 드레싱: 저당 레몬허브)  닭가슴살x3, 베이컨, 당근라페, 양파, 옥수수, 채소믹스, 바질파스타x2 (추천 드레싱을 일반 드레싱으로 변경 시 저당X)
48	850	36	[고기많이] 우삼겹 MAX 프로틴 박스
48	904	36	14,800원
48	962	36	단짠 우삼겹 3배, 곡물밥 1.5배, 고소한 저당 참깨소이 드레싱으로 제대로 설계한 MAX 프로틴 도시락(추천 드레싱: 저당 참깨소이) 우삼겹x3, 당근라페, 양파, 옥수수, 채소믹스, 곡물밥x1.5 (추천 드레싱을 일반 드레싱으로 변경 시 저당X)
48	1040	63	리뷰 (1)
48	1144	42	마이 샐러디
48	1190	36	내 취향대로 만들어 먹는 커스텀 샐러드
48	1264	36	채소볼
48	1318	36	5,200원
48	1376	36	다양한 채소가 들어간 샐러드 베이스 (비건 메뉴)
48	1417	121	지금 와우 가입하면 배달비 0원 + 25,000원 쿠폰
48	1424	63	100% (13개)
48	1424	159	ㆍ
48	1424	203	리뷰 (9)
48	1434	781	가입하기
48	1498	36	포케볼
48	1516	0	준비중
48	1552	36	5,200원
49	0	0	100% (4개)
49	0	0	ㆍ
49	0	0	리뷰 (2)
49	0	381	오픈 준비 중
49	66	155	샐러디 샐러드&샌드위치 강남점 내 메뉴를 찾아보세요
49	132	36	[단백질폭탄] 치킨 MAX 프로틴 파스타
49	151	134	곡물랩
49	151	260	프로틴 박스(도시락)
49	151	518	마이 샐러디
49	151	694	사이드
49	151	820	음료
49	182	51	1 / 6
49	186	36	14,800원
49	244	36	닭가슴살 3배, 바질파스타 2배, 상큼한 저당 레몬 드레싱으로 제대로 설계한 MAX 프로틴 도시락 (추천 드레싱: 저당 레몬허브)  닭가슴살x3, 베이컨, 당근라페, 양파, 옥수수, 채소믹스, 바질파스타x2 (추천 드레싱을 일반 드레싱으로 변경 시 저당X)
49	248	251	샐러디 샐러드&샌드위치 강남점
49	298	412	5.0(557)
49	352	36	[고기많이] 우삼겹 MAX 프로틴 박스
49	406	36	14,800원
49	464	36	단짠 우삼겹 3배, 곡물밥 1.5배, 고소한 저당 참깨소이 드레싱으로 제대로 설계한 MAX 프로틴 도시락(추천 드레싱: 저당 참깨소이) 우삼겹x3, 당근라페, 양파, 옥수수, 채소믹스, 곡물밥x1.5 (추천 드레싱을 일반 드레싱으로 변경 시 저당X)
49	542	63	리뷰 (1)
49	646	42	마이 샐러디
49	692	36	내 취향대로 만들어 먹는 커스텀 샐러드
49	766	36	채소볼
49	820	36	5,200원
49	878	36	다양한 채소가 들어간 샐러드 베이스 (비건 메뉴)
49	926	63	100% (13개)
49	926	159	ㆍ
49	926	203	리뷰 (9)
49	1000	36	포케볼
49	1054	36	5,200원
49	1112	36	곡물밥에 다양한 채소와 후리가케를 더한 포케 베이스
49	1160	63	100% (4개)
49	1160	149	ㆍ
49	1160	193	리뷰 (4)
49	1234	36	메밀면볼
49	1288	36	5,800원
49	1346	36	부드럽고 고소한 메밀면(비건 프렌들리), 채소믹스 베이스
49	1394	63	100% (1개)
49	1417	121	지금 와우 가입하면 배달비 0원 + 25,000원 쿠폰
49	1434	781	가입하기
49	1468	36	파스타볼
49	1516	0	준비중
49	1522	36	5,800원
49	1580	36	단백질 함량이 높은 듀럼밀 파스타(비건 프렌들리), 채소믹스 베이스 (바질페스토 미포함)
50	0	0	100% (3개)
50	0	0	ㆍ
50	0	0	리뷰 (3)
50	0	381	오픈 준비 중
50	66	155	샐러디 샐러드&샌드위치 강남점 내 메뉴를 찾아보세요
50	151	134	곡물랩
50	151	260	프로틴 박스(도시락)
50	151	518	마이 샐러디
50	151	694	사이드
50	151	820	음료
50	153	42	마이 샐러디
50	182	51	1 / 6
50	199	36	내 취향대로 만들어 먹는 커스텀 샐러드
50	248	251	샐러디 샐러드&샌드위치 강남점
50	273	36	채소볼
50	298	412	5.0(557)
50	327	36	5,200원
50	385	36	다양한 채소가 들어간 샐러드 베이스 (비건 메뉴)
50	433	63	100% (13개)
50	433	159	ㆍ
50	433	203	리뷰 (9)
50	507	36	포케볼
50	561	36	5,200원
50	619	36	곡물밥에 다양한 채소와 후리가케를 더한 포케 베이스
50	667	63	100% (4개)
50	667	149	ㆍ
50	667	193	리뷰 (4)
50	741	36	메밀면볼
50	795	36	5,800원
50	853	36	부드럽고 고소한 메밀면(비건 프렌들리), 채소믹스 베이스
50	901	63	100% (1개)
50	975	36	파스타볼
50	1029	36	5,800원
50	1087	36	단백질 함량이 높은 듀럼밀 파스타(비건 프렌들리), 채소믹스 베이스 (바질페스토 미포함)
50	1165	63	100% (4개)
50	1165	149	ㆍ
50	1165	193	리뷰 (2)
50	1269	42	사이드
50	1315	36	메뉴와 어울리는 따끈한 스프 (세트 할인가격으로 구매를 원할 시 메인 메뉴 옵션에서 선택해주세요)
50	1417	36	양송이 크림스프
50	1417	121	지금 와우 가입하면 배달비 0원 + 25,000원 쿠폰
50	1434	781	가입하기
50	1471	36	5,200원
50	1516	0	준비중
50	1529	36	메인 메뉴와 함께 주문하시면 세트 할인을 받으실 수 있습니다. 메인 메뉴 구매 옵션에서 추가해주시기 바랍니다. / 양송이의 풍미가 살아있는 부드럽고 담백한 스프
51	0	0	100% (2개)
51	0	0	ㆍ
51	0	0	닭육수에 큐브 포테이토와 부드러운 크림을 더한 고소한 스프
51	0	0	리뷰 (2)
51	0	0	포테이토 크림스프
51	0	381	오픈 준비 중
51	11	36	포케볼
51	66	155	샐러디 샐러드&샌드위치 강남점 내 메뉴를 찾아보세요
51	123	36	곡물밥에 다양한 채소와 후리가케를 더한 포케 베이스
51	151	134	곡물랩
51	151	260	프로틴 박스(도시락)
51	151	518	마이 샐러디
51	151	694	사이드
51	151	820	음료
51	171	63	100% (4개)
51	171	149	ㆍ
51	171	193	리뷰 (4)
51	182	51	1 / 6
51	245	36	메밀면볼
51	248	251	샐러디 샐러드&샌드위치 강남점
51	298	412	5.0(557)
51	299	36	5,800원
51	357	36	부드럽고 고소한 메밀면(비건 프렌들리), 채소믹스 베이스
51	405	63	100% (1개)
51	479	36	파스타볼
51	533	36	5,800원
51	591	36	단백질 함량이 높은 듀럼밀 파스타(비건 프렌들리), 채소믹스 베이스 (바질페스토 미포함)
51	669	63	100% (4개)
51	669	149	ㆍ
51	669	193	리뷰 (2)
51	773	42	사이드
51	819	36	메뉴와 어울리는 따끈한 스프 (세트 할인가격으로 구매를 원할 시 메인 메뉴 옵션에서 선택해주세요)
51	921	36	양송이 크림스프
51	975	36	5,200원
51	1033	36	메인 메뉴와 함께 주문하시면 세트 할인을 받으실 수 있습니다. 메인 메뉴 구매 옵션에서 추가해주시기 바랍니다. / 양송이의 풍미가 살아있는 부드럽고 담백한 스프
51	1111	63	100% (3개)
51	1111	149	ㆍ
51	1111	193	리뷰 (3)
51	1185	36	단호박 크림스프
51	1239	36	5,600원
51	1297	36	달콤한 단호박과 진한 크림으로 달콤하고 부드러운 스프
51	1383	36	치킨토마토 스튜
51	1417	121	지금 와우 가입하면 배달비 0원 + 25,000원 쿠폰
51	1434	781	가입하기
51	1437	36	5,600원
51	1495	36	큐브 닭가슴살과 각종 야채가 들어있는 토마토 스튜
51	1516	0	준비중
51	1543	63	100% (1개)
51	1543	149	ㆍ
51	1543	193	리뷰 (1)
52	0	36	파스타볼
52	0	381	오픈 준비 중
52	66	155	샐러디 샐러드&샌드위치 강남점 내 메뉴를 찾아보세요
52	104	36	단백질 함량이 높은 듀럼밀 파스타(비건 프렌들리), 채소믹스 베이스 (바질페스토 미포함)
52	151	134	곡물랩
52	151	260	프로틴 박스(도시락)
52	151	518	마이 샐러디
52	151	694	사이드
52	151	820	음료
52	182	51	1 / 6
52	182	63	100% (4개)
52	182	149	ㆍ
52	182	193	리뷰 (2)
52	248	251	샐러디 샐러드&샌드위치 강남점
52	286	42	사이드
52	298	412	5.0(557)
52	332	36	메뉴와 어울리는 따끈한 스프 (세트 할인가격으로 구매를 원할 시 메인 메뉴 옵션에서 선택해주세요)
52	434	36	양송이 크림스프
52	488	36	5,200원
52	546	36	메인 메뉴와 함께 주문하시면 세트 할인을 받으실 수 있습니다. 메인 메뉴 구매 옵션에서 추가해주시기 바랍니다. / 양송이의 풍미가 살아있는 부드럽고 담백한 스프
52	624	63	100% (3개)
52	624	149	ㆍ
52	624	193	리뷰 (3)
52	698	36	단호박 크림스프
52	752	36	5,600원
52	810	36	달콤한 단호박과 진한 크림으로 달콤하고 부드러운 스프
52	896	36	치킨토마토 스튜
52	950	36	5,600원
52	1008	36	큐브 닭가슴살과 각종 야채가 들어있는 토마토 스튜
52	1056	63	100% (1개)
52	1056	149	ㆍ
52	1056	193	리뷰 (1)
52	1130	36	포테이토 크림스프
52	1184	36	5,200원
52	1242	36	닭육수에 큐브 포테이토와 부드러운 크림을 더한 고소한 스프
52	1290	63	100% (2개)
52	1290	149	ㆍ
52	1290	193	리뷰 (2)
52	1364	36	카사바칩
52	1417	121	지금 와우 가입하면 배달비 0원 + 25,000원 쿠폰
52	1418	36	2,200원
52	1434	781	가입하기
52	1476	36	식이섬유가 풍부하고 GI 지수가 낮아 혈당 부담없이 가벼운 카사바칩
52	1516	0	준비중
52	1524	63	리뷰 (1)
53	0	0	100% (15개)
53	0	0	ㆍ
53	0	0	리뷰 (10)
53	0	0	양송이 크림스프
53	0	381	오픈 준비 중
53	60	36	메인 메뉴와 함께 주문하시면 세트 할인을 받으실 수 있습니다. 메인 메뉴 구매 옵션에서 추가해주시기 바랍니다. / 양송이의 풍미가 살아있는 부드럽고 담백한 스프
53	66	155	샐러디 샐러드&샌드위치 강남점 내 메뉴를 찾아보세요
53	138	63	100% (3개)
53	138	149	ㆍ
53	138	193	리뷰 (3)
53	151	134	곡물랩
53	151	260	프로틴 박스(도시락)
53	151	518	마이 샐러디
53	151	694	사이드
53	151	820	음료
53	182	51	1 / 6
53	212	36	단호박 크림스프
53	248	251	샐러디 샐러드&샌드위치 강남점
53	266	36	5,600원
53	298	412	5.0(557)
53	324	36	달콤한 단호박과 진한 크림으로 달콤하고 부드러운 스프
53	410	36	치킨토마토 스튜
53	464	36	5,600원
53	522	36	큐브 닭가슴살과 각종 야채가 들어있는 토마토 스튜
53	570	63	100% (1개)
53	570	149	ㆍ
53	570	193	리뷰 (1)
53	644	36	포테이토 크림스프
53	698	36	5,200원
53	756	36	닭육수에 큐브 포테이토와 부드러운 크림을 더한 고소한 스프
53	804	63	100% (2개)
53	804	149	ㆍ
53	804	193	리뷰 (2)
53	878	36	카사바칩
53	932	36	2,200원
53	990	36	식이섬유가 풍부하고 GI 지수가 낮아 혈당 부담없이 가벼운 카사바칩
53	1038	63	리뷰 (1)
53	1142	42	음료
53	1188	36	메뉴와 잘 어울리는 음료
53	1262	36	아메리카노 (HOT) 10oz
53	1316	36	3,100원
53	1374	36	바디감과 밸런스가 좋은 커피
53	1417	121	지금 와우 가입하면 배달비 0원 + 25,000원 쿠폰
53	1434	781	가입하기
53	1460	36	아메리카노 (ICE) 16oz
53	1514	36	3,100원
53	1516	0	준비중
53	1572	36	바디감과 밸런스가 좋은 커피
54	0	381	오픈 준비 중
54	66	155	샐러디 샐러드&샌드위치 강남점 내 메뉴를 찾아보세요
54	146	36	포테이토 크림스프
54	151	134	곡물랩
54	151	260	프로틴 박스(도시락)
54	151	518	마이 샐러디
54	151	694	사이드
54	151	820	음료
54	182	51	1 / 6
54	200	36	5,200원
54	248	251	샐러디 샐러드&샌드위치 강남점
54	258	36	닭육수에 큐브 포테이토와 부드러운 크림을 더한 고소한 스프
54	298	412	5.0(557)
54	306	63	100% (2개)
54	306	149	ㆍ
54	306	193	리뷰 (2)
54	380	36	카사바칩
54	434	36	2,200원
54	492	36	식이섬유가 풍부하고 GI 지수가 낮아 혈당 부담없이 가벼운 카사바칩
54	540	63	리뷰 (1)
54	644	42	음료
54	690	36	메뉴와 잘 어울리는 음료
54	764	36	아메리카노 (HOT) 10oz
54	818	36	3,100원
54	876	36	바디감과 밸런스가 좋은 커피
54	962	36	아메리카노 (ICE) 16oz
54	1016	36	3,100원
54	1074	36	바디감과 밸런스가 좋은 커피
54	1122	63	100% (15개)
54	1122	159	ㆍ
54	1122	203	리뷰 (10)
54	1196	36	코크제로 355ml
54	1250	36	2,800원
54	1308	36	설탕이 들어가지 않은 0kcal 탄산음료
54	1356	63	100% (6개)
54	1356	149	ㆍ
54	1356	193	리뷰 (3)
54	1417	121	지금 와우 가입하면 배달비 0원 + 25,000원 쿠폰
54	1430	36	스프라이트제로 355ml
54	1434	781	가입하기
54	1484	36	2,800원
54	1516	0	준비중
54	1542	36	설탕이 들어가지 않은 0kcal 탄산음료
54	1590	63	100% (3개)
55	0	381	오픈 준비 중
55	66	155	샐러디 샐러드&샌드위치 강남점 내 메뉴를 찾아보세요
55	150	42	음료
55	151	134	곡물랩
55	151	260	프로틴 박스(도시락)
55	151	518	마이 샐러디
55	151	694	사이드
55	151	820	음료
55	182	51	1 / 6
55	196	36	메뉴와 잘 어울리는 음료
55	248	251	샐러디 샐러드&샌드위치 강남점
55	270	36	아메리카노 (HOT) 10oz
55	298	412	5.0(557)
55	324	36	3,100원
55	382	36	바디감과 밸런스가 좋은 커피
55	468	36	아메리카노 (ICE) 16oz
55	522	36	3,100원
55	580	36	바디감과 밸런스가 좋은 커피
55	628	63	100% (15개)
55	628	159	ㆍ
55	628	203	리뷰 (10)
55	702	36	코크제로 355ml
55	756	36	2,800원
55	814	36	설탕이 들어가지 않은 0kcal 탄산음료
55	862	63	100% (6개)
55	862	149	ㆍ
55	862	193	리뷰 (3)
55	936	36	스프라이트제로 355ml
55	990	36	2,800원
55	1048	36	설탕이 들어가지 않은 0kcal 탄산음료
55	1096	63	100% (3개)
55	1170	36	애사비 사과 스파클링
55	1224	36	3,000원
55	1282	36	제로 슈거로 가볍고, 상큼한 애사비 스파클링
55	1368	36	착즙 주스(그린밀싹)
55	1417	121	지금 와우 가입하면 배달비 0원 + 25,000원 쿠폰
55	1422	36	5,200원
55	1434	781	가입하기
55	1480	36	케일, 밀싹, 사과, 레몬, 파인애플이 들어간 착즙 주스 (얼음컵에 담겨 제공됩니다)
55	1516	0	준비중
55	1558	63	75% (4개)
56	0	36	아메리카노 (ICE) 16oz
56	0	381	오픈 준비 중
56	66	155	샐러디 샐러드&샌드위치 강남점 내 메뉴를 찾아보세요
56	88	36	바디감과 밸런스가 좋은 커피
56	136	63	100% (15개)
56	136	159	ㆍ
56	136	203	리뷰 (10)
56	151	134	곡물랩
56	151	260	프로틴 박스(도시락)
56	151	518	마이 샐러디
56	151	694	사이드
56	151	820	음료
56	182	51	1 / 6
56	210	36	코크제로 355ml
56	248	251	샐러디 샐러드&샌드위치 강남점
56	264	36	2,800원
56	298	412	5.0(557)
56	322	36	설탕이 들어가지 않은 0kcal 탄산음료
56	370	63	100% (6개)
56	370	149	ㆍ
56	370	193	리뷰 (3)
56	444	36	스프라이트제로 355ml
56	498	36	2,800원
56	556	36	설탕이 들어가지 않은 0kcal 탄산음료
56	604	63	100% (3개)
56	678	36	애사비 사과 스파클링
56	732	36	3,000원
56	790	36	제로 슈거로 가볍고, 상큼한 애사비 스파클링
56	876	36	착즙 주스(그린밀싹)
56	930	36	5,200원
56	988	36	케일, 밀싹, 사과, 레몬, 파인애플이 들어간 착즙 주스 (얼음컵에 담겨 제공됩니다)
56	1066	63	75% (4개)
56	1140	36	착즙 주스(오렌지당근)
56	1194	36	5,200원
56	1252	36	당근, 오렌지, 사과, 유자가 들어간 달콤한 착즙 주스 (얼음컵에 담겨 제공됩니다)
56	1330	63	100% (1개)
56	1404	36	착즙 주스(레드클렌즈)
56	1417	121	지금 와우 가입하면 배달비 0원 + 25,000원 쿠폰
56	1434	781	가입하기
56	1458	36	5,200원
56	1516	0	준비중
56	1516	36	비트, 사과, 당근, 파인애플, 레몬이 들어간 상큼한 착즙 주스 (얼음컵에 담겨 제공됩니다)
56	1594	63	100% (3개)
56	1594	149	ㆍ
56	1594	193	리뷰 (1)
57	0	0	스프라이트제로 355ml
57	0	381	오픈 준비 중
57	66	155	샐러디 샐러드&샌드위치 강남점 내 메뉴를 찾아보세요
57	71	36	설탕이 들어가지 않은 0kcal 탄산음료
57	119	63	100% (3개)
57	151	134	곡물랩
57	151	260	프로틴 박스(도시락)
57	151	518	마이 샐러디
57	151	694	사이드
57	151	820	음료
57	182	51	1 / 6
57	193	36	애사비 사과 스파클링
57	247	36	3,000원
57	248	251	샐러디 샐러드&샌드위치 강남점
57	298	412	5.0(557)
57	305	36	제로 슈거로 가볍고, 상큼한 애사비 스파클링
57	391	36	착즙 주스(그린밀싹)
57	445	36	5,200원
57	503	36	케일, 밀싹, 사과, 레몬, 파인애플이 들어간 착즙 주스 (얼음컵에 담겨 제공됩니다)
57	581	63	75% (4개)
57	655	36	착즙 주스(오렌지당근)
57	709	36	5,200원
57	767	36	당근, 오렌지, 사과, 유자가 들어간 달콤한 착즙 주스 (얼음컵에 담겨 제공됩니다)
57	845	63	100% (1개)
57	919	36	착즙 주스(레드클렌즈)
57	973	36	5,200원
57	1031	36	비트, 사과, 당근, 파인애플, 레몬이 들어간 상큼한 착즙 주스 (얼음컵에 담겨 제공됩니다)
57	1109	63	100% (3개)
57	1109	149	ㆍ
57	1109	193	리뷰 (1)
57	1183	36	생수 330ml
57	1237	36	600원
57	1295	63	리뷰 (2)
57	1393	36	비슷한 샐러드 맛집 추천해요
57	1399	810	광고
57	1417	121	지금 와우 가입하면 배달비 0원 + 25,000원 쿠폰
57	1434	781	가입하기
57	1469	171	다이어트랩
57	1469	560	에브리데이 샐러드 역삼점
57	1504	220	(3,016)ㆍ
57	1504	609	(2,078)ㆍ
57	1505	195	4.8
57	1505	293	0.2km
57	1505	584	5.0
57	1505	682	1.0km
57	1516	0	준비중
57	1537	171	배달비 0원
57	1537	560	배달비 0원
