0	446	51	1 / 3
0	512	251	바르다김선생 삼호가든사거리점
0	562	404	4.8(7,175)
0	679	674	매장∙원산지정보
0	690	69	26분
0	751	36	최소주문
0	751	153	13,000원
0	806	36	일반회원
0	807	153	0-2,900원 0원
0	808	294	자세히
0	848	36	와우회원
0	848	153	와우회원은 매 주문 배달비 0원
0	920	127	지금 와우 가입하면 배달비 0원 + 25,000원 쿠폰
0	937	766	가입하기
0	1040	168	맛있어요
0	1040	606	멸추김밥 맛있어요. 닭강정은 양이 적고 좀 느끼해요
0	1209	114	&#128293; 인기메뉴
0	1209	298	김밥
0	1209	402	프리미엄 김밥
0	1209	600	떡볶이
0	1209	726	사이드
0	1209	852	밥/식사
0	1310	42	인기메뉴
0	1388	88	1위
0	1388	304	2위
0	1388	520	3위
0	1388	708	4위
0	1587	36	바른김밥
0	1587	252	갈비 만두
0	1587	468	참치 김밥
0	1587	684	[추천] 소불고기 김밥
1	0	0	95% (169개)
1	0	0	ㆍ
1	0	0	리뷰 (53)
1	0	0	참치 샐러드와 향긋한 깻잎이 조화로운 김밥
1	66	155	바르다김선생 삼호가든사거리점 내 메뉴를 찾아보세요
1	150	674	매장∙원산지정보
1	161	69	26분
1	182	51	2 / 3
1	222	36	최소주문
1	222	153	13,000원
1	248	251	바르다김선생 삼호가든사거리점
1	277	36	일반회원
1	278	153	0-2,900원 0원
1	279	294	자세히
1	298	404	4.8(7,175)
1	319	36	와우회원
1	319	153	와우회원은 매 주문 배달비 0원
1	391	127	지금 와우 가입하면 배달비 0원 + 25,000원 쿠폰
1	408	766	가입하기
1	511	168	맛있어요
1	511	606	멸추김밥 맛있어요. 닭강정은 양이 적고 좀 느끼해요
1	680	114	&#128293; 인기메뉴
1	680	298	김밥
1	680	402	프리미엄 김밥
1	680	600	떡볶이
1	680	726	사이드
1	680	852	밥/식사
1	781	42	인기메뉴
1	859	88	1위
1	859	304	2위
1	859	520	3위
1	859	708	4위
1	1058	36	바른김밥
1	1058	252	갈비 만두
1	1058	468	참치 김밥
1	1058	684	[추천] 소불고기 김밥
1	1099	36	5,700원
1	1099	252	6,900원
1	1099	468	7,200원
1	1099	684	7,900원
1	1252	42	김밥
1	1335	45	주문많음
1	1335	133	리뷰최고
1	1361	36	바른김밥
1	1415	36	5,700원
1	1473	36	두번 구운 남해 청정지역 김에 신선한 재료를 가득 담은 김밥
1	1521	63	97% (367개)
1	1521	159	ㆍ
1	1521	203	리뷰 (132)
1	1556	24	배달비 0원 적용 중
1	1595	36	참치 김밥
2	0	0	96% (56개)
2	0	0	ㆍ
2	0	0	리뷰 (15)
2	0	0	풍부한 맛의 크림치즈와 고소한 호두강정을 함께 즐길 수 있는 김밥
2	66	155	바르다김선생 삼호가든사거리점 내 메뉴를 찾아보세요
2	182	51	3 / 3
2	188	114	&#128293; 인기메뉴
2	188	298	김밥
2	188	402	프리미엄 김밥
2	188	600	떡볶이
2	188	726	사이드
2	188	852	밥/식사
2	248	251	바르다김선생 삼호가든사거리점
2	289	42	인기메뉴
2	298	404	4.8(7,175)
2	367	88	1위
2	367	304	2위
2	367	520	3위
2	367	708	4위
2	566	36	바른김밥
2	566	252	갈비 만두
2	566	468	참치 김밥
2	566	684	[추천] 소불고기 김밥
2	607	36	5,700원
2	607	252	6,900원
2	607	468	7,200원
2	607	684	7,900원
2	760	42	김밥
2	843	45	주문많음
2	843	133	리뷰최고
2	869	36	바른김밥
2	923	36	5,700원
2	981	36	두번 구운 남해 청정지역 김에 신선한 재료를 가득 담은 김밥
2	1029	63	97% (367개)
2	1029	159	ㆍ
2	1029	203	리뷰 (132)
2	1103	36	참치 김밥
2	1157	36	7,200원
2	1215	36	참치 샐러드와 향긋한 깻잎이 조화로운 김밥
2	1263	63	95% (169개)
2	1263	159	ㆍ
2	1263	203	리뷰 (53)
2	1337	36	돈가스 김밥
2	1391	36	7,200원
2	1441	121	지금 와우 가입하면 배달비 0원 + 25,000원 쿠폰
2	1449	36	입안 가득 풍성하게 채워지는 무항생제 등심 돈가스 김밥
2	1458	781	가입하기
2	1497	63	94% (66개)
2	1497	149	ㆍ
2	1497	193	리뷰 (14)
2	1556	24	배달비 0원 적용 중
2	1571	36	크림치즈 호두 김밥
3	0	0	97% (39개)
3	0	0	ㆍ
3	0	0	고소한 새우튀김과 알싸한 생고추냉이마요소스가 어우러진 김밥
3	0	0	리뷰 (7)
3	66	155	바르다김선생 삼호가든사거리점 내 메뉴를 찾아보세요
3	132	36	5,700원
3	132	252	6,900원
3	132	468	7,200원
3	132	684	7,900원
3	151	114	&#128293; 인기메뉴
3	151	298	김밥
3	151	402	프리미엄 김밥
3	151	600	떡볶이
3	151	726	사이드
3	151	852	밥/식사
3	182	51	1 / 3
3	248	251	바르다김선생 삼호가든사거리점
3	270	42	김밥
3	298	404	4.8(7,175)
3	353	45	주문많음
3	353	133	리뷰최고
3	379	36	바른김밥
3	433	36	5,700원
3	491	36	두번 구운 남해 청정지역 김에 신선한 재료를 가득 담은 김밥
3	539	63	97% (367개)
3	539	159	ㆍ
3	539	203	리뷰 (132)
3	613	36	참치 김밥
3	667	36	7,200원
3	725	36	참치 샐러드와 향긋한 깻잎이 조화로운 김밥
3	773	63	95% (169개)
3	773	159	ㆍ
3	773	203	리뷰 (53)
3	847	36	돈가스 김밥
3	901	36	7,200원
3	959	36	입안 가득 풍성하게 채워지는 무항생제 등심 돈가스 김밥
3	1007	63	94% (66개)
3	1007	149	ㆍ
3	1007	193	리뷰 (14)
3	1081	36	크림치즈 호두 김밥
3	1135	36	7,200원
3	1193	36	풍부한 맛의 크림치즈와 고소한 호두강정을 함께 즐길 수 있는 김밥
3	1241	63	96% (56개)
3	1241	149	ㆍ
3	1241	193	리뷰 (15)
3	1315	36	매운 제육 쌈 김밥
3	1369	36	7,200원
3	1427	36	은은한 숯불향과 매콤한 양념이 어우러진 김밥
3	1441	121	지금 와우 가입하면 배달비 0원 + 25,000원 쿠폰
3	1458	781	가입하기
3	1475	63	93% (58개)
3	1475	149	ㆍ
3	1475	193	리뷰 (25)
3	1549	36	[추천] 새우튀김 김밥
3	1556	24	배달비 0원 적용 중
4	0	0	100% (3개)
4	0	0	ㆍ
4	0	0	리뷰 (2)
4	66	155	바르다김선생 삼호가든사거리점 내 메뉴를 찾아보세요
4	126	36	참치 김밥
4	151	114	김밥
4	151	218	프리미엄 김밥
4	151	416	떡볶이
4	151	542	사이드
4	151	668	밥/식사
4	151	804	면
4	151	886	돈가스
4	180	36	7,200원
4	182	51	2 / 3
4	238	36	참치 샐러드와 향긋한 깻잎이 조화로운 김밥
4	248	251	바르다김선생 삼호가든사거리점
4	286	63	95% (169개)
4	286	159	ㆍ
4	286	203	리뷰 (53)
4	298	404	4.8(7,175)
4	360	36	돈가스 김밥
4	414	36	7,200원
4	472	36	입안 가득 풍성하게 채워지는 무항생제 등심 돈가스 김밥
4	520	63	94% (66개)
4	520	149	ㆍ
4	520	193	리뷰 (14)
4	594	36	크림치즈 호두 김밥
4	648	36	7,200원
4	706	36	풍부한 맛의 크림치즈와 고소한 호두강정을 함께 즐길 수 있는 김밥
4	754	63	96% (56개)
4	754	149	ㆍ
4	754	193	리뷰 (15)
4	828	36	매운 제육 쌈 김밥
4	882	36	7,200원
4	940	36	은은한 숯불향과 매콤한 양념이 어우러진 김밥
4	988	63	93% (58개)
4	988	149	ㆍ
4	988	193	리뷰 (25)
4	1062	36	[추천] 새우튀김 김밥
4	1116	36	7,200원
4	1174	36	고소한 새우튀김과 알싸한 생고추냉이마요소스가 어우러진 김밥
4	1222	63	97% (39개)
4	1222	149	ㆍ
4	1222	193	리뷰 (7)
4	1296	36	매운 멸추 김밥
4	1350	36	6,900원
4	1408	36	특제소스로 볶은 멸치와 고추의 조화로 칼칼한 매운맛을 선사하는 김밥
4	1441	121	지금 와우 가입하면 배달비 0원 + 25,000원 쿠폰
4	1456	63	96% (78개)
4	1456	149	ㆍ
4	1456	193	리뷰 (30)
4	1458	781	가입하기
4	1539	36	[신메뉴]크랩마요김밥
4	1556	24	배달비 0원 적용 중
4	1587	36	6,500원
5	0	0	95% (116개)
5	0	0	[추천] 소불고기 김밥
5	0	0	ㆍ
5	0	0	감칠맛 나는 불고기와 숯불향이 가득한 김밥
5	0	0	리뷰 (41)
5	66	155	바르다김선생 삼호가든사거리점 내 메뉴를 찾아보세요
5	106	36	크림치즈 호두 김밥
5	151	114	김밥
5	151	218	프리미엄 김밥
5	151	416	떡볶이
5	151	542	사이드
5	151	668	밥/식사
5	151	804	면
5	151	886	돈가스
5	160	36	7,200원
5	182	51	3 / 3
5	218	36	풍부한 맛의 크림치즈와 고소한 호두강정을 함께 즐길 수 있는 김밥
5	248	251	바르다김선생 삼호가든사거리점
5	266	63	96% (56개)
5	266	149	ㆍ
5	266	193	리뷰 (15)
5	298	404	4.8(7,175)
5	340	36	매운 제육 쌈 김밥
5	394	36	7,200원
5	452	36	은은한 숯불향과 매콤한 양념이 어우러진 김밥
5	500	63	93% (58개)
5	500	149	ㆍ
5	500	193	리뷰 (25)
5	574	36	[추천] 새우튀김 김밥
5	628	36	7,200원
5	686	36	고소한 새우튀김과 알싸한 생고추냉이마요소스가 어우러진 김밥
5	734	63	97% (39개)
5	734	149	ㆍ
5	734	193	리뷰 (7)
5	808	36	매운 멸추 김밥
5	862	36	6,900원
5	920	36	특제소스로 볶은 멸치와 고추의 조화로 칼칼한 매운맛을 선사하는 김밥
5	968	63	96% (78개)
5	968	149	ㆍ
5	968	193	리뷰 (30)
5	1051	36	[신메뉴]크랩마요김밥
5	1099	36	6,500원
5	1199	63	100% (3개)
5	1199	149	ㆍ
5	1199	193	리뷰 (2)
5	1303	42	프리미엄 김밥
5	1385	36	[추천] 숙성지 참치 김밥
5	1439	36	8,600원
5	1441	121	지금 와우 가입하면 배달비 0원 + 25,000원 쿠폰
5	1458	781	가입하기
5	1497	36	숙성 김치의 아삭한 개운함과 참치의 고소함이 맛있게 어우러진 김밥
5	1545	63	92% (64개)
5	1545	149	ㆍ
5	1545	193	리뷰 (24)
5	1556	24	배달비 0원 적용 중
6	0	0	87% (31개)
6	0	0	ㆍ
6	0	0	계란지단의 꼬들함, 크림치즈의 부드러움. 그리고 호두강정의 바삭함이 어우러진 저탄수 고지방 김밥
6	0	0	리뷰 (13)
6	0	0	키토 크림치즈 김밥
6	66	155	바르다김선생 삼호가든사거리점 내 메뉴를 찾아보세요
6	87	36	[추천] 새우튀김 김밥
6	141	36	7,200원
6	151	114	김밥
6	151	218	프리미엄 김밥
6	151	416	떡볶이
6	151	542	사이드
6	151	668	밥/식사
6	151	804	면
6	151	886	돈가스
6	182	51	1 / 3
6	199	36	고소한 새우튀김과 알싸한 생고추냉이마요소스가 어우러진 김밥
6	247	63	97% (39개)
6	247	149	ㆍ
6	247	193	리뷰 (7)
6	248	251	바르다김선생 삼호가든사거리점
6	298	404	4.8(7,175)
6	321	36	매운 멸추 김밥
6	375	36	6,900원
6	433	36	특제소스로 볶은 멸치와 고추의 조화로 칼칼한 매운맛을 선사하는 김밥
6	481	63	96% (78개)
6	481	149	ㆍ
6	481	193	리뷰 (30)
6	564	36	[신메뉴]크랩마요김밥
6	612	36	6,500원
6	712	63	100% (3개)
6	712	149	ㆍ
6	712	193	리뷰 (2)
6	816	42	프리미엄 김밥
6	898	36	[추천] 숙성지 참치 김밥
6	952	36	8,600원
6	1010	36	숙성 김치의 아삭한 개운함과 참치의 고소함이 맛있게 어우러진 김밥
6	1058	63	92% (64개)
6	1058	149	ㆍ
6	1058	193	리뷰 (24)
6	1132	36	[추천] 소불고기 김밥
6	1186	36	7,900원
6	1244	36	감칠맛 나는 불고기와 숯불향이 가득한 김밥
6	1292	63	95% (116개)
6	1292	159	ㆍ
6	1292	203	리뷰 (41)
6	1366	36	키토 새우튀김 김밥
6	1420	36	7,900원
6	1441	121	지금 와우 가입하면 배달비 0원 + 25,000원 쿠폰
6	1458	781	가입하기
6	1478	36	밥 대신 계란지단을 넣은 “저탄고지” 새우튀김 김밥
6	1526	63	98% (41개)
6	1526	149	ㆍ
6	1526	193	리뷰 (17)
6	1556	24	배달비 0원 적용 중
7	0	0	86% (29개)
7	0	0	ㆍ
7	0	0	리뷰 (12)
7	0	0	진한 로제 소스와 쫄깃한 가락떡의 만남
7	66	155	바르다김선생 삼호가든사거리점 내 메뉴를 찾아보세요
7	77	36	[신메뉴]크랩마요김밥
7	132	36	6,500원
7	151	114	김밥
7	151	218	프리미엄 김밥
7	151	416	떡볶이
7	151	542	사이드
7	151	668	밥/식사
7	151	804	면
7	151	886	돈가스
7	182	51	2 / 3
7	225	63	100% (3개)
7	225	149	ㆍ
7	225	193	리뷰 (2)
7	248	251	바르다김선생 삼호가든사거리점
7	298	404	4.8(7,175)
7	329	42	프리미엄 김밥
7	411	36	[추천] 숙성지 참치 김밥
7	465	36	8,600원
7	523	36	숙성 김치의 아삭한 개운함과 참치의 고소함이 맛있게 어우러진 김밥
7	571	63	92% (64개)
7	571	149	ㆍ
7	571	193	리뷰 (24)
7	645	36	[추천] 소불고기 김밥
7	699	36	7,900원
7	757	36	감칠맛 나는 불고기와 숯불향이 가득한 김밥
7	805	63	95% (116개)
7	805	159	ㆍ
7	805	203	리뷰 (41)
7	879	36	키토 새우튀김 김밥
7	933	36	7,900원
7	991	36	밥 대신 계란지단을 넣은 “저탄고지” 새우튀김 김밥
7	1039	63	98% (41개)
7	1039	149	ㆍ
7	1039	193	리뷰 (17)
7	1113	36	키토 크림치즈 김밥
7	1167	36	7,900원
7	1225	36	계란지단의 꼬들함, 크림치즈의 부드러움. 그리고 호두강정의 바삭함이 어우러진 저탄수 고지방 김밥
7	1303	63	87% (31개)
7	1303	149	ㆍ
7	1303	193	리뷰 (13)
7	1407	42	떡볶이
7	1441	121	지금 와우 가입하면 배달비 0원 + 25,000원 쿠폰
7	1458	781	가입하기
7	1489	36	로제 가락 떡볶이
7	1543	36	11,800원
7	1556	24	배달비 0원 적용 중
8	0	0	97% (124개)
8	0	0	[추천] 숙성지 참치 김밥
8	0	0	ㆍ
8	0	0	리뷰 (33)
8	37	36	숙성 김치의 아삭한 개운함과 참치의 고소함이 맛있게 어우러진 김밥
8	66	155	바르다김선생 삼호가든사거리점 내 메뉴를 찾아보세요
8	85	63	92% (64개)
8	85	149	ㆍ
8	85	193	리뷰 (24)
8	151	114	프리미엄 김밥
8	151	312	떡볶이
8	151	438	사이드
8	151	564	밥/식사
8	151	700	면
8	151	782	돈가스
8	159	36	[추천] 소불고기 김밥
8	182	51	3 / 3
8	213	36	7,900원
8	248	251	바르다김선생 삼호가든사거리점
8	271	36	감칠맛 나는 불고기와 숯불향이 가득한 김밥
8	298	404	4.8(7,175)
8	319	63	95% (116개)
8	319	159	ㆍ
8	319	203	리뷰 (41)
8	393	36	키토 새우튀김 김밥
8	447	36	7,900원
8	505	36	밥 대신 계란지단을 넣은 “저탄고지” 새우튀김 김밥
8	553	63	98% (41개)
8	553	149	ㆍ
8	553	193	리뷰 (17)
8	627	36	키토 크림치즈 김밥
8	681	36	7,900원
8	739	36	계란지단의 꼬들함, 크림치즈의 부드러움. 그리고 호두강정의 바삭함이 어우러진 저탄수 고지방 김밥
8	817	63	87% (31개)
8	817	149	ㆍ
8	817	193	리뷰 (13)
8	921	42	떡볶이
8	1003	36	로제 가락 떡볶이
8	1057	36	11,800원
8	1115	36	진한 로제 소스와 쫄깃한 가락떡의 만남
8	1163	63	86% (29개)
8	1163	149	ㆍ
8	1163	193	리뷰 (12)
8	1237	36	치즈 가락 떡볶이
8	1291	36	11,800원
8	1349	36	매콤한 소스와 담백한 치즈가 조화로운 떡볶이
8	1397	63	93% (15개)
8	1397	149	ㆍ
8	1397	193	리뷰 (9)
8	1441	121	지금 와우 가입하면 배달비 0원 + 25,000원 쿠폰
8	1458	781	가입하기
8	1471	36	가락 떡볶이
8	1525	36	10,300원
8	1556	24	배달비 0원 적용 중
8	1583	36	쫄깃한 가락떡으로 매콤하게 만들어 김밥과 곁들여 먹기 더 없이 좋은 떡볶이
9	0	0	100% (53개)
9	0	0	ㆍ
9	0	0	리뷰 (17)
9	0	0	부산 프리미엄 어묵 고래사 어묵으로 만든 깊고 진한 맛
9	66	155	바르다김선생 삼호가든사거리점 내 메뉴를 찾아보세요
9	134	36	키토 크림치즈 김밥
9	151	114	프리미엄 김밥
9	151	312	떡볶이
9	151	438	사이드
9	151	564	밥/식사
9	151	700	면
9	151	782	돈가스
9	182	51	1 / 3
9	188	36	7,900원
9	246	36	계란지단의 꼬들함, 크림치즈의 부드러움. 그리고 호두강정의 바삭함이 어우러진 저탄수 고지방 김밥
9	248	251	바르다김선생 삼호가든사거리점
9	298	404	4.8(7,175)
9	324	63	87% (31개)
9	324	149	ㆍ
9	324	193	리뷰 (13)
9	428	42	떡볶이
9	510	36	로제 가락 떡볶이
9	564	36	11,800원
9	622	36	진한 로제 소스와 쫄깃한 가락떡의 만남
9	670	63	86% (29개)
9	670	149	ㆍ
9	670	193	리뷰 (12)
9	744	36	치즈 가락 떡볶이
9	798	36	11,800원
9	856	36	매콤한 소스와 담백한 치즈가 조화로운 떡볶이
9	904	63	93% (15개)
9	904	149	ㆍ
9	904	193	리뷰 (9)
9	978	36	가락 떡볶이
9	1032	36	10,300원
9	1090	36	쫄깃한 가락떡으로 매콤하게 만들어 김밥과 곁들여 먹기 더 없이 좋은 떡볶이
9	1168	63	97% (124개)
9	1168	159	ㆍ
9	1168	203	리뷰 (33)
9	1272	42	사이드
9	1354	36	[추천] 바른 닭강정
9	1408	36	9,900원
9	1441	121	지금 와우 가입하면 배달비 0원 + 25,000원 쿠폰
9	1458	781	가입하기
9	1466	36	특제 양념소스로 매콤달콤하게 버무린 닭강정과 쫄깃한 쌀떡의 조화
9	1514	63	97% (117개)
9	1514	159	ㆍ
9	1514	203	리뷰 (34)
9	1556	24	배달비 0원 적용 중
9	1588	36	바른 어묵탕
10	0	0	88% (33개)
10	0	0	ㆍ
10	0	0	리뷰 (17)
10	16	36	로제 가락 떡볶이
10	66	155	바르다김선생 삼호가든사거리점 내 메뉴를 찾아보세요
10	128	36	진한 로제 소스와 쫄깃한 가락떡의 만남
10	151	120	떡볶이
10	151	246	사이드
10	151	372	밥/식사
10	151	508	면
10	151	590	돈가스
10	151	716	만두
10	151	820	음료
10	176	63	86% (29개)
10	176	149	ㆍ
10	176	193	리뷰 (12)
10	182	51	2 / 3
10	248	251	바르다김선생 삼호가든사거리점
10	250	36	치즈 가락 떡볶이
10	298	404	4.8(7,175)
10	304	36	11,800원
10	362	36	매콤한 소스와 담백한 치즈가 조화로운 떡볶이
10	410	63	93% (15개)
10	410	149	ㆍ
10	410	193	리뷰 (9)
10	484	36	가락 떡볶이
10	538	36	10,300원
10	596	36	쫄깃한 가락떡으로 매콤하게 만들어 김밥과 곁들여 먹기 더 없이 좋은 떡볶이
10	674	63	97% (124개)
10	674	159	ㆍ
10	674	203	리뷰 (33)
10	778	42	사이드
10	860	36	[추천] 바른 닭강정
10	914	36	9,900원
10	972	36	특제 양념소스로 매콤달콤하게 버무린 닭강정과 쫄깃한 쌀떡의 조화
10	1020	63	97% (117개)
10	1020	159	ㆍ
10	1020	203	리뷰 (34)
10	1094	36	바른 어묵탕
10	1148	36	7,700원
10	1206	36	부산 프리미엄 어묵 고래사 어묵으로 만든 깊고 진한 맛
10	1254	63	100% (53개)
10	1254	159	ㆍ
10	1254	203	리뷰 (17)
10	1358	42	밥/식사
10	1440	36	[추천] 김치카츠나베 + 공기밥
10	1441	121	지금 와우 가입하면 배달비 0원 + 25,000원 쿠폰
10	1458	781	가입하기
10	1494	36	14,000원
10	1552	36	칼칼한 김치육수에 부드러운 돈카츠의 조화로운 맛
10	1556	24	배달비 0원 적용 중
11	0	36	가락 떡볶이
11	66	155	바르다김선생 삼호가든사거리점 내 메뉴를 찾아보세요
11	110	36	쫄깃한 가락떡으로 매콤하게 만들어 김밥과 곁들여 먹기 더 없이 좋은 떡볶이
11	151	120	떡볶이
11	151	246	사이드
11	151	372	밥/식사
11	151	508	면
11	151	590	돈가스
11	151	716	만두
11	151	820	음료
11	182	51	3 / 3
11	188	63	97% (124개)
11	188	159	ㆍ
11	188	203	리뷰 (33)
11	248	251	바르다김선생 삼호가든사거리점
11	292	42	사이드
11	298	404	4.8(7,175)
11	374	36	[추천] 바른 닭강정
11	428	36	9,900원
11	486	36	특제 양념소스로 매콤달콤하게 버무린 닭강정과 쫄깃한 쌀떡의 조화
11	534	63	97% (117개)
11	534	159	ㆍ
11	534	203	리뷰 (34)
11	608	36	바른 어묵탕
11	662	36	7,700원
11	720	36	부산 프리미엄 어묵 고래사 어묵으로 만든 깊고 진한 맛
11	768	63	100% (53개)
11	768	159	ㆍ
11	768	203	리뷰 (17)
11	872	42	밥/식사
11	954	36	[추천] 김치카츠나베 + 공기밥
11	1008	36	14,000원
11	1066	36	칼칼한 김치육수에 부드러운 돈카츠의 조화로운 맛
11	1114	63	88% (33개)
11	1114	149	ㆍ
11	1114	193	리뷰 (17)
11	1188	36	[추천] 철판 불고기 덮밥
11	1242	36	12,300원
11	1300	36	감칠맛 나는 불고기와 새송이버섯이 어우러진 숯불향 가득한 덮밥
11	1348	63	100% (76개)
11	1348	159	ㆍ
11	1348	203	리뷰 (29)
11	1422	36	철판 제육 덮밥
11	1441	121	지금 와우 가입하면 배달비 0원 + 25,000원 쿠폰
11	1458	781	가입하기
11	1476	36	12,300원
11	1534	36	매콤한 국내산 제육볶음에 숯불향으로 맛을 더한 덮밥
11	1556	24	배달비 0원 적용 중
11	1582	63	94% (64개)
11	1582	149	ㆍ
11	1582	193	리뷰 (20)
12	66	155	바르다김선생 삼호가든사거리점 내 메뉴를 찾아보세요
12	122	36	바른 어묵탕
12	151	120	떡볶이
12	151	246	사이드
12	151	372	밥/식사
12	151	508	면
12	151	590	돈가스
12	151	716	만두
12	151	820	음료
12	176	36	7,700원
12	182	51	1 / 3
12	234	36	부산 프리미엄 어묵 고래사 어묵으로 만든 깊고 진한 맛
12	248	251	바르다김선생 삼호가든사거리점
12	282	63	100% (53개)
12	282	159	ㆍ
12	282	203	리뷰 (17)
12	298	404	4.8(7,175)
12	386	42	밥/식사
12	468	36	[추천] 김치카츠나베 + 공기밥
12	522	36	14,000원
12	580	36	칼칼한 김치육수에 부드러운 돈카츠의 조화로운 맛
12	628	63	88% (33개)
12	628	149	ㆍ
12	628	193	리뷰 (17)
12	702	36	[추천] 철판 불고기 덮밥
12	756	36	12,300원
12	814	36	감칠맛 나는 불고기와 새송이버섯이 어우러진 숯불향 가득한 덮밥
12	862	63	100% (76개)
12	862	159	ㆍ
12	862	203	리뷰 (29)
12	936	36	철판 제육 덮밥
12	990	36	12,300원
12	1048	36	매콤한 국내산 제육볶음에 숯불향으로 맛을 더한 덮밥
12	1096	63	94% (64개)
12	1096	149	ㆍ
12	1096	193	리뷰 (20)
12	1170	36	눈꽃 치즈 닭갈비 덮밥
12	1224	36	12,300원
12	1282	36	매콤한 양념 닭갈비(100%닭다리살) 부드러운 눈꽃치즈가 듬뿍
12	1330	63	100% (8개)
12	1330	149	ㆍ
12	1330	193	리뷰 (7)
12	1404	36	든든 치킨 카레
12	1441	121	지금 와우 가입하면 배달비 0원 + 25,000원 쿠폰
12	1458	36	11,800원
12	1458	781	가입하기
12	1516	36	부드러운 닭 안심 튀김과 함께 즐기는 진한 풍미의 든든한 매콤 카레 덮밥
12	1556	24	배달비 0원 적용 중
12	1564	63	95% (65개)
12	1564	149	ㆍ
12	1564	193	리뷰 (12)
13	0	0	[신메뉴]달래향간장곤드레밥
13	0	36	[추천] 김치카츠나베 + 공기밥
13	66	155	바르다김선생 삼호가든사거리점 내 메뉴를 찾아보세요
13	96	36	칼칼한 김치육수에 부드러운 돈카츠의 조화로운 맛
13	144	63	88% (33개)
13	144	149	ㆍ
13	144	193	리뷰 (17)
13	151	121	떡볶이
13	151	247	사이드
13	151	373	밥/식사
13	151	508	면
13	151	590	돈가스
13	151	716	만두
13	151	820	음료
13	182	51	2 / 3
13	218	36	[추천] 철판 불고기 덮밥
13	248	251	바르다김선생 삼호가든사거리점
13	272	36	12,300원
13	298	404	4.8(7,175)
13	330	36	감칠맛 나는 불고기와 새송이버섯이 어우러진 숯불향 가득한 덮밥
13	378	63	100% (76개)
13	378	159	ㆍ
13	378	203	리뷰 (29)
13	452	36	철판 제육 덮밥
13	506	36	12,300원
13	564	36	매콤한 국내산 제육볶음에 숯불향으로 맛을 더한 덮밥
13	612	63	94% (64개)
13	612	149	ㆍ
13	612	193	리뷰 (20)
13	686	36	눈꽃 치즈 닭갈비 덮밥
13	740	36	12,300원
13	798	36	매콤한 양념 닭갈비(100%닭다리살) 부드러운 눈꽃치즈가 듬뿍
13	846	63	100% (8개)
13	846	149	ㆍ
13	846	193	리뷰 (7)
13	920	36	든든 치킨 카레
13	974	36	11,800원
13	1032	36	부드러운 닭 안심 튀김과 함께 즐기는 진한 풍미의 든든한 매콤 카레 덮밥
13	1080	63	95% (65개)
13	1080	149	ㆍ
13	1080	193	리뷰 (12)
13	1154	36	달래향간장 비빔밥
13	1208	36	11,300원
13	1266	36	일곱 가지 색의 건강한 식재료에, 달래 향 간장소스로 맛을 더한 비빔밥
13	1314	63	96% (46개)
13	1314	149	ㆍ
13	1314	193	리뷰 (14)
13	1388	36	바른 삼계죽
13	1441	121	지금 와우 가입하면 배달비 0원 + 25,000원 쿠폰
13	1442	36	10,500원
13	1458	781	가입하기
13	1500	63	100% (5개)
13	1500	149	ㆍ
13	1500	193	리뷰 (1)
13	1556	24	배달비 0원 적용 중
14	0	0	철판 제육 덮밥
14	66	155	바르다김선생 삼호가든사거리점 내 메뉴를 찾아보세요
14	70	36	매콤한 국내산 제육볶음에 숯불향으로 맛을 더한 덮밥
14	118	63	94% (64개)
14	118	149	ㆍ
14	118	193	리뷰 (20)
14	151	121	떡볶이
14	151	247	사이드
14	151	373	밥/식사
14	151	508	면
14	151	590	돈가스
14	151	716	만두
14	151	820	음료
14	182	51	3 / 3
14	192	36	눈꽃 치즈 닭갈비 덮밥
14	246	36	12,300원
14	248	251	바르다김선생 삼호가든사거리점
14	298	404	4.8(7,175)
14	304	36	매콤한 양념 닭갈비(100%닭다리살) 부드러운 눈꽃치즈가 듬뿍
14	352	63	100% (8개)
14	352	149	ㆍ
14	352	193	리뷰 (7)
14	426	36	든든 치킨 카레
14	480	36	11,800원
14	538	36	부드러운 닭 안심 튀김과 함께 즐기는 진한 풍미의 든든한 매콤 카레 덮밥
14	586	63	95% (65개)
14	586	149	ㆍ
14	586	193	리뷰 (12)
14	660	36	달래향간장 비빔밥
14	714	36	11,300원
14	772	36	일곱 가지 색의 건강한 식재료에, 달래 향 간장소스로 맛을 더한 비빔밥
14	820	63	96% (46개)
14	820	149	ㆍ
14	820	193	리뷰 (14)
14	894	36	바른 삼계죽
14	948	36	10,500원
14	1006	63	100% (5개)
14	1006	149	ㆍ
14	1006	193	리뷰 (1)
14	1116	36	[신메뉴]달래향간장곤드레밥
14	1164	36	11,300원
14	1305	36	[신메뉴]곤드레제육덮밥
14	1353	36	12,800원
14	1441	121	지금 와우 가입하면 배달비 0원 + 25,000원 쿠폰
14	1453	63	리뷰 (1)
14	1458	781	가입하기
14	1556	24	배달비 0원 적용 중
14	1557	42	면
15	0	0	100% (45개)
15	0	0	ㆍ
15	0	0	든든 치킨 카레
15	0	0	리뷰 (11)
15	0	0	바른 참기름과 특제 간장소스, 다양한 고명의 감칠 맛이 좋은 메밀 국수
15	52	36	부드러운 닭 안심 튀김과 함께 즐기는 진한 풍미의 든든한 매콤 카레 덮밥
15	66	155	바르다김선생 삼호가든사거리점 내 메뉴를 찾아보세요
15	100	63	95% (65개)
15	100	149	ㆍ
15	100	193	리뷰 (12)
15	151	121	떡볶이
15	151	247	사이드
15	151	373	밥/식사
15	151	508	면
15	151	590	돈가스
15	151	716	만두
15	151	820	음료
15	174	36	달래향간장 비빔밥
15	182	51	1 / 3
15	228	36	11,300원
15	248	251	바르다김선생 삼호가든사거리점
15	286	36	일곱 가지 색의 건강한 식재료에, 달래 향 간장소스로 맛을 더한 비빔밥
15	298	404	4.8(7,175)
15	334	63	96% (46개)
15	334	149	ㆍ
15	334	193	리뷰 (14)
15	408	36	바른 삼계죽
15	462	36	10,500원
15	520	63	100% (5개)
15	520	149	ㆍ
15	520	193	리뷰 (1)
15	630	36	[신메뉴]달래향간장곤드레밥
15	678	36	11,300원
15	819	36	[신메뉴]곤드레제육덮밥
15	867	36	12,800원
15	967	63	리뷰 (1)
15	1071	42	면
15	1162	36	[추천] 닭가슴살 냉국수
15	1210	36	11,000원
15	1340	36	[추천] 쫄깃 냉우동
15	1394	36	8,800원
15	1441	121	지금 와우 가입하면 배달비 0원 + 25,000원 쿠폰
15	1452	36	쫄깃한 식감의 우동면과, 깔끔한 육수가 조화된 우동
15	1458	781	가입하기
15	1500	63	94% (47개)
15	1500	149	ㆍ
15	1500	193	리뷰 (12)
15	1556	24	배달비 0원 적용 중
15	1574	36	[추천] 바른 참기름 막국수
16	0	0	91% (35개)
16	0	0	ㆍ
16	0	0	남해에서 잡은 좋은 멸치로 우려낸 깊은 풍미의 잔치국수
16	0	0	리뷰 (23)
16	66	155	바르다김선생 삼호가든사거리점 내 메뉴를 찾아보세요
16	143	36	[신메뉴]달래향간장곤드레밥
16	151	121	떡볶이
16	151	247	사이드
16	151	373	밥/식사
16	151	508	면
16	151	590	돈가스
16	151	716	만두
16	151	820	음료
16	182	51	2 / 3
16	191	36	11,300원
16	248	251	바르다김선생 삼호가든사거리점
16	298	404	4.8(7,175)
16	332	36	[신메뉴]곤드레제육덮밥
16	380	36	12,800원
16	480	63	리뷰 (1)
16	584	42	면
16	675	36	[추천] 닭가슴살 냉국수
16	723	36	11,000원
16	853	36	[추천] 쫄깃 냉우동
16	907	36	8,800원
16	965	36	쫄깃한 식감의 우동면과, 깔끔한 육수가 조화된 우동
16	1013	63	94% (47개)
16	1013	149	ㆍ
16	1013	193	리뷰 (12)
16	1087	36	[추천] 바른 참기름 막국수
16	1141	36	10,800원
16	1199	36	바른 참기름과 특제 간장소스, 다양한 고명의 감칠 맛이 좋은 메밀 국수
16	1247	63	100% (45개)
16	1247	159	ㆍ
16	1247	203	리뷰 (11)
16	1330	36	[신메뉴/추천] 통새우완탕칼국수
16	1378	36	10,800원
16	1441	121	지금 와우 가입하면 배달비 0원 + 25,000원 쿠폰
16	1458	781	가입하기
16	1478	63	100% (1개)
16	1478	149	ㆍ
16	1478	193	리뷰 (1)
16	1552	36	바른 멸치국수
16	1556	24	배달비 0원 적용 중
17	0	0	100% (12개)
17	0	0	ㆍ
17	0	0	따끈하고 고소한 사골국물에 담백하고 부드러운 안동식 국수
17	0	0	리뷰 (3)
17	66	155	바르다김선생 삼호가든사거리점 내 메뉴를 찾아보세요
17	132	42	면
17	151	120	떡볶이
17	151	246	사이드
17	151	372	밥/식사
17	151	508	면
17	151	590	돈가스
17	151	716	만두
17	151	820	음료
17	182	51	3 / 3
17	190	36	[추천] 닭가슴살 냉국수
17	238	36	11,000원
17	248	251	바르다김선생 삼호가든사거리점
17	298	404	4.8(7,175)
17	368	36	[추천] 쫄깃 냉우동
17	422	36	8,800원
17	480	36	쫄깃한 식감의 우동면과, 깔끔한 육수가 조화된 우동
17	528	63	94% (47개)
17	528	149	ㆍ
17	528	193	리뷰 (12)
17	602	36	[추천] 바른 참기름 막국수
17	656	36	10,800원
17	714	36	바른 참기름과 특제 간장소스, 다양한 고명의 감칠 맛이 좋은 메밀 국수
17	762	63	100% (45개)
17	762	159	ㆍ
17	762	203	리뷰 (11)
17	845	36	[신메뉴/추천] 통새우완탕칼국수
17	893	36	10,800원
17	993	63	100% (1개)
17	993	149	ㆍ
17	993	193	리뷰 (1)
17	1067	36	바른 멸치국수
17	1121	36	8,500원
17	1179	36	남해에서 잡은 좋은 멸치로 우려낸 깊은 풍미의 잔치국수
17	1227	63	91% (35개)
17	1227	149	ㆍ
17	1227	193	리뷰 (23)
17	1301	36	어묵튀김 우동
17	1355	36	9,000원
17	1413	36	두툼하게 빚어 튀겨낸 어묵과 깔끔한 육수, 눈과 입이 모두 즐거운 우동
17	1441	121	지금 와우 가입하면 배달비 0원 + 25,000원 쿠폰
17	1458	781	가입하기
17	1461	63	90% (30개)
17	1461	149	ㆍ
17	1461	193	리뷰 (14)
17	1535	36	안동국시
17	1556	24	배달비 0원 적용 중
17	1589	36	10,000원
18	0	0	93% (27개)
18	0	0	ㆍ
18	0	0	다양한 해물로 감칠맛을 더한 짬뽕라면
18	0	0	리뷰 (13)
18	66	155	바르다김선생 삼호가든사거리점 내 메뉴를 찾아보세요
18	118	36	[추천] 바른 참기름 막국수
18	151	120	떡볶이
18	151	246	사이드
18	151	372	밥/식사
18	151	508	면
18	151	590	돈가스
18	151	716	만두
18	151	820	음료
18	172	36	10,800원
18	182	51	1 / 3
18	230	36	바른 참기름과 특제 간장소스, 다양한 고명의 감칠 맛이 좋은 메밀 국수
18	248	251	바르다김선생 삼호가든사거리점
18	278	63	100% (45개)
18	278	159	ㆍ
18	278	203	리뷰 (11)
18	298	404	4.8(7,175)
18	361	36	[신메뉴/추천] 통새우완탕칼국수
18	409	36	10,800원
18	509	63	100% (1개)
18	509	149	ㆍ
18	509	193	리뷰 (1)
18	583	36	바른 멸치국수
18	637	36	8,500원
18	695	36	남해에서 잡은 좋은 멸치로 우려낸 깊은 풍미의 잔치국수
18	743	63	91% (35개)
18	743	149	ㆍ
18	743	193	리뷰 (23)
18	817	36	어묵튀김 우동
18	871	36	9,000원
18	929	36	두툼하게 빚어 튀겨낸 어묵과 깔끔한 육수, 눈과 입이 모두 즐거운 우동
18	977	63	90% (30개)
18	977	149	ㆍ
18	977	193	리뷰 (14)
18	1051	36	안동국시
18	1105	36	10,000원
18	1163	36	따끈하고 고소한 사골국물에 담백하고 부드러운 안동식 국수
18	1211	63	100% (12개)
18	1211	159	ㆍ
18	1211	203	리뷰 (3)
18	1285	36	김선생 비빔면
18	1339	36	9,800원
18	1397	36	매콤한 소스와 상큼한 무절임, 김선생 특제면이 조화로운 비빔면
18	1441	121	지금 와우 가입하면 배달비 0원 + 25,000원 쿠폰
18	1445	63	94% (31개)
18	1445	149	ㆍ
18	1445	193	리뷰 (9)
18	1458	781	가입하기
18	1519	36	해물짬뽕생라면
18	1556	24	배달비 0원 적용 중
18	1573	36	9,500원
19	0	0	91% (11개)
19	0	0	ㆍ
19	0	0	리뷰 (3)
19	0	0	부산 프리미엄 어묵 고래사 어묵과 얼큰한 김치육수의 조화
19	66	155	바르다김선생 삼호가든사거리점 내 메뉴를 찾아보세요
19	88	36	바른 멸치국수
19	142	36	8,500원
19	151	120	떡볶이
19	151	246	사이드
19	151	372	밥/식사
19	151	508	면
19	151	590	돈가스
19	151	716	만두
19	151	820	음료
19	182	51	2 / 3
19	200	36	남해에서 잡은 좋은 멸치로 우려낸 깊은 풍미의 잔치국수
19	248	63	91% (35개)
19	248	149	ㆍ
19	248	193	리뷰 (23)
19	248	251	바르다김선생 삼호가든사거리점
19	298	404	4.8(7,175)
19	322	36	어묵튀김 우동
19	376	36	9,000원
19	434	36	두툼하게 빚어 튀겨낸 어묵과 깔끔한 육수, 눈과 입이 모두 즐거운 우동
19	482	63	90% (30개)
19	482	149	ㆍ
19	482	193	리뷰 (14)
19	556	36	안동국시
19	610	36	10,000원
19	668	36	따끈하고 고소한 사골국물에 담백하고 부드러운 안동식 국수
19	716	63	100% (12개)
19	716	159	ㆍ
19	716	203	리뷰 (3)
19	790	36	김선생 비빔면
19	844	36	9,800원
19	902	36	매콤한 소스와 상큼한 무절임, 김선생 특제면이 조화로운 비빔면
19	950	63	94% (31개)
19	950	149	ㆍ
19	950	193	리뷰 (9)
19	1024	36	해물짬뽕생라면
19	1078	36	9,500원
19	1136	36	다양한 해물로 감칠맛을 더한 짬뽕라면
19	1184	63	93% (27개)
19	1184	149	ㆍ
19	1184	193	리뷰 (13)
19	1258	36	[추천] 장 칼국수
19	1312	36	10,000원
19	1370	36	북어육수, 특제 장 소스로 칼칼하고 진한 국물이 일품
19	1418	63	78% (9개)
19	1418	139	ㆍ
19	1418	183	리뷰 (4)
19	1441	121	지금 와우 가입하면 배달비 0원 + 25,000원 쿠폰
19	1458	781	가입하기
19	1492	36	김치어묵우동
19	1546	36	10,500원
19	1556	24	배달비 0원 적용 중
20	0	0	100% (11개)
20	0	0	ㆍ
20	0	0	리뷰 (4)
20	0	0	무항생제 우리 돼지등심과 생치즈로 제대로 만든 돈가스
20	66	155	바르다김선생 삼호가든사거리점 내 메뉴를 찾아보세요
20	67	36	안동국시
20	132	36	10,000원
20	151	120	떡볶이
20	151	246	사이드
20	151	372	밥/식사
20	151	508	면
20	151	590	돈가스
20	151	716	만두
20	151	820	음료
20	179	36	따끈하고 고소한 사골국물에 담백하고 부드러운 안동식 국수
20	182	51	3 / 3
20	227	63	100% (12개)
20	227	159	ㆍ
20	227	203	리뷰 (3)
20	248	251	바르다김선생 삼호가든사거리점
20	298	404	4.8(7,175)
20	301	36	김선생 비빔면
20	355	36	9,800원
20	413	36	매콤한 소스와 상큼한 무절임, 김선생 특제면이 조화로운 비빔면
20	461	63	94% (31개)
20	461	149	ㆍ
20	461	193	리뷰 (9)
20	535	36	해물짬뽕생라면
20	589	36	9,500원
20	647	36	다양한 해물로 감칠맛을 더한 짬뽕라면
20	695	63	93% (27개)
20	695	149	ㆍ
20	695	193	리뷰 (13)
20	769	36	[추천] 장 칼국수
20	823	36	10,000원
20	881	36	북어육수, 특제 장 소스로 칼칼하고 진한 국물이 일품
20	929	63	78% (9개)
20	929	139	ㆍ
20	929	183	리뷰 (4)
20	1003	36	김치어묵우동
20	1057	36	10,500원
20	1115	36	부산 프리미엄 어묵 고래사 어묵과 얼큰한 김치육수의 조화
20	1163	63	91% (11개)
20	1163	149	ㆍ
20	1163	193	리뷰 (3)
20	1267	42	돈가스
20	1349	36	바른 등심 돈가스
20	1403	36	12,000원
20	1441	121	지금 와우 가입하면 배달비 0원 + 25,000원 쿠폰
20	1458	781	가입하기
20	1461	36	무항생제 우리 돼지로 제대로 만든 돈가스
20	1509	63	100% (21개)
20	1509	159	ㆍ
20	1509	203	리뷰 (4)
20	1556	24	배달비 0원 적용 중
20	1583	36	[추천] 치즈 등심 돈가스
21	0	0	99% (263개)
21	0	0	ㆍ
21	0	0	리뷰 (56)
21	42	36	해물짬뽕생라면
21	66	155	바르다김선생 삼호가든사거리점 내 메뉴를 찾아보세요
21	132	36	9,500원
21	151	120	떡볶이
21	151	246	사이드
21	151	372	밥/식사
21	151	508	면
21	151	590	돈가스
21	151	716	만두
21	151	820	음료
21	154	36	다양한 해물로 감칠맛을 더한 짬뽕라면
21	182	51	1 / 3
21	202	63	93% (27개)
21	202	149	ㆍ
21	202	193	리뷰 (13)
21	248	251	바르다김선생 삼호가든사거리점
21	276	36	[추천] 장 칼국수
21	298	404	4.8(7,175)
21	330	36	10,000원
21	388	36	북어육수, 특제 장 소스로 칼칼하고 진한 국물이 일품
21	436	63	78% (9개)
21	436	139	ㆍ
21	436	183	리뷰 (4)
21	510	36	김치어묵우동
21	564	36	10,500원
21	622	36	부산 프리미엄 어묵 고래사 어묵과 얼큰한 김치육수의 조화
21	670	63	91% (11개)
21	670	149	ㆍ
21	670	193	리뷰 (3)
21	774	42	돈가스
21	856	36	바른 등심 돈가스
21	910	36	12,000원
21	968	36	무항생제 우리 돼지로 제대로 만든 돈가스
21	1016	63	100% (21개)
21	1016	159	ㆍ
21	1016	203	리뷰 (4)
21	1090	36	[추천] 치즈 등심 돈가스
21	1144	36	13,000원
21	1202	36	무항생제 우리 돼지등심과 생치즈로 제대로 만든 돈가스
21	1250	63	100% (11개)
21	1250	159	ㆍ
21	1250	203	리뷰 (4)
21	1354	42	만두
21	1437	45	주문많음
21	1437	133	리뷰최고
21	1441	121	지금 와우 가입하면 배달비 0원 + 25,000원 쿠폰
21	1458	781	가입하기
21	1463	36	갈비 만두
21	1517	36	6,900원
21	1556	24	배달비 0원 적용 중
21	1575	36	바르다 김선생 특제갈비소스로 양념한 만두소를 가득 채운 만두
22	0	0	100% (18개)
22	0	0	ㆍ
22	0	0	리뷰 (4)
22	24	36	김치어묵우동
22	66	155	바르다김선생 삼호가든사거리점 내 메뉴를 찾아보세요
22	136	36	부산 프리미엄 어묵 고래사 어묵과 얼큰한 김치육수의 조화
22	151	120	떡볶이
22	151	246	사이드
22	151	372	밥/식사
22	151	508	면
22	151	590	돈가스
22	151	716	만두
22	151	820	음료
22	182	51	2 / 3
22	184	63	91% (11개)
22	184	149	ㆍ
22	184	193	리뷰 (3)
22	248	251	바르다김선생 삼호가든사거리점
22	288	42	돈가스
22	298	404	4.8(7,175)
22	370	36	바른 등심 돈가스
22	424	36	12,000원
22	482	36	무항생제 우리 돼지로 제대로 만든 돈가스
22	530	63	100% (21개)
22	530	159	ㆍ
22	530	203	리뷰 (4)
22	604	36	[추천] 치즈 등심 돈가스
22	658	36	13,000원
22	716	36	무항생제 우리 돼지등심과 생치즈로 제대로 만든 돈가스
22	764	63	100% (11개)
22	764	159	ㆍ
22	764	203	리뷰 (4)
22	868	42	만두
22	951	45	주문많음
22	951	133	리뷰최고
22	977	36	갈비 만두
22	1031	36	6,900원
22	1089	36	바르다 김선생 특제갈비소스로 양념한 만두소를 가득 채운 만두
22	1137	63	99% (263개)
22	1137	159	ㆍ
22	1137	203	리뷰 (56)
22	1211	36	제육튀김만두
22	1265	36	7,500원
22	1323	36	촉촉한 매콤 제육 만두소로 꽉 채워낸 바삭한 튀김만두
22	1371	63	96% (28개)
22	1371	149	ㆍ
22	1371	193	리뷰 (5)
22	1441	121	지금 와우 가입하면 배달비 0원 + 25,000원 쿠폰
22	1445	36	한입 메밀 전병
22	1458	781	가입하기
22	1499	36	7,500원
22	1556	24	배달비 0원 적용 중
22	1557	36	쫄깃한 메밀 피에 아삭한 김치, 돼지고기 소로 고소한 전병
23	0	0	100% (32개)
23	0	0	ㆍ
23	0	0	리뷰 (7)
23	66	155	바르다김선생 삼호가든사거리점 내 메뉴를 찾아보세요
23	117	36	[추천] 치즈 등심 돈가스
23	151	120	떡볶이
23	151	246	사이드
23	151	372	밥/식사
23	151	508	면
23	151	590	돈가스
23	151	716	만두
23	151	820	음료
23	171	36	13,000원
23	182	51	3 / 3
23	229	36	무항생제 우리 돼지등심과 생치즈로 제대로 만든 돈가스
23	248	251	바르다김선생 삼호가든사거리점
23	277	63	100% (11개)
23	277	159	ㆍ
23	277	203	리뷰 (4)
23	298	404	4.8(7,175)
23	381	42	만두
23	464	45	주문많음
23	464	133	리뷰최고
23	490	36	갈비 만두
23	544	36	6,900원
23	602	36	바르다 김선생 특제갈비소스로 양념한 만두소를 가득 채운 만두
23	650	63	99% (263개)
23	650	159	ㆍ
23	650	203	리뷰 (56)
23	724	36	제육튀김만두
23	778	36	7,500원
23	836	36	촉촉한 매콤 제육 만두소로 꽉 채워낸 바삭한 튀김만두
23	884	63	96% (28개)
23	884	149	ㆍ
23	884	193	리뷰 (5)
23	958	36	한입 메밀 전병
23	1012	36	7,500원
23	1070	36	쫄깃한 메밀 피에 아삭한 김치, 돼지고기 소로 고소한 전병
23	1118	63	100% (18개)
23	1118	159	ㆍ
23	1118	203	리뷰 (4)
23	1222	42	음료
23	1304	36	사이다 (뚱캔)
23	1358	36	2,500원
23	1416	63	100% (18개)
23	1416	159	ㆍ
23	1416	203	리뷰 (5)
23	1441	121	지금 와우 가입하면 배달비 0원 + 25,000원 쿠폰
23	1458	781	가입하기
23	1517	36	콜라 (뚱캔)
23	1556	24	배달비 0원 적용 중
23	1571	36	2,500원
24	0	0	리뷰최고
24	0	0	주문많음
24	0	36	갈비 만두
24	66	155	바르다김선생 삼호가든사거리점 내 메뉴를 찾아보세요
24	106	36	바르다 김선생 특제갈비소스로 양념한 만두소를 가득 채운 만두
24	151	120	떡볶이
24	151	246	사이드
24	151	372	밥/식사
24	151	508	면
24	151	590	돈가스
24	151	716	만두
24	151	820	음료
24	154	63	99% (263개)
24	154	159	ㆍ
24	154	203	리뷰 (56)
24	182	51	1 / 3
24	228	36	제육튀김만두
24	248	251	바르다김선생 삼호가든사거리점
24	282	36	7,500원
24	298	404	4.8(7,175)
24	340	36	촉촉한 매콤 제육 만두소로 꽉 채워낸 바삭한 튀김만두
24	388	63	96% (28개)
24	388	149	ㆍ
24	388	193	리뷰 (5)
24	462	36	한입 메밀 전병
24	516	36	7,500원
24	574	36	쫄깃한 메밀 피에 아삭한 김치, 돼지고기 소로 고소한 전병
24	622	63	100% (18개)
24	622	159	ㆍ
24	622	203	리뷰 (4)
24	726	42	음료
24	808	36	사이다 (뚱캔)
24	862	36	2,500원
24	920	63	100% (18개)
24	920	159	ㆍ
24	920	203	리뷰 (5)
24	1021	36	콜라 (뚱캔)
24	1075	36	2,500원
24	1133	63	100% (32개)
24	1133	159	ㆍ
24	1133	203	리뷰 (7)
24	1243	36	펩시라임 제로 (뚱캔)
24	1291	36	2,500원
24	1391	63	100% (2개)
24	1391	149	ㆍ
24	1391	193	리뷰 (1)
24	1441	121	지금 와우 가입하면 배달비 0원 + 25,000원 쿠폰
24	1458	781	가입하기
24	1477	36	비슷한 분식 맛집 추천해요
24	1483	810	광고
24	1553	171	도연김밥
24	1553	560	153구포국수 강남역점
24	1556	24	배달비 0원 적용 중
24	1588	220	(931)ㆍ
24	1588	609	(352)ㆍ
24	1589	195	4.9
24	1589	279	0.3km
24	1589	584	4.7
24	1589	668	0.1km
