0	0	0	100% (6개)
0	0	0	ㆍ
0	0	0	리뷰 (2)
0	0	0	통등심으로 튀긴 바삭쫄깃한 탕수육
0	446	51	2 / 3
0	512	301	홍콩반점0410 선릉역점
0	562	404	4.8(3,074)
0	676	0	배달 27분
0	676	450	포장 15분
0	769	674	매장∙원산지정보
0	780	69	도착까지 약 27분
0	841	36	최소주문
0	841	153	18,000원
0	896	36	일반회원
0	897	153	0-3,300원 0원
0	898	294	자세히
0	938	36	와우회원
0	938	153	와우회원은 매 주문 배달비 0원
0	1010	127	지금 와우 가입하면 배달비 0원 + 25,000원 쿠폰
0	1027	766	가입하기
0	1118	54	1,000원 즉시할인 자동 적용
0	1208	168	믿고 먹는 헝반 ^^
0	1208	606	요청사항도 잘 들어주시고 덕분에 잘 먹었습니다
0	1377	114	검색한 메뉴
0	1377	290	&#128293; 인기메뉴
0	1377	474	대표메뉴
0	1377	622	[돌아온 내꺼내먹] 팔도 홍콩반점
0	1478	42	검색한 메뉴
0	1524	36	홍콩반점 검색 결과
0	1598	36	홍콩반점 탕수육(소스 별도)
1	66	155	홍콩반점0410 선릉역점 내 메뉴를 찾아보세요
1	147	0	배달 27분
1	147	450	포장 15분
1	182	51	3 / 3
1	240	674	매장∙원산지정보
1	248	301	홍콩반점0410 선릉역점
1	251	69	도착까지 약 27분
1	298	404	4.8(3,074)
1	312	36	최소주문
1	312	153	18,000원
1	367	36	일반회원
1	368	153	0-3,300원 0원
1	369	294	자세히
1	409	36	와우회원
1	409	153	와우회원은 매 주문 배달비 0원
1	481	127	지금 와우 가입하면 배달비 0원 + 25,000원 쿠폰
1	498	766	가입하기
1	589	54	1,000원 즉시할인 자동 적용
1	679	168	믿고 먹는 헝반 ^^
1	679	606	요청사항도 잘 들어주시고 덕분에 잘 먹었습니다
1	848	114	검색한 메뉴
1	848	290	&#128293; 인기메뉴
1	848	474	대표메뉴
1	848	622	[돌아온 내꺼내먹] 팔도 홍콩반점
1	949	42	검색한 메뉴
1	995	36	홍콩반점 검색 결과
1	1069	36	홍콩반점 탕수육(소스 별도)
1	1123	36	13,800원
1	1181	36	통등심으로 튀긴 바삭쫄깃한 탕수육
1	1229	63	100% (6개)
1	1229	149	ㆍ
1	1229	193	리뷰 (2)
1	1303	36	홍콩반점 2인세트
1	1357	36	35,800원
1	1415	36	알찬 구성의 홍콩반점 2인 세트
1	1463	63	92% (12개)
1	1463	149	ㆍ
1	1463	193	리뷰 (9)
1	1556	24	배달비 0원 + 1,000원 즉시할인
1	1567	42	인기메뉴
2	66	155	홍콩반점0410 선릉역점 내 메뉴를 찾아보세요
2	182	51	1 / 3
2	185	168	믿고 먹는 헝반 ^^
2	185	606	요청사항도 잘 들어주시고 덕분에 잘 먹었습니다
2	248	301	홍콩반점0410 선릉역점
2	298	404	4.8(3,074)
2	354	114	검색한 메뉴
2	354	290	&#128293; 인기메뉴
2	354	474	대표메뉴
2	354	622	[돌아온 내꺼내먹] 팔도 홍콩반점
2	455	42	검색한 메뉴
2	501	36	홍콩반점 검색 결과
2	575	36	홍콩반점 탕수육(소스 별도)
2	629	36	13,800원
2	687	36	통등심으로 튀긴 바삭쫄깃한 탕수육
2	735	63	100% (6개)
2	735	149	ㆍ
2	735	193	리뷰 (2)
2	809	36	홍콩반점 2인세트
2	863	36	35,800원
2	921	36	알찬 구성의 홍콩반점 2인 세트
2	969	63	92% (12개)
2	969	149	ㆍ
2	969	193	리뷰 (9)
2	1073	42	인기메뉴
2	1151	88	1위
2	1151	304	2위
2	1151	520	3위
2	1151	708	4위
2	1350	36	식사1+탕수육 미니
2	1350	252	짜장면
2	1350	468	탕수육(소)(소스 별도)
2	1350	684	짬뽕(면 별도포장)
2	1391	36	21,800원
2	1391	252	8,000원
2	1391	684	10,000원
2	1426	468	17,800원
2	1441	121	지금 와우 가입하면 배달비 0원 + 25,000원 쿠폰
2	1458	781	가입하기
2	1544	42	대표메뉴
2	1556	24	배달비 0원 + 1,000원 즉시할인
3	0	0	100% (4개)
3	0	0	[진짜 차돌박이] 차돌짬뽕밥
3	0	0	ㆍ
3	0	0	리뷰 (4)
3	66	155	홍콩반점0410 선릉역점 내 메뉴를 찾아보세요
3	90	36	홍콩반점 탕수육(소스 별도)
3	144	36	13,800원
3	151	114	검색한 메뉴
3	151	290	&#128293; 인기메뉴
3	151	474	대표메뉴
3	151	622	[돌아온 내꺼내먹] 팔도 홍콩반점
3	182	51	2 / 3
3	202	36	통등심으로 튀긴 바삭쫄깃한 탕수육
3	248	301	홍콩반점0410 선릉역점
3	250	63	100% (6개)
3	250	149	ㆍ
3	250	193	리뷰 (2)
3	298	404	4.8(3,074)
3	324	36	홍콩반점 2인세트
3	378	36	35,800원
3	436	36	알찬 구성의 홍콩반점 2인 세트
3	484	63	92% (12개)
3	484	149	ㆍ
3	484	193	리뷰 (9)
3	588	42	인기메뉴
3	666	88	1위
3	666	304	2위
3	666	520	3위
3	666	708	4위
3	865	36	식사1+탕수육 미니
3	865	252	짜장면
3	865	468	탕수육(소)(소스 별도)
3	865	684	짬뽕(면 별도포장)
3	906	36	21,800원
3	906	252	8,000원
3	906	684	10,000원
3	941	468	17,800원
3	1059	42	대표메뉴
3	1141	36	[크림짬뽕끝판왕] 슈림프투움바
3	1195	36	13,000원
3	1253	36	커다란 통새우를 바삭하게 튀겨올린 매콤 꾸덕한 슈림프투움바 짬뽕
3	1301	63	100% (4개)
3	1301	149	ㆍ
3	1301	193	리뷰 (5)
3	1375	36	[진짜 차돌박이] 차돌짬뽕
3	1429	36	14,000원
3	1441	121	지금 와우 가입하면 배달비 0원 + 25,000원 쿠폰
3	1458	781	가입하기
3	1535	63	100% (13개)
3	1535	159	ㆍ
3	1535	203	리뷰 (7)
3	1556	24	배달비 0원 + 1,000원 즉시할인
4	0	0	95% (432개)
4	0	0	ㆍ
4	0	0	리뷰 (189)
4	0	0	야채의 단맛과 춘장의 깊은 맛을 살린 홍콩반점 짜장면
4	0	0	짜장면
4	66	155	홍콩반점0410 선릉역점 내 메뉴를 찾아보세요
4	132	42	인기메뉴
4	151	114	&#128293; 인기메뉴
4	151	298	대표메뉴
4	151	446	[돌아온 내꺼내먹] 팔도 홍콩반점
4	151	822	지금 핫한 SNS 화제의 메뉴!
4	179	88	1위
4	179	304	2위
4	179	520	3위
4	179	708	4위
4	182	51	3 / 3
4	248	301	홍콩반점0410 선릉역점
4	298	404	4.8(3,074)
4	378	36	식사1+탕수육 미니
4	378	252	짜장면
4	378	468	탕수육(소)(소스 별도)
4	378	684	짬뽕(면 별도포장)
4	419	36	21,800원
4	419	252	8,000원
4	419	684	10,000원
4	454	468	17,800원
4	572	42	대표메뉴
4	654	36	[크림짬뽕끝판왕] 슈림프투움바
4	708	36	13,000원
4	766	36	커다란 통새우를 바삭하게 튀겨올린 매콤 꾸덕한 슈림프투움바 짬뽕
4	814	63	100% (4개)
4	814	149	ㆍ
4	814	193	리뷰 (5)
4	888	36	[진짜 차돌박이] 차돌짬뽕
4	942	36	14,000원
4	1048	63	100% (13개)
4	1048	159	ㆍ
4	1048	203	리뷰 (7)
4	1122	36	[진짜 차돌박이] 차돌짬뽕밥
4	1176	36	14,000원
4	1282	63	100% (4개)
4	1282	149	ㆍ
4	1282	193	리뷰 (4)
4	1356	36	[3500원 인하] 2인세트
4	1410	36	34,300원
4	1441	121	지금 와우 가입하면 배달비 0원 + 25,000원 쿠폰
4	1458	781	가입하기
4	1468	36	3,500원 할인 된 가격으로 맛있게 드세요
4	1516	63	93% (89개)
4	1516	149	ㆍ
4	1516	193	리뷰 (49)
4	1556	24	배달비 0원 + 1,000원 즉시할인
4	1591	45	주문많음
4	1591	133	리뷰최고
5	66	155	홍콩반점0410 선릉역점 내 메뉴를 찾아보세요
5	151	114	대표메뉴
5	151	262	[돌아온 내꺼내먹] 팔도 홍콩반점
5	151	638	지금 핫한 SNS 화제의 메뉴!
5	168	36	[크림짬뽕끝판왕] 슈림프투움바
5	182	51	1 / 3
5	222	36	13,000원
5	248	301	홍콩반점0410 선릉역점
5	280	36	커다란 통새우를 바삭하게 튀겨올린 매콤 꾸덕한 슈림프투움바 짬뽕
5	298	404	4.8(3,074)
5	328	63	100% (4개)
5	328	149	ㆍ
5	328	193	리뷰 (5)
5	402	36	[진짜 차돌박이] 차돌짬뽕
5	456	36	14,000원
5	562	63	100% (13개)
5	562	159	ㆍ
5	562	203	리뷰 (7)
5	636	36	[진짜 차돌박이] 차돌짬뽕밥
5	690	36	14,000원
5	796	63	100% (4개)
5	796	149	ㆍ
5	796	193	리뷰 (4)
5	870	36	[3500원 인하] 2인세트
5	924	36	34,300원
5	982	36	3,500원 할인 된 가격으로 맛있게 드세요
5	1030	63	93% (89개)
5	1030	149	ㆍ
5	1030	193	리뷰 (49)
5	1105	45	주문많음
5	1105	133	리뷰최고
5	1131	36	짜장면
5	1185	36	8,000원
5	1243	36	야채의 단맛과 춘장의 깊은 맛을 살린 홍콩반점 짜장면
5	1291	63	95% (432개)
5	1291	159	ㆍ
5	1291	203	리뷰 (189)
5	1366	45	리뷰최고
5	1392	36	짬뽕(면 별도포장)
5	1441	121	지금 와우 가입하면 배달비 0원 + 25,000원 쿠폰
5	1446	36	10,000원
5	1458	781	가입하기
5	1504	36	녹진하고 얼큰한 국물에 통새우가 올라간 홍콩반점 짬뽕
5	1552	63	96% (298개)
5	1552	159	ㆍ
5	1552	203	리뷰 (154)
5	1556	24	배달비 0원 + 1,000원 즉시할인
6	66	155	홍콩반점0410 선릉역점 내 메뉴를 찾아보세요
6	151	114	대표메뉴
6	151	262	[돌아온 내꺼내먹] 팔도 홍콩반점
6	151	638	지금 핫한 SNS 화제의 메뉴!
6	154	36	[진짜 차돌박이] 차돌짬뽕밥
6	182	51	2 / 3
6	208	36	14,000원
6	248	301	홍콩반점0410 선릉역점
6	298	404	4.8(3,074)
6	314	63	100% (4개)
6	314	149	ㆍ
6	314	193	리뷰 (4)
6	388	36	[3500원 인하] 2인세트
6	442	36	34,300원
6	500	36	3,500원 할인 된 가격으로 맛있게 드세요
6	548	63	93% (89개)
6	548	149	ㆍ
6	548	193	리뷰 (49)
6	623	45	주문많음
6	623	133	리뷰최고
6	649	36	짜장면
6	703	36	8,000원
6	761	36	야채의 단맛과 춘장의 깊은 맛을 살린 홍콩반점 짜장면
6	809	63	95% (432개)
6	809	159	ㆍ
6	809	203	리뷰 (189)
6	884	45	리뷰최고
6	910	36	짬뽕(면 별도포장)
6	964	36	10,000원
6	1022	36	녹진하고 얼큰한 국물에 통새우가 올라간 홍콩반점 짬뽕
6	1070	63	96% (298개)
6	1070	159	ㆍ
6	1070	203	리뷰 (154)
6	1144	36	탕수육(소)(소스 별도)
6	1198	36	17,800원
6	1256	36	쫄깃, 바삭한 홍콩반점 대표 통등심 탕수육! (2인추천)
6	1304	63	93% (29개)
6	1304	149	ㆍ
6	1304	193	리뷰 (22)
6	1408	42	[돌아온 내꺼내먹] 팔도 홍콩반점
6	1441	121	지금 와우 가입하면 배달비 0원 + 25,000원 쿠폰
6	1458	781	가입하기
6	1490	36	[광주] 애호박찌개짬뽕
6	1544	36	10,000원
6	1556	24	배달비 0원 + 1,000원 즉시할인
7	0	0	100% (4개)
7	0	0	ㆍ
7	0	0	리뷰 (5)
7	0	0	커다란 통새우를 바삭하게 튀겨올린 매콤 꾸덕한 슈림프투움바 짬뽕
7	66	155	홍콩반점0410 선릉역점 내 메뉴를 찾아보세요
7	139	45	주문많음
7	139	133	리뷰최고
7	151	114	대표메뉴
7	151	262	[돌아온 내꺼내먹] 팔도 홍콩반점
7	151	638	지금 핫한 SNS 화제의 메뉴!
7	165	36	짜장면
7	182	51	3 / 3
7	219	36	8,000원
7	248	301	홍콩반점0410 선릉역점
7	277	36	야채의 단맛과 춘장의 깊은 맛을 살린 홍콩반점 짜장면
7	298	404	4.8(3,074)
7	325	63	95% (432개)
7	325	159	ㆍ
7	325	203	리뷰 (189)
7	400	45	리뷰최고
7	426	36	짬뽕(면 별도포장)
7	480	36	10,000원
7	538	36	녹진하고 얼큰한 국물에 통새우가 올라간 홍콩반점 짬뽕
7	586	63	96% (298개)
7	586	159	ㆍ
7	586	203	리뷰 (154)
7	660	36	탕수육(소)(소스 별도)
7	714	36	17,800원
7	772	36	쫄깃, 바삭한 홍콩반점 대표 통등심 탕수육! (2인추천)
7	820	63	93% (29개)
7	820	149	ㆍ
7	820	193	리뷰 (22)
7	924	42	[돌아온 내꺼내먹] 팔도 홍콩반점
7	1006	36	[광주] 애호박찌개짬뽕
7	1060	36	10,000원
7	1226	36	[광주] 애호박찌개짬뽕밥
7	1280	36	10,000원
7	1441	121	지금 와우 가입하면 배달비 0원 + 25,000원 쿠폰
7	1458	781	가입하기
7	1476	42	지금 핫한 SNS 화제의 메뉴!
7	1556	24	배달비 0원 + 1,000원 즉시할인
7	1558	36	[크림짬뽕끝판왕] 슈림프투움바
8	0	0	100% (4개)
8	0	0	ㆍ
8	0	0	리뷰 (4)
8	0	0	리뷰최고
8	0	0	짬뽕(면 별도포장)
8	50	36	녹진하고 얼큰한 국물에 통새우가 올라간 홍콩반점 짬뽕
8	66	155	홍콩반점0410 선릉역점 내 메뉴를 찾아보세요
8	98	63	96% (298개)
8	98	159	ㆍ
8	98	203	리뷰 (154)
8	151	114	대표메뉴
8	151	262	[돌아온 내꺼내먹] 팔도 홍콩반점
8	151	638	지금 핫한 SNS 화제의 메뉴!
8	172	36	탕수육(소)(소스 별도)
8	182	51	1 / 3
8	226	36	17,800원
8	248	301	홍콩반점0410 선릉역점
8	284	36	쫄깃, 바삭한 홍콩반점 대표 통등심 탕수육! (2인추천)
8	298	404	4.8(3,074)
8	332	63	93% (29개)
8	332	149	ㆍ
8	332	193	리뷰 (22)
8	436	42	[돌아온 내꺼내먹] 팔도 홍콩반점
8	518	36	[광주] 애호박찌개짬뽕
8	572	36	10,000원
8	738	36	[광주] 애호박찌개짬뽕밥
8	792	36	10,000원
8	988	42	지금 핫한 SNS 화제의 메뉴!
8	1070	36	[크림짬뽕끝판왕] 슈림프투움바
8	1124	36	13,000원
8	1182	36	커다란 통새우를 바삭하게 튀겨올린 매콤 꾸덕한 슈림프투움바 짬뽕
8	1230	63	100% (4개)
8	1230	149	ㆍ
8	1230	193	리뷰 (5)
8	1304	36	[진짜 차돌박이] 차돌짬뽕
8	1358	36	14,000원
8	1441	121	지금 와우 가입하면 배달비 0원 + 25,000원 쿠폰
8	1458	781	가입하기
8	1464	63	100% (13개)
8	1464	159	ㆍ
8	1464	203	리뷰 (7)
8	1538	36	[진짜 차돌박이] 차돌짬뽕밥
8	1556	24	배달비 0원 + 1,000원 즉시할인
8	1592	36	14,000원
9	0	0	100% (19개)
9	0	0	[매콤냉면]냉짬뽕
9	0	0	ㆍ
9	0	0	갖은 야채, 오징어, 새우가 올라간 매콤시원한 여름한정 메뉴 (매운 냉면 스타일)
9	0	0	리뷰 (13)
9	32	36	[광주] 애호박찌개짬뽕
9	66	155	홍콩반점0410 선릉역점 내 메뉴를 찾아보세요
9	151	114	[돌아온 내꺼내먹] 팔도 홍콩반점
9	151	492	지금 핫한 SNS 화제의 메뉴!
9	151	827	신제품 출시
9	182	51	2 / 3
9	248	301	홍콩반점0410 선릉역점
9	252	36	[광주] 애호박찌개짬뽕밥
9	298	404	4.8(3,074)
9	306	36	10,000원
9	502	42	지금 핫한 SNS 화제의 메뉴!
9	584	36	[크림짬뽕끝판왕] 슈림프투움바
9	638	36	13,000원
9	696	36	커다란 통새우를 바삭하게 튀겨올린 매콤 꾸덕한 슈림프투움바 짬뽕
9	744	63	100% (4개)
9	744	149	ㆍ
9	744	193	리뷰 (5)
9	818	36	[진짜 차돌박이] 차돌짬뽕
9	872	36	14,000원
9	978	63	100% (13개)
9	978	159	ㆍ
9	978	203	리뷰 (7)
9	1052	36	[진짜 차돌박이] 차돌짬뽕밥
9	1106	36	14,000원
9	1212	63	100% (4개)
9	1212	149	ㆍ
9	1212	193	리뷰 (4)
9	1316	42	신제품 출시
9	1398	36	콩국수(파김치 제공)
9	1441	121	지금 와우 가입하면 배달비 0원 + 25,000원 쿠폰
9	1452	36	10,500원
9	1458	781	가입하기
9	1510	36	진하고 고소한 콩물과 쫄깃한 면발의 만남, 여름 한정 콩국수
9	1556	24	배달비 0원 + 1,000원 즉시할인
10	0	0	93% (100개)
10	0	0	ㆍ
10	0	0	가성비 탕수육 미니 1인 세트
10	0	0	리뷰 (88)
10	66	155	홍콩반점0410 선릉역점 내 메뉴를 찾아보세요
10	97	36	[크림짬뽕끝판왕] 슈림프투움바
10	151	36	13,000원
10	151	114	지금 핫한 SNS 화제의 메뉴!
10	151	451	신제품 출시
10	151	627	세트류
10	151	753	면류
10	151	857	밥류
10	182	51	3 / 3
10	209	36	커다란 통새우를 바삭하게 튀겨올린 매콤 꾸덕한 슈림프투움바 짬뽕
10	248	301	홍콩반점0410 선릉역점
10	257	63	100% (4개)
10	257	149	ㆍ
10	257	193	리뷰 (5)
10	298	404	4.8(3,074)
10	331	36	[진짜 차돌박이] 차돌짬뽕
10	385	36	14,000원
10	491	63	100% (13개)
10	491	159	ㆍ
10	491	203	리뷰 (7)
10	565	36	[진짜 차돌박이] 차돌짬뽕밥
10	619	36	14,000원
10	725	63	100% (4개)
10	725	149	ㆍ
10	725	193	리뷰 (4)
10	829	42	신제품 출시
10	911	36	콩국수(파김치 제공)
10	965	36	10,500원
10	1023	36	진하고 고소한 콩물과 쫄깃한 면발의 만남, 여름 한정 콩국수
10	1124	36	[매콤냉면]냉짬뽕
10	1178	36	11,000원
10	1236	36	갖은 야채, 오징어, 새우가 올라간 매콤시원한 여름한정 메뉴 (매운 냉면 스타일)
10	1314	63	100% (19개)
10	1314	159	ㆍ
10	1314	203	리뷰 (13)
10	1418	42	세트류
10	1441	121	지금 와우 가입하면 배달비 0원 + 25,000원 쿠폰
10	1458	781	가입하기
10	1501	45	주문많음
10	1527	36	식사1+탕수육 미니
10	1556	24	배달비 0원 + 1,000원 즉시할인
10	1581	36	21,800원
11	0	0	92% (12개)
11	0	0	ㆍ
11	0	0	리뷰 (9)
11	0	0	알찬 구성의 홍콩반점 2인 세트
11	66	155	홍콩반점0410 선릉역점 내 메뉴를 찾아보세요
11	72	36	[진짜 차돌박이] 차돌짬뽕밥
11	132	36	14,000원
11	151	114	지금 핫한 SNS 화제의 메뉴!
11	151	451	신제품 출시
11	151	627	세트류
11	151	753	면류
11	151	857	밥류
11	182	51	1 / 3
11	232	63	100% (4개)
11	232	149	ㆍ
11	232	193	리뷰 (4)
11	248	301	홍콩반점0410 선릉역점
11	298	404	4.8(3,074)
11	336	42	신제품 출시
11	418	36	콩국수(파김치 제공)
11	472	36	10,500원
11	530	36	진하고 고소한 콩물과 쫄깃한 면발의 만남, 여름 한정 콩국수
11	631	36	[매콤냉면]냉짬뽕
11	685	36	11,000원
11	743	36	갖은 야채, 오징어, 새우가 올라간 매콤시원한 여름한정 메뉴 (매운 냉면 스타일)
11	821	63	100% (19개)
11	821	159	ㆍ
11	821	203	리뷰 (13)
11	925	42	세트류
11	1008	45	주문많음
11	1034	36	식사1+탕수육 미니
11	1088	36	21,800원
11	1146	36	가성비 탕수육 미니 1인 세트
11	1194	63	93% (100개)
11	1194	159	ㆍ
11	1194	203	리뷰 (88)
11	1268	36	식사2+탕수육 미니
11	1322	36	29,800원
11	1380	36	가성비 탕수육 미니 2인 세트
11	1428	63	100% (19개)
11	1428	159	ㆍ
11	1428	203	리뷰 (22)
11	1441	121	지금 와우 가입하면 배달비 0원 + 25,000원 쿠폰
11	1458	781	가입하기
11	1502	36	홍콩반점 2인세트
11	1556	24	배달비 0원 + 1,000원 즉시할인
11	1556	36	35,800원
12	0	0	3,500원 할인 된 가격으로 맛있게 드세요
12	0	0	93% (89개)
12	0	0	ㆍ
12	0	0	리뷰 (49)
12	66	155	홍콩반점0410 선릉역점 내 메뉴를 찾아보세요
12	151	36	[매콤냉면]냉짬뽕
12	151	114	신제품 출시
12	151	290	세트류
12	151	416	면류
12	151	520	밥류
12	151	624	튀김류
12	151	750	음료
12	151	854	사이드
12	182	51	2 / 3
12	205	36	11,000원
12	248	301	홍콩반점0410 선릉역점
12	263	36	갖은 야채, 오징어, 새우가 올라간 매콤시원한 여름한정 메뉴 (매운 냉면 스타일)
12	298	404	4.8(3,074)
12	341	63	100% (19개)
12	341	159	ㆍ
12	341	203	리뷰 (13)
12	445	42	세트류
12	528	45	주문많음
12	554	36	식사1+탕수육 미니
12	608	36	21,800원
12	666	36	가성비 탕수육 미니 1인 세트
12	714	63	93% (100개)
12	714	159	ㆍ
12	714	203	리뷰 (88)
12	788	36	식사2+탕수육 미니
12	842	36	29,800원
12	900	36	가성비 탕수육 미니 2인 세트
12	948	63	100% (19개)
12	948	159	ㆍ
12	948	203	리뷰 (22)
12	1022	36	홍콩반점 2인세트
12	1076	36	35,800원
12	1134	36	알찬 구성의 홍콩반점 2인 세트
12	1182	63	92% (12개)
12	1182	149	ㆍ
12	1182	193	리뷰 (9)
12	1256	36	요리세트
12	1310	36	32,900원
12	1368	36	식사와 요리류 구성된 세트
12	1416	63	97% (29개)
12	1416	149	ㆍ
12	1416	193	리뷰 (14)
12	1441	121	지금 와우 가입하면 배달비 0원 + 25,000원 쿠폰
12	1458	781	가입하기
12	1490	36	[3500원 인하] 2인세트
12	1544	36	34,300원
12	1556	24	배달비 0원 + 1,000원 즉시할인
13	0	0	95% (432개)
13	0	0	ㆍ
13	0	0	리뷰 (189)
13	0	0	야채의 단맛과 춘장의 깊은 맛을 살린 홍콩반점 짜장면
13	0	0	짜장면
13	38	45	주문많음
13	64	36	식사1+탕수육 미니
13	66	155	홍콩반점0410 선릉역점 내 메뉴를 찾아보세요
13	132	36	21,800원
13	151	78	신제품 출시
13	151	234	세트류
13	151	360	면류
13	151	464	밥류
13	151	568	튀김류
13	151	694	음료
13	151	798	사이드
13	176	36	가성비 탕수육 미니 1인 세트
13	182	51	3 / 3
13	224	63	93% (100개)
13	224	159	ㆍ
13	224	203	리뷰 (88)
13	248	301	홍콩반점0410 선릉역점
13	298	36	식사2+탕수육 미니
13	298	404	4.8(3,074)
13	352	36	29,800원
13	410	36	가성비 탕수육 미니 2인 세트
13	458	63	100% (19개)
13	458	159	ㆍ
13	458	203	리뷰 (22)
13	532	36	홍콩반점 2인세트
13	586	36	35,800원
13	644	36	알찬 구성의 홍콩반점 2인 세트
13	692	63	92% (12개)
13	692	149	ㆍ
13	692	193	리뷰 (9)
13	766	36	요리세트
13	820	36	32,900원
13	878	36	식사와 요리류 구성된 세트
13	926	63	97% (29개)
13	926	149	ㆍ
13	926	193	리뷰 (14)
13	1000	36	[3500원 인하] 2인세트
13	1054	36	34,300원
13	1112	36	3,500원 할인 된 가격으로 맛있게 드세요
13	1160	63	93% (89개)
13	1160	149	ㆍ
13	1160	193	리뷰 (49)
13	1234	36	[2000원 인하] 쟁반짜장세트
13	1288	36	38,800원
13	1346	36	2천원 할인 된 쟁반짜장 2인세트
13	1394	63	86% (7개)
13	1394	139	ㆍ
13	1394	183	리뷰 (6)
13	1441	121	지금 와우 가입하면 배달비 0원 + 25,000원 쿠폰
13	1458	781	가입하기
13	1498	42	면류
13	1556	24	배달비 0원 + 1,000원 즉시할인
13	1581	45	주문많음
13	1581	133	리뷰최고
14	0	0	90% (71개)
14	0	0	ㆍ
14	0	0	고추짜장
14	0	0	리뷰 (32)
14	0	0	특제소스와 청양고추가 듬뿍 올라가 화끈한! 고추짜장
14	48	36	홍콩반점 2인세트
14	66	155	홍콩반점0410 선릉역점 내 메뉴를 찾아보세요
14	132	36	35,800원
14	151	78	신제품 출시
14	151	234	세트류
14	151	360	면류
14	151	464	밥류
14	151	568	튀김류
14	151	694	음료
14	151	798	사이드
14	160	36	알찬 구성의 홍콩반점 2인 세트
14	182	51	1 / 3
14	208	63	92% (12개)
14	208	149	ㆍ
14	208	193	리뷰 (9)
14	248	301	홍콩반점0410 선릉역점
14	282	36	요리세트
14	298	404	4.8(3,074)
14	336	36	32,900원
14	394	36	식사와 요리류 구성된 세트
14	442	63	97% (29개)
14	442	149	ㆍ
14	442	193	리뷰 (14)
14	516	36	[3500원 인하] 2인세트
14	570	36	34,300원
14	628	36	3,500원 할인 된 가격으로 맛있게 드세요
14	676	63	93% (89개)
14	676	149	ㆍ
14	676	193	리뷰 (49)
14	750	36	[2000원 인하] 쟁반짜장세트
14	804	36	38,800원
14	862	36	2천원 할인 된 쟁반짜장 2인세트
14	910	63	86% (7개)
14	910	139	ㆍ
14	910	183	리뷰 (6)
14	1014	42	면류
14	1097	45	주문많음
14	1097	133	리뷰최고
14	1123	36	짜장면
14	1177	36	8,000원
14	1235	36	야채의 단맛과 춘장의 깊은 맛을 살린 홍콩반점 짜장면
14	1283	63	95% (432개)
14	1283	159	ㆍ
14	1283	203	리뷰 (189)
14	1358	45	리뷰최고
14	1384	36	짬뽕(면 별도포장)
14	1438	36	10,000원
14	1441	121	지금 와우 가입하면 배달비 0원 + 25,000원 쿠폰
14	1458	781	가입하기
14	1496	36	녹진하고 얼큰한 국물에 통새우가 올라간 홍콩반점 짬뽕
14	1544	63	96% (298개)
14	1544	159	ㆍ
14	1544	203	리뷰 (154)
14	1556	24	배달비 0원 + 1,000원 즉시할인
15	0	0	100% (4개)
15	0	0	ㆍ
15	0	0	리뷰 (5)
15	0	0	커다란 통새우를 바삭하게 튀겨올린 매콤 꾸덕한 슈림프투움바 짬뽕
15	29	36	[3500원 인하] 2인세트
15	66	155	홍콩반점0410 선릉역점 내 메뉴를 찾아보세요
15	141	36	3,500원 할인 된 가격으로 맛있게 드세요
15	151	78	신제품 출시
15	151	234	세트류
15	151	360	면류
15	151	464	밥류
15	151	568	튀김류
15	151	694	음료
15	151	798	사이드
15	182	51	2 / 3
15	189	63	93% (89개)
15	189	149	ㆍ
15	189	193	리뷰 (49)
15	248	301	홍콩반점0410 선릉역점
15	263	36	[2000원 인하] 쟁반짜장세트
15	298	404	4.8(3,074)
15	317	36	38,800원
15	375	36	2천원 할인 된 쟁반짜장 2인세트
15	423	63	86% (7개)
15	423	139	ㆍ
15	423	183	리뷰 (6)
15	527	42	면류
15	610	45	주문많음
15	610	133	리뷰최고
15	636	36	짜장면
15	690	36	8,000원
15	748	36	야채의 단맛과 춘장의 깊은 맛을 살린 홍콩반점 짜장면
15	796	63	95% (432개)
15	796	159	ㆍ
15	796	203	리뷰 (189)
15	871	45	리뷰최고
15	897	36	짬뽕(면 별도포장)
15	951	36	10,000원
15	1009	36	녹진하고 얼큰한 국물에 통새우가 올라간 홍콩반점 짬뽕
15	1057	63	96% (298개)
15	1057	159	ㆍ
15	1057	203	리뷰 (154)
15	1131	36	고추짜장
15	1185	36	9,500원
15	1243	36	특제소스와 청양고추가 듬뿍 올라가 화끈한! 고추짜장
15	1291	63	90% (71개)
15	1291	149	ㆍ
15	1291	193	리뷰 (32)
15	1365	36	고추짬뽕(면 별도포장)
15	1419	36	11,000원
15	1441	121	지금 와우 가입하면 배달비 0원 + 25,000원 쿠폰
15	1458	781	가입하기
15	1477	36	특제소스와 청양고추가 듬뿍 올라가 화끈한 고추짬뽕
15	1525	63	84% (43개)
15	1525	149	ㆍ
15	1525	193	리뷰 (25)
15	1556	24	배달비 0원 + 1,000원 즉시할인
15	1599	36	[크림짬뽕끝판왕] 슈림프투움바
16	0	0	88% (60개)
16	0	0	ㆍ
16	0	0	리뷰 (26)
16	66	155	홍콩반점0410 선릉역점 내 메뉴를 찾아보세요
16	116	45	주문많음
16	116	133	리뷰최고
16	142	36	짜장면
16	151	78	신제품 출시
16	151	234	세트류
16	151	360	면류
16	151	464	밥류
16	151	568	튀김류
16	151	694	음료
16	151	798	사이드
16	182	51	3 / 3
16	196	36	8,000원
16	248	301	홍콩반점0410 선릉역점
16	254	36	야채의 단맛과 춘장의 깊은 맛을 살린 홍콩반점 짜장면
16	298	404	4.8(3,074)
16	302	63	95% (432개)
16	302	159	ㆍ
16	302	203	리뷰 (189)
16	377	45	리뷰최고
16	403	36	짬뽕(면 별도포장)
16	457	36	10,000원
16	515	36	녹진하고 얼큰한 국물에 통새우가 올라간 홍콩반점 짬뽕
16	563	63	96% (298개)
16	563	159	ㆍ
16	563	203	리뷰 (154)
16	637	36	고추짜장
16	691	36	9,500원
16	749	36	특제소스와 청양고추가 듬뿍 올라가 화끈한! 고추짜장
16	797	63	90% (71개)
16	797	149	ㆍ
16	797	193	리뷰 (32)
16	871	36	고추짬뽕(면 별도포장)
16	925	36	11,000원
16	983	36	특제소스와 청양고추가 듬뿍 올라가 화끈한 고추짬뽕
16	1031	63	84% (43개)
16	1031	149	ㆍ
16	1031	193	리뷰 (25)
16	1105	36	[크림짬뽕끝판왕] 슈림프투움바
16	1159	36	13,000원
16	1217	36	커다란 통새우를 바삭하게 튀겨올린 매콤 꾸덕한 슈림프투움바 짬뽕
16	1265	63	100% (4개)
16	1265	149	ㆍ
16	1265	193	리뷰 (5)
16	1339	36	[진짜 차돌박이] 차돌짬뽕
16	1393	36	14,000원
16	1441	121	지금 와우 가입하면 배달비 0원 + 25,000원 쿠폰
16	1458	781	가입하기
16	1499	63	100% (13개)
16	1499	159	ㆍ
16	1499	203	리뷰 (7)
16	1556	24	배달비 0원 + 1,000원 즉시할인
16	1573	36	고기짜장
17	0	0	89% (74개)
17	0	0	ㆍ
17	0	0	갖은 야채, 오징어, 새우를 불향 가득 볶아낸 쟁반짜장
17	0	0	리뷰 (39)
17	66	155	홍콩반점0410 선릉역점 내 메뉴를 찾아보세요
17	143	36	고추짜장
17	151	78	신제품 출시
17	151	234	세트류
17	151	360	면류
17	151	464	밥류
17	151	568	튀김류
17	151	694	음료
17	151	798	사이드
17	182	51	1 / 3
17	197	36	9,500원
17	248	301	홍콩반점0410 선릉역점
17	255	36	특제소스와 청양고추가 듬뿍 올라가 화끈한! 고추짜장
17	298	404	4.8(3,074)
17	303	63	90% (71개)
17	303	149	ㆍ
17	303	193	리뷰 (32)
17	377	36	고추짬뽕(면 별도포장)
17	431	36	11,000원
17	489	36	특제소스와 청양고추가 듬뿍 올라가 화끈한 고추짬뽕
17	537	63	84% (43개)
17	537	149	ㆍ
17	537	193	리뷰 (25)
17	611	36	[크림짬뽕끝판왕] 슈림프투움바
17	665	36	13,000원
17	723	36	커다란 통새우를 바삭하게 튀겨올린 매콤 꾸덕한 슈림프투움바 짬뽕
17	771	63	100% (4개)
17	771	149	ㆍ
17	771	193	리뷰 (5)
17	845	36	[진짜 차돌박이] 차돌짬뽕
17	899	36	14,000원
17	1005	63	100% (13개)
17	1005	159	ㆍ
17	1005	203	리뷰 (7)
17	1079	36	고기짜장
17	1133	36	10,500원
17	1239	63	88% (60개)
17	1239	149	ㆍ
17	1239	193	리뷰 (26)
17	1313	36	고기짬뽕(면 별도포장)
17	1367	36	12,000원
17	1425	36	고소한 고기가 듬뿍 올라간 고기마니아들을 위한 짬뽕
17	1441	121	지금 와우 가입하면 배달비 0원 + 25,000원 쿠폰
17	1458	781	가입하기
17	1473	63	93% (54개)
17	1473	149	ㆍ
17	1473	193	리뷰 (22)
17	1547	36	쟁반짜장 (2인분)
17	1556	24	배달비 0원 + 1,000원 즉시할인
18	0	0	75% (8개)
18	0	0	ㆍ
18	0	0	단골고객들이 부활시킨 갖은 야채, 오징어, 새우를 불향가득 볶아낸 메뉴!
18	0	0	리뷰 (11)
18	66	155	홍콩반점0410 선릉역점 내 메뉴를 찾아보세요
18	117	36	[크림짬뽕끝판왕] 슈림프투움바
18	151	78	신제품 출시
18	151	234	세트류
18	151	360	면류
18	151	464	밥류
18	151	568	튀김류
18	151	694	음료
18	151	798	사이드
18	171	36	13,000원
18	182	51	2 / 3
18	229	36	커다란 통새우를 바삭하게 튀겨올린 매콤 꾸덕한 슈림프투움바 짬뽕
18	248	301	홍콩반점0410 선릉역점
18	277	63	100% (4개)
18	277	149	ㆍ
18	277	193	리뷰 (5)
18	298	404	4.8(3,074)
18	351	36	[진짜 차돌박이] 차돌짬뽕
18	405	36	14,000원
18	511	63	100% (13개)
18	511	159	ㆍ
18	511	203	리뷰 (7)
18	585	36	고기짜장
18	639	36	10,500원
18	745	63	88% (60개)
18	745	149	ㆍ
18	745	193	리뷰 (26)
18	819	36	고기짬뽕(면 별도포장)
18	873	36	12,000원
18	931	36	고소한 고기가 듬뿍 올라간 고기마니아들을 위한 짬뽕
18	979	63	93% (54개)
18	979	149	ㆍ
18	979	193	리뷰 (22)
18	1053	36	쟁반짜장 (2인분)
18	1107	36	19,000원
18	1165	36	갖은 야채, 오징어, 새우를 불향 가득 볶아낸 쟁반짜장
18	1213	63	89% (74개)
18	1213	149	ㆍ
18	1213	193	리뷰 (39)
18	1287	36	볶음짬뽕 (1인분)
18	1341	36	11,500원
18	1399	36	단골고객들이 부활시킨 갖은 야채, 오징어, 새우를 불향가득 볶아낸 메뉴!
18	1441	121	지금 와우 가입하면 배달비 0원 + 25,000원 쿠폰
18	1447	63	92% (13개)
18	1447	149	ㆍ
18	1447	193	리뷰 (4)
18	1458	781	가입하기
18	1521	36	볶음짬뽕 (2인분)
18	1556	24	배달비 0원 + 1,000원 즉시할인
18	1575	36	20,000원
19	0	0	97% (36개)
19	0	0	ㆍ
19	0	0	리뷰 (20)
19	0	0	볶음밥(국물제공)
19	0	0	불향 가득! 볶아낸 밥과 새우, 계란이 들어간 고슬고슬 볶음밥
19	66	155	홍콩반점0410 선릉역점 내 메뉴를 찾아보세요
19	99	36	고기짜장
19	151	78	신제품 출시
19	151	234	세트류
19	151	360	면류
19	151	464	밥류
19	151	568	튀김류
19	151	694	음료
19	151	798	사이드
19	153	36	10,500원
19	182	51	3 / 3
19	248	301	홍콩반점0410 선릉역점
19	259	63	88% (60개)
19	259	149	ㆍ
19	259	193	리뷰 (26)
19	298	404	4.8(3,074)
19	333	36	고기짬뽕(면 별도포장)
19	387	36	12,000원
19	445	36	고소한 고기가 듬뿍 올라간 고기마니아들을 위한 짬뽕
19	493	63	93% (54개)
19	493	149	ㆍ
19	493	193	리뷰 (22)
19	567	36	쟁반짜장 (2인분)
19	621	36	19,000원
19	679	36	갖은 야채, 오징어, 새우를 불향 가득 볶아낸 쟁반짜장
19	727	63	89% (74개)
19	727	149	ㆍ
19	727	193	리뷰 (39)
19	801	36	볶음짬뽕 (1인분)
19	855	36	11,500원
19	913	36	단골고객들이 부활시킨 갖은 야채, 오징어, 새우를 불향가득 볶아낸 메뉴!
19	961	63	92% (13개)
19	961	149	ㆍ
19	961	193	리뷰 (4)
19	1035	36	볶음짬뽕 (2인분)
19	1089	36	20,000원
19	1147	36	단골고객들이 부활시킨 갖은 야채, 오징어, 새우를 불향가득 볶아낸 메뉴!
19	1195	63	75% (8개)
19	1195	139	ㆍ
19	1195	183	리뷰 (11)
19	1299	42	밥류
19	1381	36	[진짜 차돌박이] 차돌짬뽕밥
19	1435	36	14,000원
19	1441	121	지금 와우 가입하면 배달비 0원 + 25,000원 쿠폰
19	1458	781	가입하기
19	1541	63	100% (4개)
19	1541	149	ㆍ
19	1541	193	리뷰 (4)
19	1556	24	배달비 0원 + 1,000원 즉시할인
20	0	0	92% (73개)
20	0	0	ㆍ
20	0	0	녹진하고 얼큰한 국물에 통새우가 올라간 홍콩반점 짬뽕밥
20	0	0	리뷰 (48)
20	66	155	홍콩반점0410 선릉역점 내 메뉴를 찾아보세요
20	80	36	쟁반짜장 (2인분)
20	134	36	19,000원
20	151	78	신제품 출시
20	151	234	세트류
20	151	360	면류
20	151	464	밥류
20	151	568	튀김류
20	151	694	음료
20	151	798	사이드
20	182	51	1 / 3
20	192	36	갖은 야채, 오징어, 새우를 불향 가득 볶아낸 쟁반짜장
20	240	63	89% (74개)
20	240	149	ㆍ
20	240	193	리뷰 (39)
20	248	301	홍콩반점0410 선릉역점
20	298	404	4.8(3,074)
20	314	36	볶음짬뽕 (1인분)
20	368	36	11,500원
20	426	36	단골고객들이 부활시킨 갖은 야채, 오징어, 새우를 불향가득 볶아낸 메뉴!
20	474	63	92% (13개)
20	474	149	ㆍ
20	474	193	리뷰 (4)
20	548	36	볶음짬뽕 (2인분)
20	602	36	20,000원
20	660	36	단골고객들이 부활시킨 갖은 야채, 오징어, 새우를 불향가득 볶아낸 메뉴!
20	708	63	75% (8개)
20	708	139	ㆍ
20	708	183	리뷰 (11)
20	812	42	밥류
20	894	36	[진짜 차돌박이] 차돌짬뽕밥
20	948	36	14,000원
20	1054	63	100% (4개)
20	1054	149	ㆍ
20	1054	193	리뷰 (4)
20	1128	36	볶음밥(국물제공)
20	1182	36	11,000원
20	1240	36	불향 가득! 볶아낸 밥과 새우, 계란이 들어간 고슬고슬 볶음밥
20	1288	63	97% (36개)
20	1288	149	ㆍ
20	1288	193	리뷰 (20)
20	1362	36	짜장밥(국물제공)
20	1416	36	10,000원
20	1441	121	지금 와우 가입하면 배달비 0원 + 25,000원 쿠폰
20	1458	781	가입하기
20	1522	63	92% (140개)
20	1522	159	ㆍ
20	1522	203	리뷰 (84)
20	1556	24	배달비 0원 + 1,000원 즉시할인
20	1596	36	짬뽕밥(밥 별도포장)
21	0	0	94% (33개)
21	0	0	ㆍ
21	0	0	리뷰 (17)
21	53	36	볶음짬뽕 (2인분)
21	66	155	홍콩반점0410 선릉역점 내 메뉴를 찾아보세요
21	132	36	20,000원
21	151	78	신제품 출시
21	151	234	세트류
21	151	360	면류
21	151	464	밥류
21	151	568	튀김류
21	151	694	음료
21	151	798	사이드
21	165	36	단골고객들이 부활시킨 갖은 야채, 오징어, 새우를 불향가득 볶아낸 메뉴!
21	182	51	2 / 3
21	213	63	75% (8개)
21	213	139	ㆍ
21	213	183	리뷰 (11)
21	248	301	홍콩반점0410 선릉역점
21	298	404	4.8(3,074)
21	317	42	밥류
21	399	36	[진짜 차돌박이] 차돌짬뽕밥
21	453	36	14,000원
21	559	63	100% (4개)
21	559	149	ㆍ
21	559	193	리뷰 (4)
21	633	36	볶음밥(국물제공)
21	687	36	11,000원
21	745	36	불향 가득! 볶아낸 밥과 새우, 계란이 들어간 고슬고슬 볶음밥
21	793	63	97% (36개)
21	793	149	ㆍ
21	793	193	리뷰 (20)
21	867	36	짜장밥(국물제공)
21	921	36	10,000원
21	1027	63	92% (140개)
21	1027	159	ㆍ
21	1027	203	리뷰 (84)
21	1101	36	짬뽕밥(밥 별도포장)
21	1155	36	10,000원
21	1213	36	녹진하고 얼큰한 국물에 통새우가 올라간 홍콩반점 짬뽕밥
21	1261	63	92% (73개)
21	1261	149	ㆍ
21	1261	193	리뷰 (48)
21	1335	36	고추짬뽕밥(밥 별도포장)
21	1389	36	11,000원
21	1441	121	지금 와우 가입하면 배달비 0원 + 25,000원 쿠폰
21	1447	36	특제소스와 청양고추가 듬뿍 올라가 화끈한! 고추짬뽕밥
21	1458	781	가입하기
21	1495	63	94% (16개)
21	1495	149	ㆍ
21	1495	193	리뷰 (8)
21	1556	24	배달비 0원 + 1,000원 즉시할인
21	1569	36	고기짬뽕밥(밥 별도포장)
22	66	155	홍콩반점0410 선릉역점 내 메뉴를 찾아보세요
22	141	36	볶음밥(국물제공)
22	151	78	신제품 출시
22	151	234	세트류
22	151	360	면류
22	151	464	밥류
22	151	568	튀김류
22	151	694	음료
22	151	798	사이드
22	182	51	3 / 3
22	195	36	11,000원
22	248	301	홍콩반점0410 선릉역점
22	253	36	불향 가득! 볶아낸 밥과 새우, 계란이 들어간 고슬고슬 볶음밥
22	298	404	4.8(3,074)
22	301	63	97% (36개)
22	301	149	ㆍ
22	301	193	리뷰 (20)
22	375	36	짜장밥(국물제공)
22	429	36	10,000원
22	535	63	92% (140개)
22	535	159	ㆍ
22	535	203	리뷰 (84)
22	609	36	짬뽕밥(밥 별도포장)
22	663	36	10,000원
22	721	36	녹진하고 얼큰한 국물에 통새우가 올라간 홍콩반점 짬뽕밥
22	769	63	92% (73개)
22	769	149	ㆍ
22	769	193	리뷰 (48)
22	843	36	고추짬뽕밥(밥 별도포장)
22	897	36	11,000원
22	955	36	특제소스와 청양고추가 듬뿍 올라가 화끈한! 고추짬뽕밥
22	1003	63	94% (16개)
22	1003	149	ㆍ
22	1003	193	리뷰 (8)
22	1077	36	고기짬뽕밥(밥 별도포장)
22	1131	36	12,000원
22	1237	63	94% (33개)
22	1237	149	ㆍ
22	1237	193	리뷰 (17)
22	1341	42	튀김류
22	1423	36	홍콩반점 탕수육(소스 별도)
22	1441	121	지금 와우 가입하면 배달비 0원 + 25,000원 쿠폰
22	1458	781	가입하기
22	1477	36	13,800원
22	1535	36	통등심으로 튀긴 바삭쫄깃한 탕수육
22	1556	24	배달비 0원 + 1,000원 즉시할인
22	1583	63	100% (6개)
22	1583	149	ㆍ
22	1583	193	리뷰 (2)
23	0	0	100% (18개)
23	0	0	ㆍ
23	0	0	리뷰 (12)
23	0	0	쫄깃, 바삭한 홍콩반점 대표 통등심 탕수육! (3인추천)
23	0	0	탕수육(중)(소스 별도)
23	66	155	홍콩반점0410 선릉역점 내 메뉴를 찾아보세요
23	116	36	짬뽕밥(밥 별도포장)
23	151	78	신제품 출시
23	151	234	세트류
23	151	360	면류
23	151	464	밥류
23	151	568	튀김류
23	151	694	음료
23	151	798	사이드
23	170	36	10,000원
23	182	51	1 / 3
23	228	36	녹진하고 얼큰한 국물에 통새우가 올라간 홍콩반점 짬뽕밥
23	248	301	홍콩반점0410 선릉역점
23	276	63	92% (73개)
23	276	149	ㆍ
23	276	193	리뷰 (48)
23	298	404	4.8(3,074)
23	350	36	고추짬뽕밥(밥 별도포장)
23	404	36	11,000원
23	462	36	특제소스와 청양고추가 듬뿍 올라가 화끈한! 고추짬뽕밥
23	510	63	94% (16개)
23	510	149	ㆍ
23	510	193	리뷰 (8)
23	584	36	고기짬뽕밥(밥 별도포장)
23	638	36	12,000원
23	744	63	94% (33개)
23	744	149	ㆍ
23	744	193	리뷰 (17)
23	848	42	튀김류
23	930	36	홍콩반점 탕수육(소스 별도)
23	984	36	13,800원
23	1042	36	통등심으로 튀긴 바삭쫄깃한 탕수육
23	1090	63	100% (6개)
23	1090	149	ㆍ
23	1090	193	리뷰 (2)
23	1164	36	탕수육(미니)(소스 별도)
23	1218	36	13,800원
23	1276	36	혼밥 손님들을 위해 탄생한 절대 가성비 메뉴!
23	1377	36	탕수육(소)(소스 별도)
23	1431	36	17,800원
23	1441	121	지금 와우 가입하면 배달비 0원 + 25,000원 쿠폰
23	1458	781	가입하기
23	1489	36	쫄깃, 바삭한 홍콩반점 대표 통등심 탕수육! (2인추천)
23	1537	63	93% (29개)
23	1537	149	ㆍ
23	1537	193	리뷰 (22)
23	1556	24	배달비 0원 + 1,000원 즉시할인
24	0	0	매콤달콤 깐풍소스에 향긋한 알싸함이 입안에 퍼지는 풍미 폭발! 깐풍기
24	66	155	홍콩반점0410 선릉역점 내 메뉴를 찾아보세요
24	95	36	고기짬뽕밥(밥 별도포장)
24	149	36	12,000원
24	151	78	신제품 출시
24	151	234	세트류
24	151	360	면류
24	151	464	밥류
24	151	568	튀김류
24	151	694	음료
24	151	798	사이드
24	182	51	2 / 3
24	248	301	홍콩반점0410 선릉역점
24	255	63	94% (33개)
24	255	149	ㆍ
24	255	193	리뷰 (17)
24	298	404	4.8(3,074)
24	359	42	튀김류
24	441	36	홍콩반점 탕수육(소스 별도)
24	495	36	13,800원
24	553	36	통등심으로 튀긴 바삭쫄깃한 탕수육
24	601	63	100% (6개)
24	601	149	ㆍ
24	601	193	리뷰 (2)
24	675	36	탕수육(미니)(소스 별도)
24	729	36	13,800원
24	787	36	혼밥 손님들을 위해 탄생한 절대 가성비 메뉴!
24	888	36	탕수육(소)(소스 별도)
24	942	36	17,800원
24	1000	36	쫄깃, 바삭한 홍콩반점 대표 통등심 탕수육! (2인추천)
24	1048	63	93% (29개)
24	1048	149	ㆍ
24	1048	193	리뷰 (22)
24	1122	36	탕수육(중)(소스 별도)
24	1176	36	23,800원
24	1234	36	쫄깃, 바삭한 홍콩반점 대표 통등심 탕수육! (3인추천)
24	1282	63	100% (18개)
24	1282	159	ㆍ
24	1282	203	리뷰 (12)
24	1356	36	탕수육(대)(소스 별도)
24	1410	36	30,800원
24	1441	121	지금 와우 가입하면 배달비 0원 + 25,000원 쿠폰
24	1458	781	가입하기
24	1468	36	쫄깃, 바삭한 홍콩반점 대표 통등심 탕수육! (4인추천)
24	1516	63	100% (6개)
24	1516	149	ㆍ
24	1516	193	리뷰 (1)
24	1556	24	배달비 0원 + 1,000원 즉시할인
24	1590	36	깐풍기
25	0	0	80% (5개)
25	0	0	ㆍ
25	0	0	리뷰 (1)
25	0	0	통통한 새우와 꾸덕한 크림소스 위에 바삭한 양파튀김이 올라간 크림새우
25	0	0	홍콩반점 탕수육(소스 별도)
25	63	36	통등심으로 튀긴 바삭쫄깃한 탕수육
25	66	155	홍콩반점0410 선릉역점 내 메뉴를 찾아보세요
25	111	63	100% (6개)
25	111	149	ㆍ
25	111	193	리뷰 (2)
25	151	78	신제품 출시
25	151	234	세트류
25	151	360	면류
25	151	464	밥류
25	151	568	튀김류
25	151	694	음료
25	151	798	사이드
25	182	51	3 / 3
25	185	36	탕수육(미니)(소스 별도)
25	239	36	13,800원
25	248	301	홍콩반점0410 선릉역점
25	297	36	혼밥 손님들을 위해 탄생한 절대 가성비 메뉴!
25	298	404	4.8(3,074)
25	398	36	탕수육(소)(소스 별도)
25	452	36	17,800원
25	510	36	쫄깃, 바삭한 홍콩반점 대표 통등심 탕수육! (2인추천)
25	558	63	93% (29개)
25	558	149	ㆍ
25	558	193	리뷰 (22)
25	632	36	탕수육(중)(소스 별도)
25	686	36	23,800원
25	744	36	쫄깃, 바삭한 홍콩반점 대표 통등심 탕수육! (3인추천)
25	792	63	100% (18개)
25	792	159	ㆍ
25	792	203	리뷰 (12)
25	866	36	탕수육(대)(소스 별도)
25	920	36	30,800원
25	978	36	쫄깃, 바삭한 홍콩반점 대표 통등심 탕수육! (4인추천)
25	1026	63	100% (6개)
25	1026	149	ㆍ
25	1026	193	리뷰 (1)
25	1100	36	깐풍기
25	1154	36	20,900원
25	1212	36	매콤달콤 깐풍소스에 향긋한 알싸함이 입안에 퍼지는 풍미 폭발! 깐풍기
25	1313	36	꿔바로우
25	1367	36	20,900원
25	1425	36	쫀득한 식감과 새콤달콤한 소스가 조화롭게 어우러지는 꿔바로우
25	1441	121	지금 와우 가입하면 배달비 0원 + 25,000원 쿠폰
25	1458	781	가입하기
25	1473	63	71% (7개)
25	1473	139	ㆍ
25	1473	183	리뷰 (2)
25	1547	36	크림새우
25	1556	24	배달비 0원 + 1,000원 즉시할인
26	0	0	100% (1개)
26	0	0	ㆍ
26	0	0	리뷰 (2)
26	0	0	혼자서 딱! 통통한 새우와 꾸덕한 크림소스 위에 바삭한 양파튀김이 올라간 크림새우
26	66	155	홍콩반점0410 선릉역점 내 메뉴를 찾아보세요
26	145	36	탕수육(중)(소스 별도)
26	151	78	신제품 출시
26	151	234	세트류
26	151	360	면류
26	151	464	밥류
26	151	568	튀김류
26	151	694	음료
26	151	798	사이드
26	182	51	1 / 3
26	199	36	23,800원
26	248	301	홍콩반점0410 선릉역점
26	257	36	쫄깃, 바삭한 홍콩반점 대표 통등심 탕수육! (3인추천)
26	298	404	4.8(3,074)
26	305	63	100% (18개)
26	305	159	ㆍ
26	305	203	리뷰 (12)
26	379	36	탕수육(대)(소스 별도)
26	433	36	30,800원
26	491	36	쫄깃, 바삭한 홍콩반점 대표 통등심 탕수육! (4인추천)
26	539	63	100% (6개)
26	539	149	ㆍ
26	539	193	리뷰 (1)
26	613	36	깐풍기
26	667	36	20,900원
26	725	36	매콤달콤 깐풍소스에 향긋한 알싸함이 입안에 퍼지는 풍미 폭발! 깐풍기
26	826	36	꿔바로우
26	880	36	20,900원
26	938	36	쫀득한 식감과 새콤달콤한 소스가 조화롭게 어우러지는 꿔바로우
26	986	63	71% (7개)
26	986	139	ㆍ
26	986	183	리뷰 (2)
26	1060	36	크림새우
26	1114	36	21,900원
26	1172	36	통통한 새우와 꾸덕한 크림소스 위에 바삭한 양파튀김이 올라간 크림새우
26	1220	63	80% (5개)
26	1220	139	ㆍ
26	1220	183	리뷰 (1)
26	1294	36	깐풍새우
26	1348	36	21,900원
26	1406	36	통통한 새우와 매콤달콤 깐풍소스가 조화롭게 어우러진 깐풍새우
26	1441	121	지금 와우 가입하면 배달비 0원 + 25,000원 쿠폰
26	1454	63	80% (15개)
26	1454	149	ㆍ
26	1454	193	리뷰 (12)
26	1458	781	가입하기
26	1528	36	미니 크림새우
26	1556	24	배달비 0원 + 1,000원 즉시할인
26	1582	36	13,900원
27	0	0	100% (19개)
27	0	0	ㆍ
27	0	0	리뷰 (11)
27	0	0	해물과 고기의 풍미가 가득한 해물육교자!
27	66	155	홍콩반점0410 선릉역점 내 메뉴를 찾아보세요
27	127	36	깐풍기
27	151	78	신제품 출시
27	151	234	세트류
27	151	360	면류
27	151	464	밥류
27	151	568	튀김류
27	151	694	음료
27	151	798	사이드
27	181	36	20,900원
27	182	51	2 / 3
27	239	36	매콤달콤 깐풍소스에 향긋한 알싸함이 입안에 퍼지는 풍미 폭발! 깐풍기
27	248	301	홍콩반점0410 선릉역점
27	298	404	4.8(3,074)
27	340	36	꿔바로우
27	394	36	20,900원
27	452	36	쫀득한 식감과 새콤달콤한 소스가 조화롭게 어우러지는 꿔바로우
27	500	63	71% (7개)
27	500	139	ㆍ
27	500	183	리뷰 (2)
27	574	36	크림새우
27	628	36	21,900원
27	686	36	통통한 새우와 꾸덕한 크림소스 위에 바삭한 양파튀김이 올라간 크림새우
27	734	63	80% (5개)
27	734	139	ㆍ
27	734	183	리뷰 (1)
27	808	36	깐풍새우
27	862	36	21,900원
27	920	36	통통한 새우와 매콤달콤 깐풍소스가 조화롭게 어우러진 깐풍새우
27	968	63	80% (15개)
27	968	149	ㆍ
27	968	193	리뷰 (12)
27	1042	36	미니 크림새우
27	1096	36	13,900원
27	1154	36	혼자서 딱! 통통한 새우와 꾸덕한 크림소스 위에 바삭한 양파튀김이 올라간 크림새우
27	1232	63	100% (1개)
27	1232	149	ㆍ
27	1232	193	리뷰 (2)
27	1306	36	미니 깐풍새우
27	1360	36	13,900원
27	1418	36	혼자서 딱! 통통한 새우와 매콤달콤 깐풍소스가 조화롭게 어우러진 깐풍새우
27	1441	121	지금 와우 가입하면 배달비 0원 + 25,000원 쿠폰
27	1458	781	가입하기
27	1496	63	100% (1개)
27	1556	24	배달비 0원 + 1,000원 즉시할인
27	1570	36	해물육교자
28	0	0	96% (75개)
28	0	0	ㆍ
28	0	0	리뷰 (34)
28	0	0	탱글탱글한 새우살을 다진 후 식빵에 감싸 바삭하게 튀겨낸 새우토스트!
28	66	155	홍콩반점0410 선릉역점 내 메뉴를 찾아보세요
28	88	36	크림새우
28	142	36	21,900원
28	151	78	신제품 출시
28	151	234	세트류
28	151	360	면류
28	151	464	밥류
28	151	568	튀김류
28	151	694	음료
28	151	798	사이드
28	182	51	3 / 3
28	200	36	통통한 새우와 꾸덕한 크림소스 위에 바삭한 양파튀김이 올라간 크림새우
28	248	63	80% (5개)
28	248	139	ㆍ
28	248	183	리뷰 (1)
28	248	301	홍콩반점0410 선릉역점
28	298	404	4.8(3,074)
28	322	36	깐풍새우
28	376	36	21,900원
28	434	36	통통한 새우와 매콤달콤 깐풍소스가 조화롭게 어우러진 깐풍새우
28	482	63	80% (15개)
28	482	149	ㆍ
28	482	193	리뷰 (12)
28	556	36	미니 크림새우
28	610	36	13,900원
28	668	36	혼자서 딱! 통통한 새우와 꾸덕한 크림소스 위에 바삭한 양파튀김이 올라간 크림새우
28	746	63	100% (1개)
28	746	149	ㆍ
28	746	193	리뷰 (2)
28	820	36	미니 깐풍새우
28	874	36	13,900원
28	932	36	혼자서 딱! 통통한 새우와 매콤달콤 깐풍소스가 조화롭게 어우러진 깐풍새우
28	1010	63	100% (1개)
28	1084	36	해물육교자
28	1138	36	8,000원
28	1196	36	해물과 고기의 풍미가 가득한 해물육교자!
28	1244	63	100% (19개)
28	1244	159	ㆍ
28	1244	203	리뷰 (11)
28	1318	36	군만두
28	1372	36	7,000원
28	1430	36	만두 속 가득한 바삭바삭 군만두!
28	1441	121	지금 와우 가입하면 배달비 0원 + 25,000원 쿠폰
28	1458	781	가입하기
28	1478	63	97% (99개)
28	1478	149	ㆍ
28	1478	193	리뷰 (53)
28	1552	36	멘보샤
28	1556	24	배달비 0원 + 1,000원 즉시할인
29	66	155	홍콩반점0410 선릉역점 내 메뉴를 찾아보세요
29	69	36	미니 크림새우
29	132	36	13,900원
29	151	78	신제품 출시
29	151	234	세트류
29	151	360	면류
29	151	464	밥류
29	151	568	튀김류
29	151	694	음료
29	151	798	사이드
29	181	36	혼자서 딱! 통통한 새우와 꾸덕한 크림소스 위에 바삭한 양파튀김이 올라간 크림새우
29	182	51	1 / 3
29	248	301	홍콩반점0410 선릉역점
29	259	63	100% (1개)
29	259	149	ㆍ
29	259	193	리뷰 (2)
29	298	404	4.8(3,074)
29	333	36	미니 깐풍새우
29	387	36	13,900원
29	445	36	혼자서 딱! 통통한 새우와 매콤달콤 깐풍소스가 조화롭게 어우러진 깐풍새우
29	523	63	100% (1개)
29	597	36	해물육교자
29	651	36	8,000원
29	709	36	해물과 고기의 풍미가 가득한 해물육교자!
29	757	63	100% (19개)
29	757	159	ㆍ
29	757	203	리뷰 (11)
29	831	36	군만두
29	885	36	7,000원
29	943	36	만두 속 가득한 바삭바삭 군만두!
29	991	63	97% (99개)
29	991	149	ㆍ
29	991	193	리뷰 (53)
29	1065	36	멘보샤
29	1119	36	10,900원
29	1177	36	탱글탱글한 새우살을 다진 후 식빵에 감싸 바삭하게 튀겨낸 새우토스트!
29	1225	63	96% (75개)
29	1225	149	ㆍ
29	1225	193	리뷰 (34)
29	1329	42	음료
29	1411	36	제로콜라(355ml)
29	1441	121	지금 와우 가입하면 배달비 0원 + 25,000원 쿠폰
29	1458	781	가입하기
29	1465	36	2,000원
29	1523	63	100% (14개)
29	1523	159	ㆍ
29	1523	203	리뷰 (11)
29	1556	24	배달비 0원 + 1,000원 즉시할인
30	0	0	100% (1개)
30	0	0	ㆍ
30	0	0	리뷰 (4)
30	66	155	홍콩반점0410 선릉역점 내 메뉴를 찾아보세요
30	103	36	해물육교자
30	151	78	신제품 출시
30	151	234	세트류
30	151	360	면류
30	151	464	밥류
30	151	568	튀김류
30	151	694	음료
30	151	798	사이드
30	157	36	8,000원
30	182	51	2 / 3
30	215	36	해물과 고기의 풍미가 가득한 해물육교자!
30	248	301	홍콩반점0410 선릉역점
30	263	63	100% (19개)
30	263	159	ㆍ
30	263	203	리뷰 (11)
30	298	404	4.8(3,074)
30	337	36	군만두
30	391	36	7,000원
30	449	36	만두 속 가득한 바삭바삭 군만두!
30	497	63	97% (99개)
30	497	149	ㆍ
30	497	193	리뷰 (53)
30	571	36	멘보샤
30	625	36	10,900원
30	683	36	탱글탱글한 새우살을 다진 후 식빵에 감싸 바삭하게 튀겨낸 새우토스트!
30	731	63	96% (75개)
30	731	149	ㆍ
30	731	193	리뷰 (34)
30	835	42	음료
30	917	36	제로콜라(355ml)
30	971	36	2,000원
30	1029	63	100% (14개)
30	1029	159	ㆍ
30	1029	203	리뷰 (11)
30	1130	36	펩시(355ml)
30	1184	36	2,000원
30	1242	63	100% (3개)
30	1242	149	ㆍ
30	1242	193	리뷰 (2)
30	1343	36	제로펩시(355ml)
30	1397	36	2,000원
30	1441	121	지금 와우 가입하면 배달비 0원 + 25,000원 쿠폰
30	1458	781	가입하기
30	1556	24	배달비 0원 + 1,000원 즉시할인
30	1556	36	칠성사이다(355ml)
31	0	0	리뷰 (2)
31	66	155	홍콩반점0410 선릉역점 내 메뉴를 찾아보세요
31	85	36	멘보샤
31	139	36	10,900원
31	151	78	신제품 출시
31	151	234	세트류
31	151	360	면류
31	151	464	밥류
31	151	568	튀김류
31	151	694	음료
31	151	798	사이드
31	182	51	3 / 3
31	197	36	탱글탱글한 새우살을 다진 후 식빵에 감싸 바삭하게 튀겨낸 새우토스트!
31	245	63	96% (75개)
31	245	149	ㆍ
31	245	193	리뷰 (34)
31	248	301	홍콩반점0410 선릉역점
31	298	404	4.8(3,074)
31	349	42	음료
31	431	36	제로콜라(355ml)
31	485	36	2,000원
31	543	63	100% (14개)
31	543	159	ㆍ
31	543	203	리뷰 (11)
31	644	36	펩시(355ml)
31	698	36	2,000원
31	756	63	100% (3개)
31	756	149	ㆍ
31	756	193	리뷰 (2)
31	857	36	제로펩시(355ml)
31	911	36	2,000원
31	1070	36	칠성사이다(355ml)
31	1124	36	2,000원
31	1182	63	100% (1개)
31	1182	149	ㆍ
31	1182	193	리뷰 (4)
31	1283	36	암바사(345ml)
31	1337	36	2,000원
31	1395	63	리뷰 (3)
31	1441	121	지금 와우 가입하면 배달비 0원 + 25,000원 쿠폰
31	1458	781	가입하기
31	1496	36	환타(355ml)
31	1550	36	2,000원
31	1556	24	배달비 0원 + 1,000원 즉시할인
32	0	0	꽃빵을 튀겨내 달콤한 연유에 찍어 먹는 연유꽃빵
32	0	0	제로콜라(355ml)
32	57	63	100% (14개)
32	57	159	ㆍ
32	57	203	리뷰 (11)
32	66	155	홍콩반점0410 선릉역점 내 메뉴를 찾아보세요
32	151	78	신제품 출시
32	151	234	세트류
32	151	360	면류
32	151	464	밥류
32	151	568	튀김류
32	151	694	음료
32	151	798	사이드
32	158	36	펩시(355ml)
32	182	51	1 / 3
32	212	36	2,000원
32	248	301	홍콩반점0410 선릉역점
32	270	63	100% (3개)
32	270	149	ㆍ
32	270	193	리뷰 (2)
32	298	404	4.8(3,074)
32	371	36	제로펩시(355ml)
32	425	36	2,000원
32	584	36	칠성사이다(355ml)
32	638	36	2,000원
32	696	63	100% (1개)
32	696	149	ㆍ
32	696	193	리뷰 (4)
32	797	36	암바사(345ml)
32	851	36	2,000원
32	909	63	리뷰 (3)
32	1010	36	환타(355ml)
32	1064	36	2,000원
32	1122	63	리뷰 (2)
32	1223	36	초록매실(180ml)
32	1277	36	1,000원
32	1335	63	리뷰 (6)
32	1441	121	지금 와우 가입하면 배달비 0원 + 25,000원 쿠폰
32	1458	781	가입하기
32	1466	42	사이드
32	1548	36	연유꽃빵
32	1556	24	배달비 0원 + 1,000원 즉시할인
33	66	155	홍콩반점0410 선릉역점 내 메뉴를 찾아보세요
33	88	36	칠성사이다(355ml)
33	142	36	2,000원
33	151	78	신제품 출시
33	151	234	세트류
33	151	360	면류
33	151	464	밥류
33	151	568	튀김류
33	151	694	음료
33	151	798	사이드
33	182	51	2 / 3
33	200	63	100% (1개)
33	200	149	ㆍ
33	200	193	리뷰 (4)
33	248	301	홍콩반점0410 선릉역점
33	298	404	4.8(3,074)
33	301	36	암바사(345ml)
33	355	36	2,000원
33	413	63	리뷰 (3)
33	514	36	환타(355ml)
33	568	36	2,000원
33	626	63	리뷰 (2)
33	727	36	초록매실(180ml)
33	781	36	1,000원
33	839	63	리뷰 (6)
33	970	42	사이드
33	1052	36	연유꽃빵
33	1106	36	5,000원
33	1164	36	꽃빵을 튀겨내 달콤한 연유에 찍어 먹는 연유꽃빵
33	1265	36	계란프라이 추가
33	1319	36	900원
33	1377	63	리뷰 (11)
33	1441	121	지금 와우 가입하면 배달비 0원 + 25,000원 쿠폰
33	1458	781	가입하기
33	1478	36	크리스피어니언 토핑
33	1532	36	1,000원
33	1556	24	배달비 0원 + 1,000원 즉시할인
33	1590	36	뿌릴수록 빠삭! 양파 풍미 가득한 크리스피어니언으로 식감의 차이를 느껴보세요!
34	27	36	환타(355ml)
34	66	155	홍콩반점0410 선릉역점 내 메뉴를 찾아보세요
34	139	63	리뷰 (2)
34	151	78	신제품 출시
34	151	234	세트류
34	151	360	면류
34	151	464	밥류
34	151	568	튀김류
34	151	694	음료
34	151	798	사이드
34	182	51	3 / 3
34	240	36	초록매실(180ml)
34	248	301	홍콩반점0410 선릉역점
34	294	36	1,000원
34	298	404	4.8(3,074)
34	352	63	리뷰 (6)
34	483	42	사이드
34	565	36	연유꽃빵
34	619	36	5,000원
34	677	36	꽃빵을 튀겨내 달콤한 연유에 찍어 먹는 연유꽃빵
34	778	36	계란프라이 추가
34	832	36	900원
34	890	63	리뷰 (11)
34	991	36	크리스피어니언 토핑
34	1045	36	1,000원
34	1103	36	뿌릴수록 빠삭! 양파 풍미 가득한 크리스피어니언으로 식감의 차이를 느껴보세요!
34	1211	36	단무지 추가
34	1265	36	1,000원
34	1323	36	메뉴 주문시 기본 제공됩니다, 추가 필요시에만 주문해주세요
34	1371	63	리뷰 (7)
34	1441	121	지금 와우 가입하면 배달비 0원 + 25,000원 쿠폰
34	1445	36	파김치 1통
34	1458	781	가입하기
34	1499	36	3,000원
34	1556	24	배달비 0원 + 1,000원 즉시할인
34	1557	36	중식에 찰떡인 매콤한 파김치
35	66	155	홍콩반점0410 선릉역점 내 메뉴를 찾아보세요
35	73	36	연유꽃빵
35	132	36	5,000원
35	151	78	신제품 출시
35	151	234	세트류
35	151	360	면류
35	151	464	밥류
35	151	568	튀김류
35	151	694	음료
35	151	798	사이드
35	182	51	1 / 3
35	185	36	꽃빵을 튀겨내 달콤한 연유에 찍어 먹는 연유꽃빵
35	248	301	홍콩반점0410 선릉역점
35	286	36	계란프라이 추가
35	298	404	4.8(3,074)
35	340	36	900원
35	398	63	리뷰 (11)
35	499	36	크리스피어니언 토핑
35	553	36	1,000원
35	611	36	뿌릴수록 빠삭! 양파 풍미 가득한 크리스피어니언으로 식감의 차이를 느껴보세요!
35	719	36	단무지 추가
35	773	36	1,000원
35	831	36	메뉴 주문시 기본 제공됩니다, 추가 필요시에만 주문해주세요
35	879	63	리뷰 (7)
35	953	36	파김치 1통
35	1007	36	3,000원
35	1065	36	중식에 찰떡인 매콤한 파김치
35	1166	36	짜장소스 1통
35	1220	36	4,500원
35	1278	36	집에서도 간편하게 드세요
35	1326	63	100% (54개)
35	1326	159	ㆍ
35	1326	203	리뷰 (33)
35	1400	36	짬뽕국물
35	1441	121	지금 와우 가입하면 배달비 0원 + 25,000원 쿠폰
35	1454	36	2,000원
35	1458	781	가입하기
35	1512	36	얼큰하고 녹진한 뜨끈뜨끈 짬뽕국물
35	1556	24	배달비 0원 + 1,000원 즉시할인
35	1560	63	100% (4개)
35	1560	149	ㆍ
35	1560	193	리뷰 (8)
36	0	0	리뷰 (9)
36	6	36	크리스피어니언 토핑
36	66	155	홍콩반점0410 선릉역점 내 메뉴를 찾아보세요
36	118	36	뿌릴수록 빠삭! 양파 풍미 가득한 크리스피어니언으로 식감의 차이를 느껴보세요!
36	151	78	신제품 출시
36	151	234	세트류
36	151	360	면류
36	151	464	밥류
36	151	568	튀김류
36	151	694	음료
36	151	798	사이드
36	182	51	2 / 3
36	226	36	단무지 추가
36	248	301	홍콩반점0410 선릉역점
36	280	36	1,000원
36	298	404	4.8(3,074)
36	338	36	메뉴 주문시 기본 제공됩니다, 추가 필요시에만 주문해주세요
36	386	63	리뷰 (7)
36	460	36	파김치 1통
36	514	36	3,000원
36	572	36	중식에 찰떡인 매콤한 파김치
36	673	36	짜장소스 1통
36	727	36	4,500원
36	785	36	집에서도 간편하게 드세요
36	833	63	100% (54개)
36	833	159	ㆍ
36	833	203	리뷰 (33)
36	907	36	짬뽕국물
36	961	36	2,000원
36	1019	36	얼큰하고 녹진한 뜨끈뜨끈 짬뽕국물
36	1067	63	100% (4개)
36	1067	149	ㆍ
36	1067	193	리뷰 (8)
36	1141	36	만능매운소스
36	1195	36	800원
36	1253	36	매콤하게 먹고 싶을 땐 홍콩반점 매운소스!
36	1301	63	리뷰 (2)
36	1375	36	만능매운소스(5개)
36	1429	36	3,500원
36	1441	121	지금 와우 가입하면 배달비 0원 + 25,000원 쿠폰
36	1458	781	가입하기
36	1487	36	할인 된 가격, 매콤하게 먹고 싶을 땐 홍콩반점 매운소스!
36	1556	24	배달비 0원 + 1,000원 즉시할인
36	1588	36	공기밥
37	0	36	파김치 1통
37	66	155	홍콩반점0410 선릉역점 내 메뉴를 찾아보세요
37	79	36	중식에 찰떡인 매콤한 파김치
37	151	78	신제품 출시
37	151	234	세트류
37	151	360	면류
37	151	464	밥류
37	151	568	튀김류
37	151	694	음료
37	151	798	사이드
37	180	36	짜장소스 1통
37	182	51	3 / 3
37	234	36	4,500원
37	248	301	홍콩반점0410 선릉역점
37	292	36	집에서도 간편하게 드세요
37	298	404	4.8(3,074)
37	340	63	100% (54개)
37	340	159	ㆍ
37	340	203	리뷰 (33)
37	414	36	짬뽕국물
37	468	36	2,000원
37	526	36	얼큰하고 녹진한 뜨끈뜨끈 짬뽕국물
37	574	63	100% (4개)
37	574	149	ㆍ
37	574	193	리뷰 (8)
37	648	36	만능매운소스
37	702	36	800원
37	760	36	매콤하게 먹고 싶을 땐 홍콩반점 매운소스!
37	808	63	리뷰 (2)
37	882	36	만능매운소스(5개)
37	936	36	3,500원
37	994	36	할인 된 가격, 매콤하게 먹고 싶을 땐 홍콩반점 매운소스!
37	1095	36	공기밥
37	1149	36	1,000원
37	1207	63	리뷰 (9)
37	1320	36	비슷한 중식 맛집 추천해요
37	1326	810	광고
37	1396	171	아방궁
37	1396	560	역삼희래등24시
37	1431	220	(427)ㆍ
37	1431	609	(5,451)ㆍ
37	1432	195	4.4
37	1432	279	0.4km
37	1432	584	4.7
37	1432	682	0.8km
37	1441	121	지금 와우 가입하면 배달비 0원 + 25,000원 쿠폰
37	1458	781	가입하기
37	1464	171	배달비 0원
37	1464	560	배달비 0원
37	1556	24	배달비 0원 + 1,000원 즉시할인
