0	446	51	4 / 6
0	512	335	뚜레쥬르 구수동점
0	562	404	4.8(1,543)
0	676	0	배달 24분
0	676	450	포장 15분
0	769	674	매장∙원산지정보
0	780	69	도착까지 약 24분
0	841	36	최소주문
0	841	153	12,000원
0	896	36	일반회원
0	897	153	0-2,900원 0원
0	898	294	자세히
0	938	36	와우회원
0	938	153	와우회원은 매 주문 배달비 0원
0	1010	127	지금 와우 가입하면 배달비 0원 + 25,000원 쿠폰
0	1027	766	가입하기
0	1118	54	1,000원 즉시할인 자동 적용
0	1196	90	3,000원 쿠폰 추가 적용 가능
0	1286	168	배달이 너무 별로에요. 다른음식점 국물로 쇼핑백이 다 젖어서 찢어져서 배달왔어요 ㅎㅎ
0	1286	606	정말 마딧어요
0	1455	114	검색한 메뉴
0	1455	290	&#128293; 인기메뉴
0	1455	474	케이크
0	1455	600	설렘한조각
0	1455	770	빙수
0	1459	874	SLOW TLJ
0	1556	42	검색한 메뉴
1	0	0	100% (2개)
1	66	155	뚜레쥬르 구수동점 내 메뉴를 찾아보세요
1	132	674	매장∙원산지정보
1	153	36	최소주문
1	153	153	12,000원
1	182	51	5 / 6
1	208	36	일반회원
1	209	153	0-2,900원 0원
1	210	294	자세히
1	248	335	뚜레쥬르 구수동점
1	250	36	와우회원
1	250	153	와우회원은 매 주문 배달비 0원
1	298	404	4.8(1,543)
1	322	127	지금 와우 가입하면 배달비 0원 + 25,000원 쿠폰
1	339	766	가입하기
1	430	54	1,000원 즉시할인 자동 적용
1	508	90	3,000원 쿠폰 추가 적용 가능
1	598	168	배달이 너무 별로에요. 다른음식점 국물로 쇼핑백이 다 젖어서 찢어져서 배달왔어요 ㅎㅎ
1	598	606	정말 마딧어요
1	767	114	검색한 메뉴
1	767	290	&#128293; 인기메뉴
1	767	474	케이크
1	767	600	설렘한조각
1	767	770	빙수
1	771	874	SLOW TLJ
1	868	42	검색한 메뉴
1	914	36	뚜레쥬르 검색 상위 5개
1	988	36	뚜레쥬르가 만든 딸기잼(320g)
1	1042	36	8,500원
1	1100	36	국내산 딸기를 사용하여 신선한 딸기의 과육과 향을 그대로 살린 달콤상큼 뚜레쥬르 딸기잼
1	1208	36	뚜레쥬르가만든사과주스(180ml)
1	1262	36	2,700원
1	1320	36	달콤한 사과 농축액이 들어간 뚜레쥬르만의 프리미엄 과일주스
1	1421	36	뚜레쥬르가 만든 딸기잼(130g)
1	1441	121	지금 와우 가입하면 배달비 0원 + 25,000원 쿠폰
1	1458	781	가입하기
1	1475	36	4,800원
1	1533	36	국내산 딸기를 사용하여 신선한 딸기의 과육과 향을 그대로 살린 달콤상큼 뚜레쥬르 딸기잼
1	1556	24	배달비 0원 + 1,000원 즉시할인
2	66	155	뚜레쥬르 구수동점 내 메뉴를 찾아보세요
2	86	114	검색한 메뉴
2	86	290	&#128293; 인기메뉴
2	86	474	케이크
2	86	600	설렘한조각
2	86	770	빙수
2	90	874	SLOW TLJ
2	151	114	검색한 메뉴
2	151	290	&#128293; 인기메뉴
2	151	474	케이크
2	151	600	설렘한조각
2	151	770	빙수
2	155	874	SLOW TLJ
2	182	51	6 / 6
2	187	42	검색한 메뉴
2	233	36	뚜레쥬르 검색 상위 5개
2	248	335	뚜레쥬르 구수동점
2	298	404	4.8(1,543)
2	307	36	뚜레쥬르가 만든 딸기잼(320g)
2	361	36	8,500원
2	419	36	국내산 딸기를 사용하여 신선한 딸기의 과육과 향을 그대로 살린 달콤상큼 뚜레쥬르 딸기잼
2	527	36	뚜레쥬르가만든사과주스(180ml)
2	581	36	2,700원
2	639	36	달콤한 사과 농축액이 들어간 뚜레쥬르만의 프리미엄 과일주스
2	740	36	뚜레쥬르가 만든 딸기잼(130g)
2	794	36	4,800원
2	852	36	국내산 딸기를 사용하여 신선한 딸기의 과육과 향을 그대로 살린 달콤상큼 뚜레쥬르 딸기잼
2	930	63	100% (2개)
2	1004	36	뚜레쥬르가 만든 블루베리잼(320g)
2	1058	36	9,900원
2	1116	36	블루베리 과육이 그대로 알알이 씹히는 뚜레쥬르 블루베리잼
2	1164	63	100% (2개)
2	1238	36	뚜레쥬르 우유 900ml
2	1292	36	3,900원
2	1350	36	원유의 영양과 신선함을 그대로 담고 있는 고소한 흰 우유
2	1398	63	리뷰 (8)
2	1441	121	지금 와우 가입하면 배달비 0원 + 25,000원 쿠폰
2	1458	781	가입하기
2	1502	42	인기메뉴
2	1556	24	배달비 0원 + 1,000원 즉시할인
2	1580	88	1위
2	1580	304	2위
2	1580	520	3위
2	1580	708	4위
3	0	0	100% (2개)
3	0	0	ㆍ
3	0	0	리뷰 (2)
3	56	36	뚜레쥬르가 만든 딸기잼(130g)
3	66	155	뚜레쥬르 구수동점 내 메뉴를 찾아보세요
3	132	36	4,800원
3	151	114	검색한 메뉴
3	151	290	&#128293; 인기메뉴
3	151	474	케이크
3	151	600	설렘한조각
3	151	770	빙수
3	155	874	SLOW TLJ
3	168	36	국내산 딸기를 사용하여 신선한 딸기의 과육과 향을 그대로 살린 달콤상큼 뚜레쥬르 딸기잼
3	182	51	1 / 6
3	246	63	100% (2개)
3	248	335	뚜레쥬르 구수동점
3	298	404	4.8(1,543)
3	320	36	뚜레쥬르가 만든 블루베리잼(320g)
3	374	36	9,900원
3	432	36	블루베리 과육이 그대로 알알이 씹히는 뚜레쥬르 블루베리잼
3	480	63	100% (2개)
3	554	36	뚜레쥬르 우유 900ml
3	608	36	3,900원
3	666	36	원유의 영양과 신선함을 그대로 담고 있는 고소한 흰 우유
3	714	63	리뷰 (8)
3	818	42	인기메뉴
3	896	88	1위
3	896	304	2위
3	896	520	3위
3	896	708	4위
3	1095	36	한 장씩 뜯어먹는 32겹 브레드
3	1095	252	부드러운후레쉬크림샌드빵
3	1095	468	더 진해진 마늘 퐁당 바게트
3	1095	684	쇼콜라갸또(조각)
3	1136	684	6,300원
3	1171	36	6,500원
3	1171	252	6,700원
3	1171	468	5,200원
3	1289	42	케이크
3	1371	36	스트로베리퀸(15cm)
3	1425	36	38,000원
3	1441	121	지금 와우 가입하면 배달비 0원 + 25,000원 쿠폰
3	1458	781	가입하기
3	1483	36	반짝이는 비즈로 감싼 부드러운 화이트시트에 상큼달콤한 딸기 꿀리를 샌드하고 신선한 생딸기를 가득 올린 생크림 맛집! 뚜레쥬르의 시그니처 케이크 *상기 이미지는 계절 및 매장에 따라 디자인이 변경될 수 있습니다.
3	1556	24	배달비 0원 + 1,000원 즉시할인
3	1561	72	품절임박
3	1561	166	잔여 2개
4	0	0	리뷰 (1)
4	0	0	촉촉한 쉬폰 시트에 마스카포네 생크림과 상큼한 딸기 콤포트를 샌드하고 생딸기와 핑크 리본으로 장식한 미니 케이크 *상기 이미지는 계절 및 매장에 따라 디자인이 변경될 수 있습니다.
4	66	155	뚜레쥬르 구수동점 내 메뉴를 찾아보세요
4	132	42	인기메뉴
4	151	114	&#128293; 인기메뉴
4	151	298	케이크
4	151	424	설렘한조각
4	151	594	빙수
4	151	869	세트
4	155	698	SLOW TLJ
4	182	51	2 / 6
4	208	88	1위
4	208	304	2위
4	208	520	3위
4	208	708	4위
4	248	335	뚜레쥬르 구수동점
4	298	404	4.8(1,543)
4	407	36	한 장씩 뜯어먹는 32겹 브레드
4	407	252	부드러운후레쉬크림샌드빵
4	407	468	더 진해진 마늘 퐁당 바게트
4	407	684	쇼콜라갸또(조각)
4	448	684	6,300원
4	483	36	6,500원
4	483	252	6,700원
4	483	468	5,200원
4	601	42	케이크
4	683	36	스트로베리퀸(15cm)
4	737	36	38,000원
4	795	36	반짝이는 비즈로 감싼 부드러운 화이트시트에 상큼달콤한 딸기 꿀리를 샌드하고 신선한 생딸기를 가득 올린 생크림 맛집! 뚜레쥬르의 시그니처 케이크 *상기 이미지는 계절 및 매장에 따라 디자인이 변경될 수 있습니다.
4	873	72	품절임박
4	873	166	잔여 2개
4	923	63	100% (2개)
4	923	149	ㆍ
4	923	193	리뷰 (2)
4	997	36	러블리 블랙 포레스트(13cm)
4	1051	36	24,000원
4	1109	36	폭신한 초코 시트에 달콤한 초코 생크림과 향긋한 체리를 샌드한 초코 체리 케이크 *상기 이미지는 계절 및 매장에 따라 디자인이 변경될 수 있습니다.
4	1187	72	품절임박
4	1187	166	잔여 1개
4	1237	63	100% (1개)
4	1237	149	ㆍ
4	1237	193	리뷰 (2)
4	1311	36	초코행성 지구인 (12cm)
4	1365	36	24,000원
4	1423	36	헤이즐넛 크림과 초코 크림을 샌드하고 크런치 초코로 코팅해우주행성을 탐험하는 지구인의 모습을 귀엽게 표현한 쁘띠 케이크
4	1441	121	지금 와우 가입하면 배달비 0원 + 25,000원 쿠폰
4	1458	781	가입하기
4	1501	72	품절임박
4	1501	166	잔여 2개
4	1556	24	배달비 0원 + 1,000원 즉시할인
4	1581	36	러블리 생크림 케이크(13cm)
5	0	0	100% (2개)
5	0	0	ㆍ
5	0	0	리뷰 (2)
5	0	36	스트로베리퀸(15cm)
5	66	155	뚜레쥬르 구수동점 내 메뉴를 찾아보세요
5	101	36	반짝이는 비즈로 감싼 부드러운 화이트시트에 상큼달콤한 딸기 꿀리를 샌드하고 신선한 생딸기를 가득 올린 생크림 맛집! 뚜레쥬르의 시그니처 케이크 *상기 이미지는 계절 및 매장에 따라 디자인이 변경될 수 있습니다.
5	151	114	케이크
5	151	240	설렘한조각
5	151	410	빙수
5	151	685	세트
5	151	789	샌드위치/샐러드
5	155	514	SLOW TLJ
5	179	72	품절임박
5	179	166	잔여 2개
5	182	51	3 / 6
5	229	63	100% (2개)
5	229	149	ㆍ
5	229	193	리뷰 (2)
5	248	335	뚜레쥬르 구수동점
5	298	404	4.8(1,543)
5	303	36	러블리 블랙 포레스트(13cm)
5	357	36	24,000원
5	415	36	폭신한 초코 시트에 달콤한 초코 생크림과 향긋한 체리를 샌드한 초코 체리 케이크 *상기 이미지는 계절 및 매장에 따라 디자인이 변경될 수 있습니다.
5	493	72	품절임박
5	493	166	잔여 1개
5	543	63	100% (1개)
5	543	149	ㆍ
5	543	193	리뷰 (2)
5	617	36	초코행성 지구인 (12cm)
5	671	36	24,000원
5	729	36	헤이즐넛 크림과 초코 크림을 샌드하고 크런치 초코로 코팅해우주행성을 탐험하는 지구인의 모습을 귀엽게 표현한 쁘띠 케이크
5	807	72	품절임박
5	807	166	잔여 2개
5	887	36	러블리 생크림 케이크(13cm)
5	941	36	24,000원
5	999	36	촉촉한 쉬폰 시트에 마스카포네 생크림과 상큼한 딸기 콤포트를 샌드하고 생딸기와 핑크 리본으로 장식한 미니 케이크 *상기 이미지는 계절 및 매장에 따라 디자인이 변경될 수 있습니다.
5	1077	72	품절임박
5	1077	166	잔여 1개
5	1127	63	리뷰 (1)
5	1201	36	탱글탱귤 요거트 생크림 케이크(15cm)
5	1255	36	38,000원
5	1313	36	탱글탱글한 귤과 상큼한 요거트 크림이 한입 가득 기분 좋게 퍼지는 생크림 케이크*상기 이미지는 계절 및 매장에 따라 디자인이 변경될 수 있습니다.
5	1391	72	품절임박
5	1391	166	잔여 1개
5	1441	121	지금 와우 가입하면 배달비 0원 + 25,000원 쿠폰
5	1458	781	가입하기
5	1471	36	블루베리 라벤더 케이크(15cm)
5	1525	36	28,000원
5	1556	24	배달비 0원 + 1,000원 즉시할인
5	1583	36	새콤달콤한 블루베리 크림과 산뜻한 라벤더티를 블루베리 가나슈와 함께 샌드한 케이크
6	0	0	초코행성 지구인 (12cm)
6	36	36	헤이즐넛 크림과 초코 크림을 샌드하고 크런치 초코로 코팅해우주행성을 탐험하는 지구인의 모습을 귀엽게 표현한 쁘띠 케이크
6	66	155	뚜레쥬르 구수동점 내 메뉴를 찾아보세요
6	132	72	품절임박
6	132	166	잔여 2개
6	151	114	케이크
6	151	240	설렘한조각
6	151	410	빙수
6	151	685	세트
6	151	789	샌드위치/샐러드
6	155	514	SLOW TLJ
6	182	51	4 / 6
6	194	36	러블리 생크림 케이크(13cm)
6	248	36	24,000원
6	248	335	뚜레쥬르 구수동점
6	298	404	4.8(1,543)
6	306	36	촉촉한 쉬폰 시트에 마스카포네 생크림과 상큼한 딸기 콤포트를 샌드하고 생딸기와 핑크 리본으로 장식한 미니 케이크 *상기 이미지는 계절 및 매장에 따라 디자인이 변경될 수 있습니다.
6	384	72	품절임박
6	384	166	잔여 1개
6	434	63	리뷰 (1)
6	508	36	탱글탱귤 요거트 생크림 케이크(15cm)
6	562	36	38,000원
6	620	36	탱글탱글한 귤과 상큼한 요거트 크림이 한입 가득 기분 좋게 퍼지는 생크림 케이크*상기 이미지는 계절 및 매장에 따라 디자인이 변경될 수 있습니다.
6	698	72	품절임박
6	698	166	잔여 1개
6	778	36	블루베리 라벤더 케이크(15cm)
6	832	36	28,000원
6	890	36	새콤달콤한 블루베리 크림과 산뜻한 라벤더티를 블루베리 가나슈와 함께 샌드한 케이크
6	968	72	품절임박
6	968	166	잔여 1개
6	1018	63	100% (2개)
6	1018	149	ㆍ
6	1018	193	리뷰 (2)
6	1092	36	주토피아2 닉 피넛초코케이크(15cm)
6	1146	36	30,000원
6	1204	36	초코 시트에 달콤하고 고소한 피넛버터 초코 크림이 샌드되어 있는 귀여운 닉 모양 케이크
6	1282	72	품절임박
6	1282	166	잔여 1개
6	1362	36	백설공주_애플&망고케이크 (15cm)
6	1416	36	30,000원
6	1441	121	지금 와우 가입하면 배달비 0원 + 25,000원 쿠폰
6	1458	781	가입하기
6	1474	36	화이트 시트에 달콤한 애플 다이스와 애플 크림을 샌드하고 망고 크림으로 마무리해 드레스를 입은 백설공주를 표현한 케이크
6	1552	72	품절임박
6	1552	166	잔여 1개
6	1556	24	배달비 0원 + 1,000원 즉시할인
7	0	0	리뷰 (1)
7	0	0	부드럽고 촉촉한 화이트시트에 풍부한 맛의 생크림과 상큼한 과일로 장식한 생크림 케이크(1호사이즈) *상기 이미지는 계절및매장에 따라 디자인이 변경될 수 있습니다.
7	66	155	뚜레쥬르 구수동점 내 메뉴를 찾아보세요
7	83	36	블루베리 라벤더 케이크(15cm)
7	137	36	28,000원
7	151	114	케이크
7	151	240	설렘한조각
7	151	410	빙수
7	151	685	세트
7	151	789	샌드위치/샐러드
7	155	514	SLOW TLJ
7	182	51	5 / 6
7	195	36	새콤달콤한 블루베리 크림과 산뜻한 라벤더티를 블루베리 가나슈와 함께 샌드한 케이크
7	248	335	뚜레쥬르 구수동점
7	273	72	품절임박
7	273	166	잔여 1개
7	298	404	4.8(1,543)
7	323	63	100% (2개)
7	323	149	ㆍ
7	323	193	리뷰 (2)
7	397	36	주토피아2 닉 피넛초코케이크(15cm)
7	451	36	30,000원
7	509	36	초코 시트에 달콤하고 고소한 피넛버터 초코 크림이 샌드되어 있는 귀여운 닉 모양 케이크
7	587	72	품절임박
7	587	166	잔여 1개
7	667	36	백설공주_애플&망고케이크 (15cm)
7	721	36	30,000원
7	779	36	화이트 시트에 달콤한 애플 다이스와 애플 크림을 샌드하고 망고 크림으로 마무리해 드레스를 입은 백설공주를 표현한 케이크
7	857	72	품절임박
7	857	166	잔여 1개
7	937	36	생 초코초코 케이크(15cm)
7	991	36	34,000원
7	1049	36	발로나 초콜릿으로 깊은 풍미가 느껴지는 초콜릿 케이크에 생크림을 듬뿍 올려 진하지만 부드러운 생 초콜릿 식감의 생크림 케이크
7	1127	72	품절임박
7	1127	166	잔여 1개
7	1207	36	쿠키 바닐라 생크림 케이크(12cm)
7	1261	36	23,000원
7	1319	36	눈을 사로잡는 블랙 화이트 크림 레이어에 진하고 풍미깊은 가나슈와 달콤한 쿠키 크럼블을 샌딩한 바닐라 생크림 케이크
7	1397	72	품절임박
7	1397	166	잔여 1개
7	1441	121	지금 와우 가입하면 배달비 0원 + 25,000원 쿠폰
7	1447	63	100% (1개)
7	1447	149	ㆍ
7	1447	193	리뷰 (1)
7	1458	781	가입하기
7	1521	36	딸기 몽마르뜨 1호(15cm)
7	1556	24	배달비 0원 + 1,000원 즉시할인
7	1575	36	32,000원
8	0	0	100% (1개)
8	0	0	ㆍ
8	0	0	리뷰 (1)
8	0	36	백설공주_애플&망고케이크 (15cm)
8	66	155	뚜레쥬르 구수동점 내 메뉴를 찾아보세요
8	94	36	화이트 시트에 달콤한 애플 다이스와 애플 크림을 샌드하고 망고 크림으로 마무리해 드레스를 입은 백설공주를 표현한 케이크
8	151	114	케이크
8	151	240	설렘한조각
8	151	410	빙수
8	151	685	세트
8	151	789	샌드위치/샐러드
8	155	514	SLOW TLJ
8	172	72	품절임박
8	172	166	잔여 1개
8	182	51	6 / 6
8	248	335	뚜레쥬르 구수동점
8	252	36	생 초코초코 케이크(15cm)
8	298	404	4.8(1,543)
8	306	36	34,000원
8	364	36	발로나 초콜릿으로 깊은 풍미가 느껴지는 초콜릿 케이크에 생크림을 듬뿍 올려 진하지만 부드러운 생 초콜릿 식감의 생크림 케이크
8	442	72	품절임박
8	442	166	잔여 1개
8	522	36	쿠키 바닐라 생크림 케이크(12cm)
8	576	36	23,000원
8	634	36	눈을 사로잡는 블랙 화이트 크림 레이어에 진하고 풍미깊은 가나슈와 달콤한 쿠키 크럼블을 샌딩한 바닐라 생크림 케이크
8	712	72	품절임박
8	712	166	잔여 1개
8	762	63	100% (1개)
8	762	149	ㆍ
8	762	193	리뷰 (1)
8	836	36	딸기 몽마르뜨 1호(15cm)
8	890	36	32,000원
8	948	36	부드럽고 촉촉한 화이트시트에 풍부한 맛의 생크림과 상큼한 과일로 장식한 생크림 케이크(1호사이즈) *상기 이미지는 계절및매장에 따라 디자인이 변경될 수 있습니다.
8	1026	72	품절임박
8	1026	166	잔여 1개
8	1076	63	리뷰 (1)
8	1150	36	딸기와우유생크림1호(15cm)
8	1204	36	32,000원
8	1262	36	부드럽고 촉촉한 화이트시트에 풍부한 맛의 생크림과 상큼한 과일로 장식한 생크림 케이크 *상기 이미지는 계절 및 매장에 따라 디자인이 변경될 수 있습니다.
8	1340	72	품절임박
8	1340	166	잔여 1개
8	1420	36	딸기와 우유생크림 2호(18cm)
8	1441	121	지금 와우 가입하면 배달비 0원 + 25,000원 쿠폰
8	1458	781	가입하기
8	1474	36	36,000원
8	1532	36	부드럽고 촉촉한 화이트시트에 풍부한 맛의 생크림과 상큼한 과일로 장식한 생크림 케이크(2호사이즈) *상기 이미지는 계절및매장에 따라 디자인이 변경될 수 있습니다.
8	1556	24	배달비 0원 + 1,000원 즉시할인
9	66	155	뚜레쥬르 구수동점 내 메뉴를 찾아보세요
9	151	36	딸기 몽마르뜨 1호(15cm)
9	151	114	케이크
9	151	240	설렘한조각
9	151	410	빙수
9	151	685	세트
9	151	789	샌드위치/샐러드
9	155	514	SLOW TLJ
9	182	51	1 / 6
9	205	36	32,000원
9	248	335	뚜레쥬르 구수동점
9	263	36	부드럽고 촉촉한 화이트시트에 풍부한 맛의 생크림과 상큼한 과일로 장식한 생크림 케이크(1호사이즈) *상기 이미지는 계절및매장에 따라 디자인이 변경될 수 있습니다.
9	298	404	4.8(1,543)
9	341	72	품절임박
9	341	166	잔여 1개
9	391	63	리뷰 (1)
9	465	36	딸기와우유생크림1호(15cm)
9	519	36	32,000원
9	577	36	부드럽고 촉촉한 화이트시트에 풍부한 맛의 생크림과 상큼한 과일로 장식한 생크림 케이크 *상기 이미지는 계절 및 매장에 따라 디자인이 변경될 수 있습니다.
9	655	72	품절임박
9	655	166	잔여 1개
9	735	36	딸기와 우유생크림 2호(18cm)
9	789	36	36,000원
9	847	36	부드럽고 촉촉한 화이트시트에 풍부한 맛의 생크림과 상큼한 과일로 장식한 생크림 케이크(2호사이즈) *상기 이미지는 계절및매장에 따라 디자인이 변경될 수 있습니다.
9	925	72	품절임박
9	925	166	잔여 1개
9	975	63	100% (1개)
9	975	149	ㆍ
9	975	193	리뷰 (1)
9	1049	36	딸기와우유생크림3호(21cm)
9	1103	36	40,000원
9	1161	36	부드럽고 촉촉한 화이트시트에 풍부한 맛의 생크림과 상큼한 과일로 장식한 생크림 케이크 *상기 이미지는 계절 및 매장에 따라 디자인이 변경될 수 있습니다.
9	1239	72	품절임박
9	1239	166	잔여 1개
9	1289	63	리뷰 (1)
9	1363	36	부드러운블루베리쉬폰 2호(18cm)
9	1417	36	36,000원
9	1441	121	지금 와우 가입하면 배달비 0원 + 25,000원 쿠폰
9	1458	781	가입하기
9	1475	36	상큼한 블루베리 콤포트와 블루베리 크림이 촉촉하고 폭신한 쉬폰을 만나 더욱 맛있어진 블루베리 쉬폰 케이크
9	1553	72	품절임박
9	1553	166	잔여 1개
9	1556	24	배달비 0원 + 1,000원 즉시할인
10	0	0	리뷰 (2)
10	40	36	딸기와 우유생크림 2호(18cm)
10	66	155	뚜레쥬르 구수동점 내 메뉴를 찾아보세요
10	132	36	36,000원
10	151	114	케이크
10	151	240	설렘한조각
10	151	410	빙수
10	151	685	세트
10	151	789	샌드위치/샐러드
10	152	36	부드럽고 촉촉한 화이트시트에 풍부한 맛의 생크림과 상큼한 과일로 장식한 생크림 케이크(2호사이즈) *상기 이미지는 계절및매장에 따라 디자인이 변경될 수 있습니다.
10	155	514	SLOW TLJ
10	182	51	2 / 6
10	230	72	품절임박
10	230	166	잔여 1개
10	248	335	뚜레쥬르 구수동점
10	280	63	100% (1개)
10	280	149	ㆍ
10	280	193	리뷰 (1)
10	298	404	4.8(1,543)
10	354	36	딸기와우유생크림3호(21cm)
10	408	36	40,000원
10	466	36	부드럽고 촉촉한 화이트시트에 풍부한 맛의 생크림과 상큼한 과일로 장식한 생크림 케이크 *상기 이미지는 계절 및 매장에 따라 디자인이 변경될 수 있습니다.
10	544	72	품절임박
10	544	166	잔여 1개
10	594	63	리뷰 (1)
10	668	36	부드러운블루베리쉬폰 2호(18cm)
10	722	36	36,000원
10	780	36	상큼한 블루베리 콤포트와 블루베리 크림이 촉촉하고 폭신한 쉬폰을 만나 더욱 맛있어진 블루베리 쉬폰 케이크
10	858	72	품절임박
10	858	166	잔여 1개
10	938	36	오,해피 복숭아 케이크(18cm)
10	992	36	36,000원
10	1050	36	촉촉한 화이트시트에 아삭아삭한 복숭아와 복숭아 생크림을 샌드하여 향긋한 복숭아맛을 가득 느낄 수 있는 생크림 케이크
10	1128	72	품절임박
10	1128	166	잔여 1개
10	1208	36	오,해피 한라봉&오렌지 케이크(18cm)
10	1262	36	36,000원
10	1320	36	향긋한 한라봉 시트에 상큼한 오렌지와 한라봉맛 생크림을 샌드하여 입안 가득 상큼한 맛을 느낄 수 있는 케이크
10	1398	72	품절임박
10	1398	166	잔여 1개
10	1441	121	지금 와우 가입하면 배달비 0원 + 25,000원 쿠폰
10	1458	781	가입하기
10	1478	36	고구마케이크 2호(18cm)
10	1532	36	34,000원
10	1556	24	배달비 0원 + 1,000원 즉시할인
10	1590	36	진한 고구마 맛을 더하여 한층 풍미가 깊어진 부드러운 고구마 케이크*상기 이미지는 계절및매장에 따라 디자인이 변경될 수 있습니다.
11	0	36	부드러운블루베리쉬폰 2호(18cm)
11	66	155	뚜레쥬르 구수동점 내 메뉴를 찾아보세요
11	88	36	상큼한 블루베리 콤포트와 블루베리 크림이 촉촉하고 폭신한 쉬폰을 만나 더욱 맛있어진 블루베리 쉬폰 케이크
11	151	114	케이크
11	151	240	설렘한조각
11	151	410	빙수
11	151	685	세트
11	151	789	샌드위치/샐러드
11	155	514	SLOW TLJ
11	166	72	품절임박
11	166	166	잔여 1개
11	182	51	3 / 6
11	246	36	오,해피 복숭아 케이크(18cm)
11	248	335	뚜레쥬르 구수동점
11	298	404	4.8(1,543)
11	300	36	36,000원
11	358	36	촉촉한 화이트시트에 아삭아삭한 복숭아와 복숭아 생크림을 샌드하여 향긋한 복숭아맛을 가득 느낄 수 있는 생크림 케이크
11	436	72	품절임박
11	436	166	잔여 1개
11	516	36	오,해피 한라봉&오렌지 케이크(18cm)
11	570	36	36,000원
11	628	36	향긋한 한라봉 시트에 상큼한 오렌지와 한라봉맛 생크림을 샌드하여 입안 가득 상큼한 맛을 느낄 수 있는 케이크
11	706	72	품절임박
11	706	166	잔여 1개
11	786	36	고구마케이크 2호(18cm)
11	840	36	34,000원
11	898	36	진한 고구마 맛을 더하여 한층 풍미가 깊어진 부드러운 고구마 케이크*상기 이미지는 계절및매장에 따라 디자인이 변경될 수 있습니다.
11	976	72	품절임박
11	976	166	잔여 1개
11	1026	63	리뷰 (2)
11	1100	36	클래식 오브 치즈케이크(20cm)
11	1154	36	35,000원
11	1212	36	엄선한 자연치즈의 진한 풍미가 그대로 살아있는 부드럽고 촉촉한 수플레 타입의 클래식 치즈 케이크
11	1290	72	품절임박
11	1290	166	잔여 1개
11	1370	36	진한 가나슈케이크(15cm)
11	1424	36	29,000원
11	1441	121	지금 와우 가입하면 배달비 0원 + 25,000원 쿠폰
11	1458	781	가입하기
11	1482	36	촉촉한 초코 시트에 진한 가나슈 크림을 샌드하고, 다양한 초콜릿 장식물로 풍성함까지 더한 케이크
11	1556	24	배달비 0원 + 1,000원 즉시할인
11	1560	72	품절임박
11	1560	166	잔여 1개
12	66	155	뚜레쥬르 구수동점 내 메뉴를 찾아보세요
12	91	36	고구마케이크 2호(18cm)
12	145	36	34,000원
12	151	114	케이크
12	151	240	설렘한조각
12	151	410	빙수
12	151	685	세트
12	151	789	샌드위치/샐러드
12	155	514	SLOW TLJ
12	182	51	4 / 6
12	203	36	진한 고구마 맛을 더하여 한층 풍미가 깊어진 부드러운 고구마 케이크*상기 이미지는 계절및매장에 따라 디자인이 변경될 수 있습니다.
12	248	335	뚜레쥬르 구수동점
12	281	72	품절임박
12	281	166	잔여 1개
12	298	404	4.8(1,543)
12	331	63	리뷰 (2)
12	405	36	클래식 오브 치즈케이크(20cm)
12	459	36	35,000원
12	517	36	엄선한 자연치즈의 진한 풍미가 그대로 살아있는 부드럽고 촉촉한 수플레 타입의 클래식 치즈 케이크
12	595	72	품절임박
12	595	166	잔여 1개
12	675	36	진한 가나슈케이크(15cm)
12	729	36	29,000원
12	787	36	촉촉한 초코 시트에 진한 가나슈 크림을 샌드하고, 다양한 초콜릿 장식물로 풍성함까지 더한 케이크
12	865	72	품절임박
12	865	166	잔여 1개
12	945	36	클래식 화이트 초코 케이크 2호(18cm)
12	999	36	34,000원
12	1057	36	부드러운 바닐라 우유 크림에 화이트 초콜릿컬을 가득 토핑해 더욱 달콤해진 클래식 스타일 화이트 초코 케이크
12	1135	72	품절임박
12	1135	166	잔여 1개
12	1185	63	100% (1개)
12	1259	36	클래식 밀크 초코 케이크 4호(25cm)
12	1313	36	43,000원
12	1371	36	진한 초코 크림에 밀크 초콜릿컬을 가득 토핑해 더욱 달콤해진 클래식 스타일 밀크 초코 케이크
12	1441	121	지금 와우 가입하면 배달비 0원 + 25,000원 쿠폰
12	1449	72	품절임박
12	1449	166	잔여 1개
12	1458	781	가입하기
12	1556	24	배달비 0원 + 1,000원 즉시할인
12	1559	42	설렘한조각
13	0	0	100% (1개)
13	0	0	ㆍ
13	0	0	리뷰 (2)
13	0	0	향긋한 한라봉 시트에 상큼한 오렌지와 한라봉맛 생크림을 샌드하여 입안 가득 상큼한 맛을 느낄 수 있는 디저트 케이크
13	0	36	진한 가나슈케이크(15cm)
13	66	155	뚜레쥬르 구수동점 내 메뉴를 찾아보세요
13	97	36	촉촉한 초코 시트에 진한 가나슈 크림을 샌드하고, 다양한 초콜릿 장식물로 풍성함까지 더한 케이크
13	151	114	케이크
13	151	240	설렘한조각
13	151	410	빙수
13	151	685	세트
13	151	789	샌드위치/샐러드
13	155	514	SLOW TLJ
13	175	72	품절임박
13	175	166	잔여 1개
13	182	51	5 / 6
13	248	335	뚜레쥬르 구수동점
13	255	36	클래식 화이트 초코 케이크 2호(18cm)
13	298	404	4.8(1,543)
13	309	36	34,000원
13	367	36	부드러운 바닐라 우유 크림에 화이트 초콜릿컬을 가득 토핑해 더욱 달콤해진 클래식 스타일 화이트 초코 케이크
13	445	72	품절임박
13	445	166	잔여 1개
13	495	63	100% (1개)
13	569	36	클래식 밀크 초코 케이크 4호(25cm)
13	623	36	43,000원
13	681	36	진한 초코 크림에 밀크 초콜릿컬을 가득 토핑해 더욱 달콤해진 클래식 스타일 밀크 초코 케이크
13	759	72	품절임박
13	759	166	잔여 1개
13	869	42	설렘한조각
13	951	36	쇼콜라갸또(조각)
13	1005	36	6,300원
13	1063	36	초코&블랙초코 시트에 진한 가나슈 초콜릿을 샌드하고 가나슈 초콜릿으로 코팅한 초코케이크
13	1141	72	품절임박
13	1141	166	잔여 4개
13	1191	63	100% (5개)
13	1191	149	ㆍ
13	1191	193	리뷰 (1)
13	1265	36	클래식 오브 치즈케이크(조각)
13	1319	36	6,300원
13	1377	36	엄선한 자연치즈의 진한 풍미가 그대로 살아있는 부드럽고 촉촉한 수플레 타입의 클래식 치즈 케이크
13	1441	121	지금 와우 가입하면 배달비 0원 + 25,000원 쿠폰
13	1455	72	품절임박
13	1455	166	잔여 3개
13	1458	781	가입하기
13	1505	63	리뷰 (1)
13	1556	24	배달비 0원 + 1,000원 즉시할인
13	1579	36	쁘띠한라봉&오렌지케이크
14	0	0	100% (1개)
14	0	0	ㆍ
14	0	0	리뷰 (1)
14	0	0	폭신한 시트에 자몽 과육과 자몽 생크림을 샌드하고 상큼달콤한 자몽, 리치 젤리를 올려 청량감을 느낄 수 있는 디저트 케이크 *자몽씨가 있을 수 있으니 드실때 주의해 주세요.
14	66	155	뚜레쥬르 구수동점 내 메뉴를 찾아보세요
14	151	114	케이크
14	151	240	설렘한조각
14	151	410	빙수
14	151	685	세트
14	151	789	샌드위치/샐러드
14	155	514	SLOW TLJ
14	182	51	6 / 6
14	184	42	설렘한조각
14	248	335	뚜레쥬르 구수동점
14	266	36	쇼콜라갸또(조각)
14	298	404	4.8(1,543)
14	320	36	6,300원
14	378	36	초코&블랙초코 시트에 진한 가나슈 초콜릿을 샌드하고 가나슈 초콜릿으로 코팅한 초코케이크
14	456	72	품절임박
14	456	166	잔여 4개
14	506	63	100% (5개)
14	506	149	ㆍ
14	506	193	리뷰 (1)
14	580	36	클래식 오브 치즈케이크(조각)
14	634	36	6,300원
14	692	36	엄선한 자연치즈의 진한 풍미가 그대로 살아있는 부드럽고 촉촉한 수플레 타입의 클래식 치즈 케이크
14	770	72	품절임박
14	770	166	잔여 3개
14	820	63	리뷰 (1)
14	894	36	쁘띠한라봉&오렌지케이크
14	948	36	8,300원
14	1006	36	향긋한 한라봉 시트에 상큼한 오렌지와 한라봉맛 생크림을 샌드하여 입안 가득 상큼한 맛을 느낄 수 있는 디저트 케이크
14	1084	72	품절임박
14	1084	166	잔여 2개
14	1134	63	100% (1개)
14	1134	149	ㆍ
14	1134	193	리뷰 (2)
14	1208	36	쁘띠티라미수
14	1262	36	8,300원
14	1320	36	부드러운 치즈 무스와 달콤한 코코아 파우더가 잘 어울리는 티라미수
14	1368	72	품절임박
14	1368	166	잔여 4개
14	1418	63	100% (2개)
14	1418	149	ㆍ
14	1418	193	리뷰 (1)
14	1441	121	지금 와우 가입하면 배달비 0원 + 25,000원 쿠폰
14	1458	781	가입하기
14	1492	36	쁘띠 자몽 생크림 케이크
14	1546	36	8,300원
14	1556	24	배달비 0원 + 1,000원 즉시할인
15	0	0	100% (4개)
15	0	0	ㆍ
15	0	0	리뷰 (2)
15	0	0	클래식 오브 치즈케이크(조각)
15	11	36	엄선한 자연치즈의 진한 풍미가 그대로 살아있는 부드럽고 촉촉한 수플레 타입의 클래식 치즈 케이크
15	66	155	뚜레쥬르 구수동점 내 메뉴를 찾아보세요
15	139	63	리뷰 (1)
15	151	114	설렘한조각
15	151	284	빙수
15	151	559	세트
15	151	663	샌드위치/샐러드
15	151	887	식사빵(빵&잼)
15	155	388	SLOW TLJ
15	182	51	1 / 6
15	213	36	쁘띠한라봉&오렌지케이크
15	248	335	뚜레쥬르 구수동점
15	267	36	8,300원
15	298	404	4.8(1,543)
15	325	36	향긋한 한라봉 시트에 상큼한 오렌지와 한라봉맛 생크림을 샌드하여 입안 가득 상큼한 맛을 느낄 수 있는 디저트 케이크
15	403	72	품절임박
15	403	166	잔여 2개
15	453	63	100% (1개)
15	453	149	ㆍ
15	453	193	리뷰 (2)
15	527	36	쁘띠티라미수
15	581	36	8,300원
15	639	36	부드러운 치즈 무스와 달콤한 코코아 파우더가 잘 어울리는 티라미수
15	687	72	품절임박
15	687	166	잔여 4개
15	737	63	100% (2개)
15	737	149	ㆍ
15	737	193	리뷰 (1)
15	811	36	쁘띠 자몽 생크림 케이크
15	865	36	8,300원
15	923	36	폭신한 시트에 자몽 과육과 자몽 생크림을 샌드하고 상큼달콤한 자몽, 리치 젤리를 올려 청량감을 느낄 수 있는 디저트 케이크 *자몽씨가 있을 수 있으니 드실때 주의해 주세요.
15	1001	72	품절임박
15	1001	166	잔여 1개
15	1051	63	100% (1개)
15	1051	149	ㆍ
15	1051	193	리뷰 (1)
15	1155	42	빙수
15	1237	36	아사이베리 컵빙수
15	1291	36	7,900원
15	1349	36	아사이베리 스무디 위에 바삭한 식감의 오트, 코코넛칩 토핑, 블루베리와 달콤한 바닐라 아이스크림까지 풍성하게 즐기는 컵빙수
15	1441	121	지금 와우 가입하면 배달비 0원 + 25,000원 쿠폰
15	1457	36	더 진한 밀크팥절미 컵빙수
15	1458	781	가입하기
15	1511	36	7,500원
15	1556	24	배달비 0원 + 1,000원 즉시할인
15	1569	36	달콤한 우유 베이스에 달콤한 팥과 떡, 아이스크림을 올려 혼자서도 풍성하게 즐기는 컵빙수
16	0	0	100% (2개)
16	66	155	뚜레쥬르 구수동점 내 메뉴를 찾아보세요
16	116	36	쁘띠 자몽 생크림 케이크
16	151	114	설렘한조각
16	151	284	빙수
16	151	559	세트
16	151	663	샌드위치/샐러드
16	151	887	식사빵(빵&잼)
16	155	388	SLOW TLJ
16	170	36	8,300원
16	182	51	2 / 6
16	228	36	폭신한 시트에 자몽 과육과 자몽 생크림을 샌드하고 상큼달콤한 자몽, 리치 젤리를 올려 청량감을 느낄 수 있는 디저트 케이크 *자몽씨가 있을 수 있으니 드실때 주의해 주세요.
16	248	335	뚜레쥬르 구수동점
16	298	404	4.8(1,543)
16	306	72	품절임박
16	306	166	잔여 1개
16	356	63	100% (1개)
16	356	149	ㆍ
16	356	193	리뷰 (1)
16	460	42	빙수
16	542	36	아사이베리 컵빙수
16	596	36	7,900원
16	654	36	아사이베리 스무디 위에 바삭한 식감의 오트, 코코넛칩 토핑, 블루베리와 달콤한 바닐라 아이스크림까지 풍성하게 즐기는 컵빙수
16	762	36	더 진한 밀크팥절미 컵빙수
16	816	36	7,500원
16	874	36	달콤한 우유 베이스에 달콤한 팥과 떡, 아이스크림을 올려 혼자서도 풍성하게 즐기는 컵빙수
16	952	72	품절임박
16	952	166	잔여 9개
16	1002	63	100% (4개)
16	1002	149	ㆍ
16	1002	193	리뷰 (2)
16	1076	36	통단팥 가득 인절미 빙수(우유)
16	1130	36	13,500원
16	1188	36	우유 얼음 위에 고소한 콩가루와 쫀득한 인절미 떡, 달콤한 팥 토핑을 함께 즐기는 기본 빙수 (더알찬 통단팥)
16	1266	72	품절임박
16	1266	166	잔여 4개
16	1316	63	100% (4개)
16	1316	149	ㆍ
16	1316	193	리뷰 (4)
16	1390	36	말차 오트 빙수(우유)
16	1441	121	지금 와우 가입하면 배달비 0원 + 25,000원 쿠폰
16	1444	36	13,500원
16	1458	781	가입하기
16	1502	36	오트 그래놀라의 바삭한 식감과 고소한 풍미, 진한 말차의 조합으로 처음부터 끝까지 맛있게 즐기는 빙수 총 카페인 함량 67mg. 어린이, 임산부, 카페인 민감자는 섭취에 주의해주시기 바랍니다.
16	1556	24	배달비 0원 + 1,000원 즉시할인
16	1580	72	품절임박
16	1580	166	잔여 2개
17	0	0	100% (2개)
17	0	0	ㆍ
17	0	0	리뷰 (2)
17	66	155	뚜레쥬르 구수동점 내 메뉴를 찾아보세요
17	73	36	더 진한 밀크팥절미 컵빙수
17	132	36	7,500원
17	151	114	빙수
17	151	389	세트
17	151	493	샌드위치/샐러드
17	151	717	식사빵(빵&잼)
17	155	218	SLOW TLJ
17	182	51	3 / 6
17	185	36	달콤한 우유 베이스에 달콤한 팥과 떡, 아이스크림을 올려 혼자서도 풍성하게 즐기는 컵빙수
17	248	335	뚜레쥬르 구수동점
17	263	72	품절임박
17	263	166	잔여 9개
17	298	404	4.8(1,543)
17	313	63	100% (4개)
17	313	149	ㆍ
17	313	193	리뷰 (2)
17	387	36	통단팥 가득 인절미 빙수(우유)
17	441	36	13,500원
17	499	36	우유 얼음 위에 고소한 콩가루와 쫀득한 인절미 떡, 달콤한 팥 토핑을 함께 즐기는 기본 빙수 (더알찬 통단팥)
17	577	72	품절임박
17	577	166	잔여 4개
17	627	63	100% (4개)
17	627	149	ㆍ
17	627	193	리뷰 (4)
17	701	36	말차 오트 빙수(우유)
17	755	36	13,500원
17	813	36	오트 그래놀라의 바삭한 식감과 고소한 풍미, 진한 말차의 조합으로 처음부터 끝까지 맛있게 즐기는 빙수 총 카페인 함량 67mg. 어린이, 임산부, 카페인 민감자는 섭취에 주의해주시기 바랍니다.
17	891	72	품절임박
17	891	166	잔여 2개
17	941	63	100% (2개)
17	1015	36	와르르 베리베리빙수(우유)
17	1069	36	13,500원
17	1127	36	네가지 타입의 믹스베리 토핑물을 우유 얼음위에 가득 올려 와르르 쏟아질 것만 같은 풍성함이 느껴지는 빙수
17	1205	72	품절임박
17	1205	166	잔여 5개
17	1315	42	SLOW TLJ
17	1394	36	후르츠 호밀 사워도우
17	1441	121	지금 와우 가입하면 배달비 0원 + 25,000원 쿠폰
17	1448	36	6,300원
17	1458	781	가입하기
17	1506	36	은은한 산미가 매력적인 발아 호밀이 들어간 사워도우에 대추야자, 건자두, 건포도를 더해 쫀득하고 달콤하게 즐기는 식사빵
17	1556	24	배달비 0원 + 1,000원 즉시할인
17	1584	72	품절임박
17	1584	166	잔여 2개
18	0	0	100% (4개)
18	0	0	ㆍ
18	0	0	고단백현미식빵
18	0	0	리뷰 (1)
18	0	0	탕종법을 사용하여 촉촉하고 쫄깃한 기지에현미와 호두, 아몬드, 호박씨, 해바라기씨 등의 견과류를 함유하여더 고소하게 즐기기 좋은 고단백 식빵
18	21	36	말차 오트 빙수(우유)
18	66	155	뚜레쥬르 구수동점 내 메뉴를 찾아보세요
18	133	36	오트 그래놀라의 바삭한 식감과 고소한 풍미, 진한 말차의 조합으로 처음부터 끝까지 맛있게 즐기는 빙수 총 카페인 함량 67mg. 어린이, 임산부, 카페인 민감자는 섭취에 주의해주시기 바랍니다.
18	151	114	빙수
18	151	389	세트
18	151	493	샌드위치/샐러드
18	151	717	식사빵(빵&잼)
18	155	218	SLOW TLJ
18	182	51	4 / 6
18	211	72	품절임박
18	211	166	잔여 2개
18	248	335	뚜레쥬르 구수동점
18	261	63	100% (2개)
18	298	404	4.8(1,543)
18	335	36	와르르 베리베리빙수(우유)
18	389	36	13,500원
18	447	36	네가지 타입의 믹스베리 토핑물을 우유 얼음위에 가득 올려 와르르 쏟아질 것만 같은 풍성함이 느껴지는 빙수
18	525	72	품절임박
18	525	166	잔여 5개
18	635	42	SLOW TLJ
18	714	36	후르츠 호밀 사워도우
18	768	36	6,300원
18	826	36	은은한 산미가 매력적인 발아 호밀이 들어간 사워도우에 대추야자, 건자두, 건포도를 더해 쫀득하고 달콤하게 즐기는 식사빵
18	904	72	품절임박
18	904	166	잔여 2개
18	954	63	100% (2개)
18	954	149	ㆍ
18	954	193	리뷰 (2)
18	1028	36	쫀득 쑥 단팥빵
18	1082	36	2,900원
18	1140	36	향긋한 쑥 풍미를 가득 담은 쫀득한 빵 안에 견과류가 듬뿍 들어간 무설탕 팥앙금으로 부담 없이 즐기는 단팥빵
18	1218	72	품절임박
18	1218	166	잔여 4개
18	1268	63	100% (2개)
18	1268	149	ㆍ
18	1268	193	리뷰 (1)
18	1342	36	고식이섬유&저당 곡물식빵
18	1396	36	5,300원
18	1441	121	지금 와우 가입하면 배달비 0원 + 25,000원 쿠폰
18	1454	36	식이섬유가 풍부한 고대곡물 호라산밀과 밀기울로 만들어 건강함 UP, 촉촉한 식감과 고소한 풍미가 매력적인 곡물식빵
18	1458	781	가입하기
18	1532	63	100% (1개)
18	1532	149	ㆍ
18	1532	193	리뷰 (2)
18	1556	24	배달비 0원 + 1,000원 즉시할인
19	26	36	후르츠 호밀 사워도우
19	66	155	뚜레쥬르 구수동점 내 메뉴를 찾아보세요
19	138	36	은은한 산미가 매력적인 발아 호밀이 들어간 사워도우에 대추야자, 건자두, 건포도를 더해 쫀득하고 달콤하게 즐기는 식사빵
19	151	287	세트
19	151	391	샌드위치/샐러드
19	151	615	식사빵(빵&잼)
19	151	816	크림빵(연유/초코/생크림)
19	155	114	SLOW TLJ
19	182	51	5 / 6
19	216	72	품절임박
19	216	166	잔여 2개
19	248	335	뚜레쥬르 구수동점
19	266	63	100% (2개)
19	266	149	ㆍ
19	266	193	리뷰 (2)
19	298	404	4.8(1,543)
19	340	36	쫀득 쑥 단팥빵
19	394	36	2,900원
19	452	36	향긋한 쑥 풍미를 가득 담은 쫀득한 빵 안에 견과류가 듬뿍 들어간 무설탕 팥앙금으로 부담 없이 즐기는 단팥빵
19	530	72	품절임박
19	530	166	잔여 4개
19	580	63	100% (2개)
19	580	149	ㆍ
19	580	193	리뷰 (1)
19	654	36	고식이섬유&저당 곡물식빵
19	708	36	5,300원
19	766	36	식이섬유가 풍부한 고대곡물 호라산밀과 밀기울로 만들어 건강함 UP, 촉촉한 식감과 고소한 풍미가 매력적인 곡물식빵
19	844	63	100% (1개)
19	844	149	ㆍ
19	844	193	리뷰 (2)
19	918	36	고단백현미식빵
19	972	36	3,900원
19	1030	36	탕종법을 사용하여 촉촉하고 쫄깃한 기지에현미와 호두, 아몬드, 호박씨, 해바라기씨 등의 견과류를 함유하여더 고소하게 즐기기 좋은 고단백 식빵
19	1108	72	품절임박
19	1108	166	잔여 5개
19	1158	63	100% (4개)
19	1158	149	ㆍ
19	1158	193	리뷰 (1)
19	1262	42	세트
19	1344	36	아이스아메리카노+ B.E.L.T 샌드위치
19	1398	36	10,100원
19	1441	121	지금 와우 가입하면 배달비 0원 + 25,000원 쿠폰
19	1456	36	스페셜 고급원두로  커피 본연의 맛과 향을 살린 시원한 아메리카노와 뚜레쥬르에서 가장있기있는 샌드위치로, 한끼식사로 충분한 1인세트
19	1458	781	가입하기
19	1534	72	품절임박
19	1534	166	잔여 2개
19	1556	24	배달비 0원 + 1,000원 즉시할인
19	1584	63	100% (1개)
20	0	36	고식이섬유&저당 곡물식빵
20	66	155	뚜레쥬르 구수동점 내 메뉴를 찾아보세요
20	76	36	식이섬유가 풍부한 고대곡물 호라산밀과 밀기울로 만들어 건강함 UP, 촉촉한 식감과 고소한 풍미가 매력적인 곡물식빵
20	151	287	세트
20	151	391	샌드위치/샐러드
20	151	615	식사빵(빵&잼)
20	151	816	크림빵(연유/초코/생크림)
20	154	63	100% (1개)
20	154	149	ㆍ
20	154	193	리뷰 (2)
20	155	114	SLOW TLJ
20	182	51	6 / 6
20	228	36	고단백현미식빵
20	248	335	뚜레쥬르 구수동점
20	282	36	3,900원
20	298	404	4.8(1,543)
20	340	36	탕종법을 사용하여 촉촉하고 쫄깃한 기지에현미와 호두, 아몬드, 호박씨, 해바라기씨 등의 견과류를 함유하여더 고소하게 즐기기 좋은 고단백 식빵
20	418	72	품절임박
20	418	166	잔여 5개
20	468	63	100% (4개)
20	468	149	ㆍ
20	468	193	리뷰 (1)
20	572	42	세트
20	654	36	아이스아메리카노+ B.E.L.T 샌드위치
20	708	36	10,100원
20	766	36	스페셜 고급원두로  커피 본연의 맛과 향을 살린 시원한 아메리카노와 뚜레쥬르에서 가장있기있는 샌드위치로, 한끼식사로 충분한 1인세트
20	844	72	품절임박
20	844	166	잔여 2개
20	894	63	100% (1개)
20	968	36	아이스아메리카노+리얼브라우니
20	1022	36	6,800원
20	1080	36	스페셜 고급원두로 커피 본연의 맛과 향을 살린 시원한 아메리카노와 달콤한 리얼브라우니로 행복한 시간을 보낼수있는 디저트 세트
20	1158	72	품절임박
20	1158	166	잔여 5개
20	1268	42	샌드위치/샐러드
20	1350	36	BELT샌드위치
20	1404	36	7,500원
20	1441	121	지금 와우 가입하면 배달비 0원 + 25,000원 쿠폰
20	1458	781	가입하기
20	1462	36	부드러운 우유식빵에 베이컨,에그,양상추,토마토가 들어간 후레쉬 샌드위치
20	1510	72	품절임박
20	1510	166	잔여 2개
20	1556	24	배달비 0원 + 1,000원 즉시할인
20	1560	63	90% (10개)
20	1560	149	ㆍ
20	1560	193	리뷰 (1)
21	0	0	100% (6개)
21	0	0	ㆍ
21	0	0	더 건강한 햄과 치즈, 야채가 어우러진 담백한 통밀빵 샌드위치
21	0	0	리뷰 (2)
21	0	36	아이스아메리카노+ B.E.L.T 샌드위치
21	66	155	뚜레쥬르 구수동점 내 메뉴를 찾아보세요
21	78	36	스페셜 고급원두로  커피 본연의 맛과 향을 살린 시원한 아메리카노와 뚜레쥬르에서 가장있기있는 샌드위치로, 한끼식사로 충분한 1인세트
21	151	114	세트
21	151	218	샌드위치/샐러드
21	151	442	식사빵(빵&잼)
21	151	643	크림빵(연유/초코/생크림)
21	156	72	품절임박
21	156	166	잔여 2개
21	182	51	1 / 6
21	206	63	100% (1개)
21	248	335	뚜레쥬르 구수동점
21	280	36	아이스아메리카노+리얼브라우니
21	298	404	4.8(1,543)
21	334	36	6,800원
21	392	36	스페셜 고급원두로 커피 본연의 맛과 향을 살린 시원한 아메리카노와 달콤한 리얼브라우니로 행복한 시간을 보낼수있는 디저트 세트
21	470	72	품절임박
21	470	166	잔여 5개
21	580	42	샌드위치/샐러드
21	662	36	BELT샌드위치
21	716	36	7,500원
21	774	36	부드러운 우유식빵에 베이컨,에그,양상추,토마토가 들어간 후레쉬 샌드위치
21	822	72	품절임박
21	822	166	잔여 2개
21	872	63	90% (10개)
21	872	149	ㆍ
21	872	193	리뷰 (1)
21	946	36	바질치킨 곡물샌드위치
21	1000	36	8,200원
21	1058	36	고식이섬유 곡물식빵 속에 바질페스토 치킨과, 토마토, 야채를 더한 프레쉬 샌드위치
21	1136	72	품절임박
21	1136	166	잔여 1개
21	1186	63	100% (2개)
21	1260	36	새우오믈렛토스트
21	1314	36	4,700원
21	1372	36	마늘버터로 구워낸 바삭한 식빵에 부드러운 계란 오믈렛과새우가 어우러진 미니토스트
21	1441	121	지금 와우 가입하면 배달비 0원 + 25,000원 쿠폰
21	1450	72	품절임박
21	1450	166	잔여 1개
21	1458	781	가입하기
21	1500	63	리뷰 (2)
21	1556	24	배달비 0원 + 1,000원 즉시할인
21	1574	36	통밀후레쉬샌드위치
22	0	0	75% (4개)
22	0	0	ㆍ
22	0	0	리뷰 (1)
22	0	0	통밀을 넣어 고소 담백하고, 자체 개발 천연 발효종으로 풍미와 식감을 더한 식사빵 그냥 먹기에도 좋고 샌드위치 빵으로도 활용 가능한 건강빵 *푸드 업사이클링 재료인 밀기울이 완전히 분쇄되지 않아 씹힐 수 있으나, 이물이 아니오니 안심하시기 바랍니다. *컷팅여부는 점포별 다를수 있으니 문의부탁드립니다.
22	0	36	BELT샌드위치
22	66	155	뚜레쥬르 구수동점 내 메뉴를 찾아보세요
22	79	36	부드러운 우유식빵에 베이컨,에그,양상추,토마토가 들어간 후레쉬 샌드위치
22	132	72	품절임박
22	132	166	잔여 2개
22	151	114	샌드위치/샐러드
22	151	337	식사빵(빵&잼)
22	151	538	크림빵(연유/초코/생크림)
22	151	854	조리빵 (고로케/소시지)
22	177	63	90% (10개)
22	177	149	ㆍ
22	177	193	리뷰 (1)
22	182	51	2 / 6
22	248	335	뚜레쥬르 구수동점
22	251	36	바질치킨 곡물샌드위치
22	298	404	4.8(1,543)
22	305	36	8,200원
22	363	36	고식이섬유 곡물식빵 속에 바질페스토 치킨과, 토마토, 야채를 더한 프레쉬 샌드위치
22	441	72	품절임박
22	441	166	잔여 1개
22	491	63	100% (2개)
22	565	36	새우오믈렛토스트
22	619	36	4,700원
22	677	36	마늘버터로 구워낸 바삭한 식빵에 부드러운 계란 오믈렛과새우가 어우러진 미니토스트
22	755	72	품절임박
22	755	166	잔여 1개
22	805	63	리뷰 (2)
22	879	36	통밀후레쉬샌드위치
22	933	36	7,000원
22	991	36	더 건강한 햄과 치즈, 야채가 어우러진 담백한 통밀빵 샌드위치
22	1039	72	품절임박
22	1039	166	잔여 3개
22	1089	63	100% (6개)
22	1089	149	ㆍ
22	1089	193	리뷰 (2)
22	1193	42	식사빵(빵&잼)
22	1275	36	데일리우유식빵
22	1329	36	3,900원
22	1387	36	더 부드럽고 더 촉촉해진 신선한 우유맛 가득한 뚜레쥬르 프리미엄 우유식빵유통기한은 최적의 품질 유지기한이며, 판매가 허용되는 기한입니다.취식 가능기한은 보관방법에 따라 달라질 수 있습니다.
22	1441	121	지금 와우 가입하면 배달비 0원 + 25,000원 쿠폰
22	1458	781	가입하기
22	1465	63	100% (22개)
22	1465	159	ㆍ
22	1465	203	리뷰 (5)
22	1539	36	착한빵식 통밀빵
22	1556	24	배달비 0원 + 1,000원 즉시할인
22	1593	36	4,900원
23	0	0	86% (7개)
23	0	0	ㆍ
23	0	0	리뷰 (4)
23	0	0	새우오믈렛토스트
23	0	36	마늘버터로 구워낸 바삭한 식빵에 부드러운 계란 오믈렛과새우가 어우러진 미니토스트
23	66	155	뚜레쥬르 구수동점 내 메뉴를 찾아보세요
23	114	63	리뷰 (2)
23	151	114	샌드위치/샐러드
23	151	337	식사빵(빵&잼)
23	151	538	크림빵(연유/초코/생크림)
23	151	854	조리빵 (고로케/소시지)
23	182	51	3 / 6
23	188	36	통밀후레쉬샌드위치
23	242	36	7,000원
23	248	335	뚜레쥬르 구수동점
23	298	404	4.8(1,543)
23	300	36	더 건강한 햄과 치즈, 야채가 어우러진 담백한 통밀빵 샌드위치
23	348	72	품절임박
23	348	166	잔여 3개
23	398	63	100% (6개)
23	398	149	ㆍ
23	398	193	리뷰 (2)
23	502	42	식사빵(빵&잼)
23	584	36	데일리우유식빵
23	638	36	3,900원
23	696	36	더 부드럽고 더 촉촉해진 신선한 우유맛 가득한 뚜레쥬르 프리미엄 우유식빵유통기한은 최적의 품질 유지기한이며, 판매가 허용되는 기한입니다.취식 가능기한은 보관방법에 따라 달라질 수 있습니다.
23	774	63	100% (22개)
23	774	159	ㆍ
23	774	203	리뷰 (5)
23	848	36	착한빵식 통밀빵
23	902	36	4,900원
23	960	36	통밀을 넣어 고소 담백하고, 자체 개발 천연 발효종으로 풍미와 식감을 더한 식사빵 그냥 먹기에도 좋고 샌드위치 빵으로도 활용 가능한 건강빵 *푸드 업사이클링 재료인 밀기울이 완전히 분쇄되지 않아 씹힐 수 있으나, 이물이 아니오니 안심하시기 바랍니다. *컷팅여부는 점포별 다를수 있으니 문의부탁드립니다.
23	1038	72	품절임박
23	1038	166	잔여 2개
23	1088	63	75% (4개)
23	1088	139	ㆍ
23	1088	183	리뷰 (1)
23	1162	36	착한빵식 통밀식빵(산형)
23	1216	36	5,900원
23	1274	36	통밀을 넣어 고소 담백하고, 자체 개발 천연 발효종으로 풍미와 식감을 더한 식사빵 그냥 먹기에도 좋고 샌드위치 빵으로도 활용 가능한 건강빵 *푸드 업사이클링 재료인 밀기울이 완전히 분쇄되지 않아 씹힐 수 있으나, 이물이 아니오니 안심하시기 바랍니다. *컷팅여부는 점포별 다를수 있으니 문의부탁드립니다.
23	1352	72	품절임박
23	1352	166	잔여 2개
23	1402	63	100% (7개)
23	1402	149	ㆍ
23	1402	193	리뷰 (1)
23	1441	121	지금 와우 가입하면 배달비 0원 + 25,000원 쿠폰
23	1458	781	가입하기
23	1476	36	기본좋은 소버식빵
23	1530	36	4,800원
23	1556	24	배달비 0원 + 1,000원 즉시할인
23	1588	36	3개의 버터 홀로 깊어진 풍미와 소금의 짭조름한 맛을 더 바삭하고 더 쫄깃하게 즐길 수 있는 시그니처 식빵
24	0	0	100% (8개)
24	0	0	ㆍ
24	0	0	리뷰 (4)
24	66	155	뚜레쥬르 구수동점 내 메뉴를 찾아보세요
24	151	114	식사빵(빵&잼)
24	151	316	크림빵(연유/초코/생크림)
24	151	632	조리빵 (고로케/소시지)
24	155	36	착한빵식 통밀빵
24	182	51	4 / 6
24	209	36	4,900원
24	248	335	뚜레쥬르 구수동점
24	267	36	통밀을 넣어 고소 담백하고, 자체 개발 천연 발효종으로 풍미와 식감을 더한 식사빵 그냥 먹기에도 좋고 샌드위치 빵으로도 활용 가능한 건강빵 *푸드 업사이클링 재료인 밀기울이 완전히 분쇄되지 않아 씹힐 수 있으나, 이물이 아니오니 안심하시기 바랍니다. *컷팅여부는 점포별 다를수 있으니 문의부탁드립니다.
24	298	404	4.8(1,543)
24	345	72	품절임박
24	345	166	잔여 2개
24	395	63	75% (4개)
24	395	139	ㆍ
24	395	183	리뷰 (1)
24	469	36	착한빵식 통밀식빵(산형)
24	523	36	5,900원
24	581	36	통밀을 넣어 고소 담백하고, 자체 개발 천연 발효종으로 풍미와 식감을 더한 식사빵 그냥 먹기에도 좋고 샌드위치 빵으로도 활용 가능한 건강빵 *푸드 업사이클링 재료인 밀기울이 완전히 분쇄되지 않아 씹힐 수 있으나, 이물이 아니오니 안심하시기 바랍니다. *컷팅여부는 점포별 다를수 있으니 문의부탁드립니다.
24	659	72	품절임박
24	659	166	잔여 2개
24	709	63	100% (7개)
24	709	149	ㆍ
24	709	193	리뷰 (1)
24	783	36	기본좋은 소버식빵
24	837	36	4,800원
24	895	36	3개의 버터 홀로 깊어진 풍미와 소금의 짭조름한 맛을 더 바삭하고 더 쫄깃하게 즐길 수 있는 시그니처 식빵
24	973	72	품절임박
24	973	166	잔여 2개
24	1023	63	86% (7개)
24	1023	139	ㆍ
24	1023	183	리뷰 (4)
24	1097	36	콩팥 담뿍 브레드
24	1151	36	6,500원
24	1209	36	세 가지 콩과 팥, 고구마를 듬뿍! 맛있는 건강함을 담뿍 담고 깨를 더해 고소하고 달콤하게 즐기는 간식빵
24	1287	72	품절임박
24	1287	166	잔여 2개
24	1337	63	100% (5개)
24	1411	36	마구마구 밤식빵(소)
24	1441	121	지금 와우 가입하면 배달비 0원 + 25,000원 쿠폰
24	1458	781	가입하기
24	1465	36	4,300원
24	1523	36	부드럽고 촉촉한 반죽에 밤다이스와 밤페이스트가 듬뿍 들어가  밤 맛의 풍부함을 한층 업그레이드 한 제품
24	1556	24	배달비 0원 + 1,000원 즉시할인
25	66	155	뚜레쥬르 구수동점 내 메뉴를 찾아보세요
25	97	36	기본좋은 소버식빵
25	151	36	4,800원
25	151	114	식사빵(빵&잼)
25	151	316	크림빵(연유/초코/생크림)
25	151	632	조리빵 (고로케/소시지)
25	182	51	5 / 6
25	209	36	3개의 버터 홀로 깊어진 풍미와 소금의 짭조름한 맛을 더 바삭하고 더 쫄깃하게 즐길 수 있는 시그니처 식빵
25	248	335	뚜레쥬르 구수동점
25	287	72	품절임박
25	287	166	잔여 2개
25	298	404	4.8(1,543)
25	337	63	86% (7개)
25	337	139	ㆍ
25	337	183	리뷰 (4)
25	411	36	콩팥 담뿍 브레드
25	465	36	6,500원
25	523	36	세 가지 콩과 팥, 고구마를 듬뿍! 맛있는 건강함을 담뿍 담고 깨를 더해 고소하고 달콤하게 즐기는 간식빵
25	601	72	품절임박
25	601	166	잔여 2개
25	651	63	100% (5개)
25	725	36	마구마구 밤식빵(소)
25	779	36	4,300원
25	837	36	부드럽고 촉촉한 반죽에 밤다이스와 밤페이스트가 듬뿍 들어가  밤 맛의 풍부함을 한층 업그레이드 한 제품
25	915	72	품절임박
25	915	166	잔여 2개
25	965	63	100% (8개)
25	965	149	ㆍ
25	965	193	리뷰 (4)
25	1039	36	고메버터식빵
25	1093	36	6,000원
25	1151	36	브라운버터를 넣어 버터의 풍미를 올린 촉촉하고 부드러운 빵에 바삭하고 고소한 풍미의 패스트리가 만나 껍질까지 맛있게 먹을 수 있는 맛있는 식빵
25	1229	72	품절임박
25	1229	166	잔여 1개
25	1279	63	100% (4개)
25	1279	149	ㆍ
25	1279	193	리뷰 (3)
25	1353	36	TLJ 옥수수식빵
25	1407	36	5,700원
25	1441	121	지금 와우 가입하면 배달비 0원 + 25,000원 쿠폰
25	1458	781	가입하기
25	1465	36	촉촉하고 옥수수 맛이 풍부한 빵 속에 고소한 옥수수 알갱이가 톡톡 씹히는 식빵컷팅여부는 점포별 다를수 있으니 문의부탁드립니다.
25	1543	72	품절임박
25	1543	166	잔여 1개
25	1556	24	배달비 0원 + 1,000원 즉시할인
25	1593	63	100% (2개)
25	1593	149	ㆍ
25	1593	193	리뷰 (1)
26	0	0	국내산 딸기를 사용하여 신선한 딸기의 과육과 향을 그대로 살린 달콤상큼 뚜레쥬르 딸기잼
26	39	36	마구마구 밤식빵(소)
26	66	155	뚜레쥬르 구수동점 내 메뉴를 찾아보세요
26	132	36	4,300원
26	151	36	부드럽고 촉촉한 반죽에 밤다이스와 밤페이스트가 듬뿍 들어가  밤 맛의 풍부함을 한층 업그레이드 한 제품
26	151	114	식사빵(빵&잼)
26	151	316	크림빵(연유/초코/생크림)
26	151	632	조리빵 (고로케/소시지)
26	182	51	6 / 6
26	229	72	품절임박
26	229	166	잔여 2개
26	248	335	뚜레쥬르 구수동점
26	279	63	100% (8개)
26	279	149	ㆍ
26	279	193	리뷰 (4)
26	298	404	4.8(1,543)
26	353	36	고메버터식빵
26	407	36	6,000원
26	465	36	브라운버터를 넣어 버터의 풍미를 올린 촉촉하고 부드러운 빵에 바삭하고 고소한 풍미의 패스트리가 만나 껍질까지 맛있게 먹을 수 있는 맛있는 식빵
26	543	72	품절임박
26	543	166	잔여 1개
26	593	63	100% (4개)
26	593	149	ㆍ
26	593	193	리뷰 (3)
26	667	36	TLJ 옥수수식빵
26	721	36	5,700원
26	779	36	촉촉하고 옥수수 맛이 풍부한 빵 속에 고소한 옥수수 알갱이가 톡톡 씹히는 식빵컷팅여부는 점포별 다를수 있으니 문의부탁드립니다.
26	857	72	품절임박
26	857	166	잔여 1개
26	907	63	100% (2개)
26	907	149	ㆍ
26	907	193	리뷰 (1)
26	981	36	촉촉 쫄깃 탕종식빵
26	1035	36	5,700원
26	1093	36	탕종을 넣어 더욱 촉촉하고 쫄깃한 식감과 은은한 단맛이 어우러지는 담백 식빵
26	1171	72	품절임박
26	1171	166	잔여 1개
26	1221	63	100% (3개)
26	1221	149	ㆍ
26	1221	193	리뷰 (1)
26	1295	36	뚜레쥬르가 만든 딸기잼(400g)
26	1349	36	9,900원
26	1407	36	국내산 딸기를 사용하여 신선한 딸기의 과육과 향을 그대로 살린 달콤상큼 뚜레쥬르 딸기잼
26	1441	121	지금 와우 가입하면 배달비 0원 + 25,000원 쿠폰
26	1458	781	가입하기
26	1515	36	뚜레쥬르가 만든 딸기잼(320g)
26	1556	24	배달비 0원 + 1,000원 즉시할인
26	1569	36	8,500원
27	0	0	100% (1개)
27	0	0	ㆍ
27	0	0	국내산 쌀 탕종과 발효당을 더한 반죽에 올리브를 더해 감칠맛은 더 올리고 쫄깃한 식감을 살려 구워낸 쌀 베이글
27	0	0	리뷰 (1)
27	0	36	TLJ 옥수수식빵
27	66	155	뚜레쥬르 구수동점 내 메뉴를 찾아보세요
27	92	36	촉촉하고 옥수수 맛이 풍부한 빵 속에 고소한 옥수수 알갱이가 톡톡 씹히는 식빵컷팅여부는 점포별 다를수 있으니 문의부탁드립니다.
27	151	114	식사빵(빵&잼)
27	151	316	크림빵(연유/초코/생크림)
27	151	632	조리빵 (고로케/소시지)
27	170	72	품절임박
27	170	166	잔여 1개
27	182	51	1 / 6
27	220	63	100% (2개)
27	220	149	ㆍ
27	220	193	리뷰 (1)
27	248	335	뚜레쥬르 구수동점
27	294	36	촉촉 쫄깃 탕종식빵
27	298	404	4.8(1,543)
27	348	36	5,700원
27	406	36	탕종을 넣어 더욱 촉촉하고 쫄깃한 식감과 은은한 단맛이 어우러지는 담백 식빵
27	484	72	품절임박
27	484	166	잔여 1개
27	534	63	100% (3개)
27	534	149	ㆍ
27	534	193	리뷰 (1)
27	608	36	뚜레쥬르가 만든 딸기잼(400g)
27	662	36	9,900원
27	720	36	국내산 딸기를 사용하여 신선한 딸기의 과육과 향을 그대로 살린 달콤상큼 뚜레쥬르 딸기잼
27	828	36	뚜레쥬르가 만든 딸기잼(320g)
27	882	36	8,500원
27	940	36	국내산 딸기를 사용하여 신선한 딸기의 과육과 향을 그대로 살린 달콤상큼 뚜레쥬르 딸기잼
27	1048	36	뚜레쥬르가 만든 딸기잼(130g)
27	1102	36	4,800원
27	1160	36	국내산 딸기를 사용하여 신선한 딸기의 과육과 향을 그대로 살린 달콤상큼 뚜레쥬르 딸기잼
27	1238	63	100% (2개)
27	1312	36	뚜레쥬르가 만든 블루베리잼(320g)
27	1366	36	9,900원
27	1424	36	블루베리 과육이 그대로 알알이 씹히는 뚜레쥬르 블루베리잼
27	1441	121	지금 와우 가입하면 배달비 0원 + 25,000원 쿠폰
27	1458	781	가입하기
27	1472	63	100% (2개)
27	1546	36	기본좋은 올리브 베이글
27	1556	24	배달비 0원 + 1,000원 즉시할인
28	0	0	100% (2개)
28	0	0	쫄깃하고 담백한 맛의 플레인 베이글
28	66	155	뚜레쥬르 구수동점 내 메뉴를 찾아보세요
28	142	36	뚜레쥬르가 만든 딸기잼(320g)
28	151	114	식사빵(빵&잼)
28	151	316	크림빵(연유/초코/생크림)
28	151	632	조리빵 (고로케/소시지)
28	182	51	2 / 6
28	196	36	8,500원
28	248	335	뚜레쥬르 구수동점
28	254	36	국내산 딸기를 사용하여 신선한 딸기의 과육과 향을 그대로 살린 달콤상큼 뚜레쥬르 딸기잼
28	298	404	4.8(1,543)
28	362	36	뚜레쥬르가 만든 딸기잼(130g)
28	416	36	4,800원
28	474	36	국내산 딸기를 사용하여 신선한 딸기의 과육과 향을 그대로 살린 달콤상큼 뚜레쥬르 딸기잼
28	552	63	100% (2개)
28	626	36	뚜레쥬르가 만든 블루베리잼(320g)
28	680	36	9,900원
28	738	36	블루베리 과육이 그대로 알알이 씹히는 뚜레쥬르 블루베리잼
28	786	63	100% (2개)
28	860	36	기본좋은 올리브 베이글
28	914	36	3,300원
28	972	36	국내산 쌀 탕종과 발효당을 더한 반죽에 올리브를 더해 감칠맛은 더 올리고 쫄깃한 식감을 살려 구워낸 쌀 베이글
28	1050	72	품절임박
28	1050	166	잔여 2개
28	1100	63	100% (1개)
28	1100	149	ㆍ
28	1100	193	리뷰 (1)
28	1174	36	데일리 블루베리 베이글
28	1228	36	2,900원
28	1286	36	폭신하고 쫄깃한 기지에 새콤달콤한 블루베리가 콕콕 박혀있는 블루베리 베이글컷팅여부는 점포별 다를수 있으니 문의부탁드립니다.
28	1364	72	품절임박
28	1364	166	잔여 1개
28	1414	63	100% (3개)
28	1414	149	ㆍ
28	1414	193	리뷰 (2)
28	1441	121	지금 와우 가입하면 배달비 0원 + 25,000원 쿠폰
28	1458	781	가입하기
28	1488	36	데일리베이글
28	1542	36	2,800원
28	1556	24	배달비 0원 + 1,000원 즉시할인
29	0	0	뚜레쥬르가 만든 블루베리잼(320g)
29	55	36	블루베리 과육이 그대로 알알이 씹히는 뚜레쥬르 블루베리잼
29	66	155	뚜레쥬르 구수동점 내 메뉴를 찾아보세요
29	103	63	100% (2개)
29	151	114	식사빵(빵&잼)
29	151	316	크림빵(연유/초코/생크림)
29	151	632	조리빵 (고로케/소시지)
29	177	36	기본좋은 올리브 베이글
29	182	51	3 / 6
29	231	36	3,300원
29	248	335	뚜레쥬르 구수동점
29	289	36	국내산 쌀 탕종과 발효당을 더한 반죽에 올리브를 더해 감칠맛은 더 올리고 쫄깃한 식감을 살려 구워낸 쌀 베이글
29	298	404	4.8(1,543)
29	367	72	품절임박
29	367	166	잔여 2개
29	417	63	100% (1개)
29	417	149	ㆍ
29	417	193	리뷰 (1)
29	491	36	데일리 블루베리 베이글
29	545	36	2,900원
29	603	36	폭신하고 쫄깃한 기지에 새콤달콤한 블루베리가 콕콕 박혀있는 블루베리 베이글컷팅여부는 점포별 다를수 있으니 문의부탁드립니다.
29	681	72	품절임박
29	681	166	잔여 1개
29	731	63	100% (3개)
29	731	149	ㆍ
29	731	193	리뷰 (2)
29	805	36	데일리베이글
29	859	36	2,800원
29	917	36	쫄깃하고 담백한 맛의 플레인 베이글
29	965	72	품절임박
29	965	166	잔여 2개
29	1015	63	100% (2개)
29	1089	36	블루베리 크림치즈
29	1143	36	2,900원
29	1201	36	통 블루베리와 블루베리잼을 더한 크림치즈 스프레드
29	1249	72	품절임박
29	1249	166	잔여 2개
29	1299	63	100% (1개)
29	1299	149	ㆍ
29	1299	193	리뷰 (2)
29	1373	36	메이플피칸 크림치즈
29	1427	36	2,600원
29	1441	121	지금 와우 가입하면 배달비 0원 + 25,000원 쿠폰
29	1458	781	가입하기
29	1485	36	달콤한 메이플 시럽과 고소한 피칸이 들어간 크림치즈
29	1533	72	품절임박
29	1533	166	잔여 2개
29	1556	24	배달비 0원 + 1,000원 즉시할인
29	1583	63	100% (5개)
29	1583	149	ㆍ
29	1583	193	리뷰 (1)
30	66	155	뚜레쥬르 구수동점 내 메뉴를 찾아보세요
30	124	36	데일리베이글
30	151	114	식사빵(빵&잼)
30	151	316	크림빵(연유/초코/생크림)
30	151	632	조리빵 (고로케/소시지)
30	178	36	2,800원
30	182	51	4 / 6
30	236	36	쫄깃하고 담백한 맛의 플레인 베이글
30	248	335	뚜레쥬르 구수동점
30	284	72	품절임박
30	284	166	잔여 2개
30	298	404	4.8(1,543)
30	334	63	100% (2개)
30	408	36	블루베리 크림치즈
30	462	36	2,900원
30	520	36	통 블루베리와 블루베리잼을 더한 크림치즈 스프레드
30	568	72	품절임박
30	568	166	잔여 2개
30	618	63	100% (1개)
30	618	149	ㆍ
30	618	193	리뷰 (2)
30	692	36	메이플피칸 크림치즈
30	746	36	2,600원
30	804	36	달콤한 메이플 시럽과 고소한 피칸이 들어간 크림치즈
30	852	72	품절임박
30	852	166	잔여 2개
30	902	63	100% (5개)
30	902	149	ㆍ
30	902	193	리뷰 (1)
30	976	36	필라델피아크림치즈플레인
30	1030	36	7,200원
30	1088	36	빵에 발라먹는 부드럽고 담백한 고급 크림치즈
30	1136	72	품절임박
30	1136	166	잔여 1개
30	1246	42	크림빵(연유/초코/생크림)
30	1328	36	호두 연유 바게트
30	1382	36	4,900원
30	1440	36	바삭한 식감의 호두 바게트에 연유크림을 더해 달콤하게 즐기는 간식형 바게트
30	1441	121	지금 와우 가입하면 배달비 0원 + 25,000원 쿠폰
30	1458	781	가입하기
30	1518	72	품절임박
30	1518	166	잔여 3개
30	1556	24	배달비 0원 + 1,000원 즉시할인
30	1568	63	83% (6개)
30	1568	139	ㆍ
30	1568	183	리뷰 (3)
31	0	0	리뷰 (4)
31	0	0	우유 초죽을 넣어 촉촉하면서 부드러운 식감을 살리고 크림치즈 본연의 맛을 살린 간식빵
31	0	36	메이플피칸 크림치즈
31	66	155	뚜레쥬르 구수동점 내 메뉴를 찾아보세요
31	107	36	달콤한 메이플 시럽과 고소한 피칸이 들어간 크림치즈
31	151	114	식사빵(빵&잼)
31	151	316	크림빵(연유/초코/생크림)
31	151	632	조리빵 (고로케/소시지)
31	155	72	품절임박
31	155	166	잔여 2개
31	182	51	5 / 6
31	205	63	100% (5개)
31	205	149	ㆍ
31	205	193	리뷰 (1)
31	248	335	뚜레쥬르 구수동점
31	279	36	필라델피아크림치즈플레인
31	298	404	4.8(1,543)
31	333	36	7,200원
31	391	36	빵에 발라먹는 부드럽고 담백한 고급 크림치즈
31	439	72	품절임박
31	439	166	잔여 1개
31	549	42	크림빵(연유/초코/생크림)
31	631	36	호두 연유 바게트
31	685	36	4,900원
31	743	36	바삭한 식감의 호두 바게트에 연유크림을 더해 달콤하게 즐기는 간식형 바게트
31	821	72	품절임박
31	821	166	잔여 3개
31	871	63	83% (6개)
31	871	139	ㆍ
31	871	183	리뷰 (3)
31	945	36	마담 얼그레이 크림번
31	999	36	3,800원
31	1057	36	부드러운 생크림과 얼그레이 토핑을 더한 빵이 은은하게 어우러져 향긋한 홍차향을 느낄 수 있는 크림번
31	1135	72	품절임박
31	1135	166	잔여 1개
31	1185	63	89% (9개)
31	1185	139	ㆍ
31	1185	183	리뷰 (5)
31	1259	36	진한 우유 크림빵
31	1313	36	2,700원
31	1371	36	물 대신 우유로만 반죽한 빵에 우유크림을 넣어 더 진한 우유의 맛을 느낄 수 있는 제품
31	1441	121	지금 와우 가입하면 배달비 0원 + 25,000원 쿠폰
31	1449	72	품절임박
31	1449	166	잔여 2개
31	1458	781	가입하기
31	1499	63	100% (8개)
31	1499	149	ㆍ
31	1499	193	리뷰 (4)
31	1556	24	배달비 0원 + 1,000원 즉시할인
31	1573	36	진한 크림치즈빵
32	0	0	리뷰 (4)
32	0	0	부드럽고 풍부한 맛의 프리미엄 슈크림이 들어간 간식빵
32	0	0	호두 연유 바게트
32	56	36	바삭한 식감의 호두 바게트에 연유크림을 더해 달콤하게 즐기는 간식형 바게트
32	66	155	뚜레쥬르 구수동점 내 메뉴를 찾아보세요
32	134	72	품절임박
32	134	166	잔여 3개
32	151	114	크림빵(연유/초코/생크림)
32	151	428	조리빵 (고로케/소시지)
32	151	718	파이/패스트리
32	182	51	6 / 6
32	184	63	83% (6개)
32	184	139	ㆍ
32	184	183	리뷰 (3)
32	248	335	뚜레쥬르 구수동점
32	258	36	마담 얼그레이 크림번
32	298	404	4.8(1,543)
32	312	36	3,800원
32	370	36	부드러운 생크림과 얼그레이 토핑을 더한 빵이 은은하게 어우러져 향긋한 홍차향을 느낄 수 있는 크림번
32	448	72	품절임박
32	448	166	잔여 1개
32	498	63	89% (9개)
32	498	139	ㆍ
32	498	183	리뷰 (5)
32	572	36	진한 우유 크림빵
32	626	36	2,700원
32	684	36	물 대신 우유로만 반죽한 빵에 우유크림을 넣어 더 진한 우유의 맛을 느낄 수 있는 제품
32	762	72	품절임박
32	762	166	잔여 2개
32	812	63	100% (8개)
32	812	149	ㆍ
32	812	193	리뷰 (4)
32	886	36	진한 크림치즈빵
32	940	36	2,900원
32	998	36	우유 초죽을 넣어 촉촉하면서 부드러운 식감을 살리고 크림치즈 본연의 맛을 살린 간식빵
32	1076	72	품절임박
32	1076	166	잔여 3개
32	1126	63	리뷰 (4)
32	1200	36	빵 속에 리얼 초코
32	1254	36	2,900원
32	1312	36	달콤하고 진한 초코 가나슈가 부드러운 빵 속에 가득 채워져 간식으로 즐기기 좋은 제품
32	1390	72	품절임박
32	1390	166	잔여 2개
32	1440	63	리뷰 (4)
32	1441	121	지금 와우 가입하면 배달비 0원 + 25,000원 쿠폰
32	1458	781	가입하기
32	1514	36	슈크림빵
32	1556	24	배달비 0원 + 1,000원 즉시할인
32	1568	36	2,100원
33	0	0	리뷰 (4)
33	0	0	진한 우유 크림빵
33	0	36	물 대신 우유로만 반죽한 빵에 우유크림을 넣어 더 진한 우유의 맛을 느낄 수 있는 제품
33	66	155	뚜레쥬르 구수동점 내 메뉴를 찾아보세요
33	123	63	100% (8개)
33	123	149	ㆍ
33	123	193	리뷰 (4)
33	151	114	크림빵(연유/초코/생크림)
33	151	428	조리빵 (고로케/소시지)
33	151	718	파이/패스트리
33	182	51	1 / 6
33	197	36	진한 크림치즈빵
33	248	335	뚜레쥬르 구수동점
33	251	36	2,900원
33	298	404	4.8(1,543)
33	309	36	우유 초죽을 넣어 촉촉하면서 부드러운 식감을 살리고 크림치즈 본연의 맛을 살린 간식빵
33	387	72	품절임박
33	387	166	잔여 3개
33	437	63	리뷰 (4)
33	511	36	빵 속에 리얼 초코
33	565	36	2,900원
33	623	36	달콤하고 진한 초코 가나슈가 부드러운 빵 속에 가득 채워져 간식으로 즐기기 좋은 제품
33	701	72	품절임박
33	701	166	잔여 2개
33	751	63	리뷰 (4)
33	825	36	슈크림빵
33	879	36	2,100원
33	937	36	부드럽고 풍부한 맛의 프리미엄 슈크림이 들어간 간식빵
33	985	72	품절임박
33	985	166	잔여 1개
33	1035	63	리뷰 (4)
33	1109	36	후레쉬크림빵
33	1163	36	2,100원
33	1221	36	부드러운 빵속에 달콤한 연유 버터크림을 샌드하여 여성층의 인기가 높은 빵* 아몬드 토핑 여부는 점포별 상이할수 있습니다.
33	1299	72	품절임박
33	1299	166	잔여 2개
33	1349	63	리뷰 (2)
33	1423	36	부드러운후레쉬크림샌드빵
33	1441	121	지금 와우 가입하면 배달비 0원 + 25,000원 쿠폰
33	1458	781	가입하기
33	1477	36	6,700원
33	1535	36	달콤하고 부드러운 버터크림이 사이사이에 듬뿍 샌드된 부드러운 간식빵*크림속 검은 반점은 바닐라씨드임으로 안심하고 드시길 바랍니다.
33	1556	24	배달비 0원 + 1,000원 즉시할인
34	0	0	리뷰 (3)
34	66	155	뚜레쥬르 구수동점 내 메뉴를 찾아보세요
34	133	36	슈크림빵
34	151	114	크림빵(연유/초코/생크림)
34	151	428	조리빵 (고로케/소시지)
34	151	718	파이/패스트리
34	182	51	2 / 6
34	187	36	2,100원
34	245	36	부드럽고 풍부한 맛의 프리미엄 슈크림이 들어간 간식빵
34	248	335	뚜레쥬르 구수동점
34	293	72	품절임박
34	293	166	잔여 1개
34	298	404	4.8(1,543)
34	343	63	리뷰 (4)
34	417	36	후레쉬크림빵
34	471	36	2,100원
34	529	36	부드러운 빵속에 달콤한 연유 버터크림을 샌드하여 여성층의 인기가 높은 빵* 아몬드 토핑 여부는 점포별 상이할수 있습니다.
34	607	72	품절임박
34	607	166	잔여 2개
34	657	63	리뷰 (2)
34	731	36	부드러운후레쉬크림샌드빵
34	785	36	6,700원
34	843	36	달콤하고 부드러운 버터크림이 사이사이에 듬뿍 샌드된 부드러운 간식빵*크림속 검은 반점은 바닐라씨드임으로 안심하고 드시길 바랍니다.
34	921	72	품절임박
34	921	166	잔여 2개
34	971	63	리뷰 (4)
34	1075	42	조리빵 (고로케/소시지)
34	1157	36	바삭 몬테크리스토 (1/2)
34	1211	36	3,700원
34	1269	36	깊은 풍미의 수제 딸기잼과 햄, 치즈를 단짠단짠하게 넣고 바삭하게 튀겨낸 간식형 토스트
34	1347	72	품절임박
34	1347	166	잔여 3개
34	1427	36	NEW고소한후랑크소시지
34	1441	121	지금 와우 가입하면 배달비 0원 + 25,000원 쿠폰
34	1458	781	가입하기
34	1481	36	3,600원
34	1539	36	더욱 커지고 업그레이드 된 후랑크 소시지가 통으로 들어간 고소하고 짭조롬한 간식빵
34	1556	24	배달비 0원 + 1,000원 즉시할인
35	50	36	부드러운후레쉬크림샌드빵
35	66	155	뚜레쥬르 구수동점 내 메뉴를 찾아보세요
35	132	36	6,700원
35	151	114	크림빵(연유/초코/생크림)
35	151	428	조리빵 (고로케/소시지)
35	151	718	파이/패스트리
35	162	36	달콤하고 부드러운 버터크림이 사이사이에 듬뿍 샌드된 부드러운 간식빵*크림속 검은 반점은 바닐라씨드임으로 안심하고 드시길 바랍니다.
35	182	51	3 / 6
35	240	72	품절임박
35	240	166	잔여 2개
35	248	335	뚜레쥬르 구수동점
35	290	63	리뷰 (4)
35	298	404	4.8(1,543)
35	394	42	조리빵 (고로케/소시지)
35	476	36	바삭 몬테크리스토 (1/2)
35	530	36	3,700원
35	588	36	깊은 풍미의 수제 딸기잼과 햄, 치즈를 단짠단짠하게 넣고 바삭하게 튀겨낸 간식형 토스트
35	666	72	품절임박
35	666	166	잔여 3개
35	746	36	NEW고소한후랑크소시지
35	800	36	3,600원
35	858	36	더욱 커지고 업그레이드 된 후랑크 소시지가 통으로 들어간 고소하고 짭조롬한 간식빵
35	936	72	품절임박
35	936	166	잔여 1개
35	986	63	리뷰 (3)
35	1060	36	크로크무슈
35	1114	36	3,300원
35	1172	36	슬라이스치즈와 햄을 넣어 살짝 구운 토스트
35	1220	72	품절임박
35	1220	166	잔여 3개
35	1309	36	피자토스트
35	1357	36	2,900원
35	1415	36	맛있는 피자토핑을 올린 피자토스트
35	1441	121	지금 와우 가입하면 배달비 0원 + 25,000원 쿠폰
35	1458	781	가입하기
35	1463	72	품절임박
35	1463	166	잔여 2개
35	1513	63	리뷰 (1)
35	1556	24	배달비 0원 + 1,000원 즉시할인
36	0	0	겹겹이결이살아있는데니쉬에달콤한연유크림을듬뿍샌드한간식용빵
36	0	0	리뷰 (4)
36	62	36	NEW고소한후랑크소시지
36	66	155	뚜레쥬르 구수동점 내 메뉴를 찾아보세요
36	132	36	3,600원
36	151	114	조리빵 (고로케/소시지)
36	151	403	파이/패스트리
36	151	605	간식빵(단팥/도넛/기타)
36	174	36	더욱 커지고 업그레이드 된 후랑크 소시지가 통으로 들어간 고소하고 짭조롬한 간식빵
36	182	51	4 / 6
36	248	335	뚜레쥬르 구수동점
36	252	72	품절임박
36	252	166	잔여 1개
36	298	404	4.8(1,543)
36	302	63	리뷰 (3)
36	376	36	크로크무슈
36	430	36	3,300원
36	488	36	슬라이스치즈와 햄을 넣어 살짝 구운 토스트
36	536	72	품절임박
36	536	166	잔여 3개
36	625	36	피자토스트
36	673	36	2,900원
36	731	36	맛있는 피자토핑을 올린 피자토스트
36	779	72	품절임박
36	779	166	잔여 2개
36	829	63	리뷰 (1)
36	933	42	파이/패스트리
36	1015	36	한 장씩 뜯어먹는 32겹 브레드
36	1069	36	6,500원
36	1127	36	프랑스산 버터가 겹겹이 녹아 퍼지는 풍미! 티슈처럼 한 장, 한 장 뜯어지는 재미를 더한 달콤한 패스트리
36	1205	72	품절임박
36	1205	166	잔여 3개
36	1255	63	리뷰 (7)
36	1329	36	겹겹이 에그타르트
36	1383	36	4,300원
36	1441	36	한 겹 한 겹 바삭한 패스트리에 달콤한 커스터드 크림을 가득 채운 에그타르트
36	1441	121	지금 와우 가입하면 배달비 0원 + 25,000원 쿠폰
36	1458	781	가입하기
36	1519	72	품절임박
36	1519	166	잔여 1개
36	1556	24	배달비 0원 + 1,000원 즉시할인
36	1599	36	겹겹이 연유크림 데니쉬
37	0	0	리뷰 (1)
37	0	0	프랑스 버터를 사용하여, 풍미가 진한 바삭한 패스트리에 달콤한 설탕을 토핑 하여 구워낸 스틱형 패스트리
37	0	0	피자토스트
37	44	36	맛있는 피자토핑을 올린 피자토스트
37	66	155	뚜레쥬르 구수동점 내 메뉴를 찾아보세요
37	142	63	리뷰 (1)
37	151	114	조리빵 (고로케/소시지)
37	151	403	파이/패스트리
37	151	605	간식빵(단팥/도넛/기타)
37	182	51	5 / 6
37	246	42	파이/패스트리
37	248	335	뚜레쥬르 구수동점
37	298	404	4.8(1,543)
37	328	36	한 장씩 뜯어먹는 32겹 브레드
37	382	36	6,500원
37	440	36	프랑스산 버터가 겹겹이 녹아 퍼지는 풍미! 티슈처럼 한 장, 한 장 뜯어지는 재미를 더한 달콤한 패스트리
37	518	72	품절임박
37	518	166	잔여 3개
37	568	63	리뷰 (7)
37	642	36	겹겹이 에그타르트
37	696	36	4,300원
37	754	36	한 겹 한 겹 바삭한 패스트리에 달콤한 커스터드 크림을 가득 채운 에그타르트
37	832	72	품절임박
37	832	166	잔여 1개
37	912	36	겹겹이 연유크림 데니쉬
37	966	36	4,900원
37	1024	36	겹겹이결이살아있는데니쉬에달콤한연유크림을듬뿍샌드한간식용빵
37	1072	72	품절임박
37	1072	166	잔여 4개
37	1122	63	리뷰 (4)
37	1196	36	시나몬 데니쉬 롤
37	1250	36	4,300원
37	1308	36	부드러운 데니쉬와 시나몬 페이스트, 크림치즈 프로스팅이 어우러져 풍미 가득한 간식빵
37	1386	72	품절임박
37	1386	166	잔여 1개
37	1436	63	리뷰 (3)
37	1441	121	지금 와우 가입하면 배달비 0원 + 25,000원 쿠폰
37	1458	781	가입하기
37	1510	36	바통쉬크레 (5개)
37	1556	24	배달비 0원 + 1,000원 즉시할인
37	1564	36	4,200원
38	0	0	겹겹이 에그타르트
38	0	0	리뷰 (11)
38	61	36	한 겹 한 겹 바삭한 패스트리에 달콤한 커스터드 크림을 가득 채운 에그타르트
38	66	155	뚜레쥬르 구수동점 내 메뉴를 찾아보세요
38	139	72	품절임박
38	139	166	잔여 1개
38	151	114	파이/패스트리
38	151	315	간식빵(단팥/도넛/기타)
38	151	609	커피/음료
38	151	767	우유/병음료
38	182	51	6 / 6
38	219	36	겹겹이 연유크림 데니쉬
38	248	335	뚜레쥬르 구수동점
38	273	36	4,900원
38	298	404	4.8(1,543)
38	331	36	겹겹이결이살아있는데니쉬에달콤한연유크림을듬뿍샌드한간식용빵
38	379	72	품절임박
38	379	166	잔여 4개
38	429	63	리뷰 (4)
38	503	36	시나몬 데니쉬 롤
38	557	36	4,300원
38	615	36	부드러운 데니쉬와 시나몬 페이스트, 크림치즈 프로스팅이 어우러져 풍미 가득한 간식빵
38	693	72	품절임박
38	693	166	잔여 1개
38	743	63	리뷰 (3)
38	817	36	바통쉬크레 (5개)
38	871	36	4,200원
38	929	36	프랑스 버터를 사용하여, 풍미가 진한 바삭한 패스트리에 달콤한 설탕을 토핑 하여 구워낸 스틱형 패스트리
38	1007	72	품절임박
38	1007	166	잔여 1개
38	1057	63	리뷰 (1)
38	1131	36	오리지널 크라상
38	1185	36	2,800원
38	1243	36	버터가 듬뿍 들어가 고소한 풍미가 뛰어나고 한겹 한겹 정성으로 접어 만들어 패스트리의 결이 살아있는 오리지널 크라상
38	1321	72	품절임박
38	1321	166	잔여 4개
38	1371	63	리뷰 (3)
38	1441	121	지금 와우 가입하면 배달비 0원 + 25,000원 쿠폰
38	1445	36	새콤달콤유자파이
38	1458	781	가입하기
38	1499	36	3,400원
38	1556	24	배달비 0원 + 1,000원 즉시할인
38	1557	36	바삭바삭한 파이 안에 유자크림이 들어가 더욱 상큼한 패스트리
39	66	155	뚜레쥬르 구수동점 내 메뉴를 찾아보세요
39	131	36	바통쉬크레 (5개)
39	151	114	파이/패스트리
39	151	315	간식빵(단팥/도넛/기타)
39	151	609	커피/음료
39	151	767	우유/병음료
39	182	51	1 / 6
39	185	36	4,200원
39	243	36	프랑스 버터를 사용하여, 풍미가 진한 바삭한 패스트리에 달콤한 설탕을 토핑 하여 구워낸 스틱형 패스트리
39	248	335	뚜레쥬르 구수동점
39	298	404	4.8(1,543)
39	321	72	품절임박
39	321	166	잔여 1개
39	371	63	리뷰 (1)
39	445	36	오리지널 크라상
39	499	36	2,800원
39	557	36	버터가 듬뿍 들어가 고소한 풍미가 뛰어나고 한겹 한겹 정성으로 접어 만들어 패스트리의 결이 살아있는 오리지널 크라상
39	635	72	품절임박
39	635	166	잔여 4개
39	685	63	리뷰 (3)
39	759	36	새콤달콤유자파이
39	813	36	3,400원
39	871	36	바삭바삭한 파이 안에 유자크림이 들어가 더욱 상큼한 패스트리
39	919	72	품절임박
39	919	166	잔여 1개
39	969	63	리뷰 (11)
39	1073	42	간식빵(단팥/도넛/기타)
39	1155	36	소금버터롤
39	1209	36	2,800원
39	1267	36	프랑스산 발표 버터의 고소함과 소금의 건강한 찐맛의 조화에 술술 들어가는 식사빵
39	1345	72	품절임박
39	1345	166	잔여 1개
39	1395	63	리뷰 (13)
39	1441	121	지금 와우 가입하면 배달비 0원 + 25,000원 쿠폰
39	1458	781	가입하기
39	1469	36	에그마요 소금버터롤
39	1523	36	4,500원
39	1556	24	배달비 0원 + 1,000원 즉시할인
39	1581	36	고소한 에그마요 필링에 체다치즈로 짭조름함을 더한 소금버터롤 샌드
40	66	155	뚜레쥬르 구수동점 내 메뉴를 찾아보세요
40	69	36	새콤달콤유자파이
40	132	36	3,400원
40	151	114	파이/패스트리
40	151	315	간식빵(단팥/도넛/기타)
40	151	609	커피/음료
40	151	767	우유/병음료
40	181	36	바삭바삭한 파이 안에 유자크림이 들어가 더욱 상큼한 패스트리
40	182	51	2 / 6
40	229	72	품절임박
40	229	166	잔여 1개
40	248	335	뚜레쥬르 구수동점
40	279	63	리뷰 (11)
40	298	404	4.8(1,543)
40	383	42	간식빵(단팥/도넛/기타)
40	465	36	소금버터롤
40	519	36	2,800원
40	577	36	프랑스산 발표 버터의 고소함과 소금의 건강한 찐맛의 조화에 술술 들어가는 식사빵
40	655	72	품절임박
40	655	166	잔여 1개
40	705	63	리뷰 (13)
40	779	36	에그마요 소금버터롤
40	833	36	4,500원
40	891	36	고소한 에그마요 필링에 체다치즈로 짭조름함을 더한 소금버터롤 샌드
40	939	72	품절임박
40	939	166	잔여 1개
40	1019	36	바삭 마늘빵(5개입)
40	1073	36	3,200원
40	1131	36	마늘의 향긋함과 버터의 고소한 맛을 그대로 담은 바삭한 식감의 마늘 바게트
40	1209	72	품절임박
40	1209	166	잔여 4개
40	1259	63	리뷰 (5)
40	1333	36	더 진해진 마늘 퐁당 바게트
40	1387	36	5,200원
40	1441	121	지금 와우 가입하면 배달비 0원 + 25,000원 쿠폰
40	1445	36	마늘 소스를 듬뿍 더해 마늘 본연의 풍미에 퐁당! 겉은 바삭, 속은 꾸덕하고 촉촉해 더욱 진하고 맛있는 마늘 바게트
40	1458	781	가입하기
40	1523	72	품절임박
40	1523	166	잔여 2개
40	1556	24	배달비 0원 + 1,000원 즉시할인
40	1573	63	리뷰 (1)
41	0	0	담백한 라우겐 속에 달콤한 통팥 앙금과 AOP 레스큐어 버터가 샌드된 제품
41	0	0	리뷰 (1)
41	66	155	뚜레쥬르 구수동점 내 메뉴를 찾아보세요
41	93	36	에그마요 소금버터롤
41	147	36	4,500원
41	151	114	간식빵(단팥/도넛/기타)
41	151	406	커피/음료
41	151	564	우유/병음료
41	151	744	디저트
41	151	870	롤케이크/카스텔라/쿠키세트
41	182	51	3 / 6
41	205	36	고소한 에그마요 필링에 체다치즈로 짭조름함을 더한 소금버터롤 샌드
41	248	335	뚜레쥬르 구수동점
41	253	72	품절임박
41	253	166	잔여 1개
41	298	404	4.8(1,543)
41	333	36	바삭 마늘빵(5개입)
41	387	36	3,200원
41	445	36	마늘의 향긋함과 버터의 고소한 맛을 그대로 담은 바삭한 식감의 마늘 바게트
41	523	72	품절임박
41	523	166	잔여 4개
41	573	63	리뷰 (5)
41	647	36	더 진해진 마늘 퐁당 바게트
41	701	36	5,200원
41	759	36	마늘 소스를 듬뿍 더해 마늘 본연의 풍미에 퐁당! 겉은 바삭, 속은 꾸덕하고 촉촉해 더욱 진하고 맛있는 마늘 바게트
41	837	72	품절임박
41	837	166	잔여 2개
41	887	63	리뷰 (1)
41	961	36	프랑스 바게트
41	1015	36	4,900원
41	1073	36	프랑스산 밀가루가 들어가 겉은 더 바삭하고 속은 더 촉촉한, 구수한 맛의 정통 바게트
41	1151	72	품절임박
41	1151	166	잔여 1개
41	1201	63	리뷰 (2)
41	1275	36	연유버터라우겐
41	1329	36	4,800원
41	1387	36	담백한 라우겐 빵 속에 달콤한 연유와 AOP 레스큐어 버터가 샌드된 트렌드 인기제품
41	1441	121	지금 와우 가입하면 배달비 0원 + 25,000원 쿠폰
41	1458	781	가입하기
41	1465	72	품절임박
41	1465	166	잔여 1개
41	1515	63	리뷰 (3)
41	1556	24	배달비 0원 + 1,000원 즉시할인
41	1589	36	앙버터라우겐
42	0	0	더 진해진 마늘 퐁당 바게트
42	0	0	리뷰 (3)
42	66	155	뚜레쥬르 구수동점 내 메뉴를 찾아보세요
42	70	36	마늘 소스를 듬뿍 더해 마늘 본연의 풍미에 퐁당! 겉은 바삭, 속은 꾸덕하고 촉촉해 더욱 진하고 맛있는 마늘 바게트
42	148	72	품절임박
42	148	166	잔여 2개
42	151	114	간식빵(단팥/도넛/기타)
42	151	406	커피/음료
42	151	564	우유/병음료
42	151	744	디저트
42	151	870	롤케이크/카스텔라/쿠키세트
42	182	51	4 / 6
42	198	63	리뷰 (1)
42	248	335	뚜레쥬르 구수동점
42	272	36	프랑스 바게트
42	298	404	4.8(1,543)
42	326	36	4,900원
42	384	36	프랑스산 밀가루가 들어가 겉은 더 바삭하고 속은 더 촉촉한, 구수한 맛의 정통 바게트
42	462	72	품절임박
42	462	166	잔여 1개
42	512	63	리뷰 (2)
42	586	36	연유버터라우겐
42	640	36	4,800원
42	698	36	담백한 라우겐 빵 속에 달콤한 연유와 AOP 레스큐어 버터가 샌드된 트렌드 인기제품
42	776	72	품절임박
42	776	166	잔여 1개
42	826	63	리뷰 (3)
42	900	36	앙버터라우겐
42	954	36	4,900원
42	1012	36	담백한 라우겐 속에 달콤한 통팥 앙금과 AOP 레스큐어 버터가 샌드된 제품
42	1060	72	품절임박
42	1060	166	잔여 1개
42	1110	63	리뷰 (1)
42	1184	36	깨찰빵
42	1238	36	1,800원
42	1296	36	쫄깃한 타피오카전분과 고소한 검은깨 맛을 볼 수 있는 깨찰빵
42	1344	72	품절임박
42	1344	166	잔여 1개
42	1394	63	리뷰 (7)
42	1441	121	지금 와우 가입하면 배달비 0원 + 25,000원 쿠폰
42	1458	781	가입하기
42	1468	36	단팥빵
42	1522	36	2,100원
42	1556	24	배달비 0원 + 1,000원 즉시할인
42	1580	36	통팥앙금을 사용하여 누구나 좋아하는 빵
43	0	0	연유버터라우겐
43	9	36	담백한 라우겐 빵 속에 달콤한 연유와 AOP 레스큐어 버터가 샌드된 트렌드 인기제품
43	66	155	뚜레쥬르 구수동점 내 메뉴를 찾아보세요
43	137	63	리뷰 (3)
43	151	114	간식빵(단팥/도넛/기타)
43	151	406	커피/음료
43	151	564	우유/병음료
43	151	744	디저트
43	151	870	롤케이크/카스텔라/쿠키세트
43	182	51	5 / 6
43	211	36	앙버터라우겐
43	248	335	뚜레쥬르 구수동점
43	265	36	4,900원
43	298	404	4.8(1,543)
43	323	36	담백한 라우겐 속에 달콤한 통팥 앙금과 AOP 레스큐어 버터가 샌드된 제품
43	371	72	품절임박
43	371	166	잔여 1개
43	421	63	리뷰 (1)
43	495	36	깨찰빵
43	549	36	1,800원
43	607	36	쫄깃한 타피오카전분과 고소한 검은깨 맛을 볼 수 있는 깨찰빵
43	655	72	품절임박
43	655	166	잔여 1개
43	705	63	리뷰 (7)
43	779	36	단팥빵
43	833	36	2,100원
43	891	36	통팥앙금을 사용하여 누구나 좋아하는 빵
43	939	72	품절임박
43	939	166	잔여 1개
43	989	63	리뷰 (3)
43	1063	36	소보로빵
43	1117	36	2,100원
43	1175	36	고소한 땅콩과 소보로가 토핑된 간식빵
43	1223	72	품절임박
43	1223	166	잔여 4개
43	1273	63	리뷰 (3)
43	1347	36	오리지널 커피번
43	1401	36	3,300원
43	1441	121	지금 와우 가입하면 배달비 0원 + 25,000원 쿠폰
43	1458	781	가입하기
43	1459	36	진하고 깊은 커피향과 버터 커스터드 내용물을 더해 한층 업그레이드한 커피번
43	1537	72	품절임박
43	1537	166	잔여 2개
43	1556	24	배달비 0원 + 1,000원 즉시할인
43	1587	63	리뷰 (3)
44	0	0	곡물빵에 부드럽고 달콤하나 크림치즈를 넣은 간식빵
44	0	0	리뷰 (1)
44	66	155	뚜레쥬르 구수동점 내 메뉴를 찾아보세요
44	86	36	단팥빵
44	140	36	2,100원
44	151	114	간식빵(단팥/도넛/기타)
44	151	406	커피/음료
44	151	564	우유/병음료
44	151	744	디저트
44	151	870	롤케이크/카스텔라/쿠키세트
44	182	51	6 / 6
44	198	36	통팥앙금을 사용하여 누구나 좋아하는 빵
44	246	72	품절임박
44	246	166	잔여 1개
44	248	335	뚜레쥬르 구수동점
44	296	63	리뷰 (3)
44	298	404	4.8(1,543)
44	370	36	소보로빵
44	424	36	2,100원
44	482	36	고소한 땅콩과 소보로가 토핑된 간식빵
44	530	72	품절임박
44	530	166	잔여 4개
44	580	63	리뷰 (3)
44	654	36	오리지널 커피번
44	708	36	3,300원
44	766	36	진하고 깊은 커피향과 버터 커스터드 내용물을 더해 한층 업그레이드한 커피번
44	844	72	품절임박
44	844	166	잔여 2개
44	894	63	리뷰 (3)
44	968	36	단팥소보로빵
44	1022	36	3,200원
44	1080	36	고소한 소보로 빵 속에 달콤한 단팥 앙금이 들어간 제품
44	1128	72	품절임박
44	1128	166	잔여 2개
44	1178	63	리뷰 (5)
44	1252	36	완두앙금빵
44	1306	36	2,100원
44	1364	36	달콤하고 부드러운 완두앙금을 듬뿍 넣어, 남녀노소 좋아하는 간식빵
44	1412	72	품절임박
44	1412	166	잔여 4개
44	1441	121	지금 와우 가입하면 배달비 0원 + 25,000원 쿠폰
44	1458	781	가입하기
44	1462	63	리뷰 (3)
44	1536	36	크림치즈월넛브레드
44	1556	24	배달비 0원 + 1,000원 즉시할인
44	1590	36	6,000원
45	0	36	오리지널 커피번
45	66	155	뚜레쥬르 구수동점 내 메뉴를 찾아보세요
45	79	36	진하고 깊은 커피향과 버터 커스터드 내용물을 더해 한층 업그레이드한 커피번
45	151	114	간식빵(단팥/도넛/기타)
45	151	406	커피/음료
45	151	564	우유/병음료
45	151	744	디저트
45	151	870	롤케이크/카스텔라/쿠키세트
45	157	72	품절임박
45	157	166	잔여 2개
45	182	51	1 / 6
45	207	63	리뷰 (3)
45	248	335	뚜레쥬르 구수동점
45	281	36	단팥소보로빵
45	298	404	4.8(1,543)
45	335	36	3,200원
45	393	36	고소한 소보로 빵 속에 달콤한 단팥 앙금이 들어간 제품
45	441	72	품절임박
45	441	166	잔여 2개
45	491	63	리뷰 (5)
45	565	36	완두앙금빵
45	619	36	2,100원
45	677	36	달콤하고 부드러운 완두앙금을 듬뿍 넣어, 남녀노소 좋아하는 간식빵
45	725	72	품절임박
45	725	166	잔여 4개
45	775	63	리뷰 (3)
45	849	36	크림치즈월넛브레드
45	903	36	6,000원
45	961	36	곡물빵에 부드럽고 달콤하나 크림치즈를 넣은 간식빵
45	1009	72	품절임박
45	1009	166	잔여 3개
45	1059	63	리뷰 (1)
45	1133	36	카페모카빵(소)
45	1187	36	3,800원
45	1245	36	진하고 부드러운 모카향 가득~ 우유나 커피와 함께하면 더욱 맛있는 뚜레쥬르 카페모카빵
45	1323	72	품절임박
45	1323	166	잔여 2개
45	1403	36	미니치즈롤(봉)
45	1441	121	지금 와우 가입하면 배달비 0원 + 25,000원 쿠폰
45	1457	36	4,900원
45	1458	781	가입하기
45	1515	36	부드러운 빵에 고소한 롤치즈가 쏙쏙 박혀있는 미니 치즈롤
45	1556	24	배달비 0원 + 1,000원 즉시할인
45	1563	72	품절임박
45	1563	166	잔여 1개
46	0	0	리뷰 (4)
46	0	0	완두앙금빵
46	0	36	달콤하고 부드러운 완두앙금을 듬뿍 넣어, 남녀노소 좋아하는 간식빵
46	66	155	뚜레쥬르 구수동점 내 메뉴를 찾아보세요
46	88	63	리뷰 (3)
46	151	114	간식빵(단팥/도넛/기타)
46	151	406	커피/음료
46	151	564	우유/병음료
46	151	744	디저트
46	151	870	롤케이크/카스텔라/쿠키세트
46	162	36	크림치즈월넛브레드
46	182	51	2 / 6
46	216	36	6,000원
46	248	335	뚜레쥬르 구수동점
46	274	36	곡물빵에 부드럽고 달콤하나 크림치즈를 넣은 간식빵
46	298	404	4.8(1,543)
46	322	72	품절임박
46	322	166	잔여 3개
46	372	63	리뷰 (1)
46	446	36	카페모카빵(소)
46	500	36	3,800원
46	558	36	진하고 부드러운 모카향 가득~ 우유나 커피와 함께하면 더욱 맛있는 뚜레쥬르 카페모카빵
46	636	72	품절임박
46	636	166	잔여 2개
46	716	36	미니치즈롤(봉)
46	770	36	4,900원
46	828	36	부드러운 빵에 고소한 롤치즈가 쏙쏙 박혀있는 미니 치즈롤
46	876	72	품절임박
46	876	166	잔여 1개
46	956	36	초코마카롱도넛
46	1010	36	2,500원
46	1068	36	초콜릿과 초코마카롱 후레이크를 듬뿍 얹은 달콤한 도넛
46	1116	72	품절임박
46	1116	166	잔여 2개
46	1196	36	딸기마카롱도넛
46	1250	36	2,500원
46	1308	36	화이트초코에 딸기마카롱 후레이크를 듬뿍 얹은 달콤한 도넛
46	1356	72	품절임박
46	1356	166	잔여 2개
46	1436	36	옛날 꽈배기 도넛
46	1441	121	지금 와우 가입하면 배달비 0원 + 25,000원 쿠폰
46	1458	781	가입하기
46	1490	36	2,100원
46	1548	36	부드럽고 폭신한 식감의 달콤한 추억의 꽈배기
46	1556	24	배달비 0원 + 1,000원 즉시할인
46	1596	72	품절임박
46	1596	166	잔여 2개
47	30	36	미니치즈롤(봉)
47	66	155	뚜레쥬르 구수동점 내 메뉴를 찾아보세요
47	142	36	부드러운 빵에 고소한 롤치즈가 쏙쏙 박혀있는 미니 치즈롤
47	151	114	간식빵(단팥/도넛/기타)
47	151	406	커피/음료
47	151	564	우유/병음료
47	151	744	디저트
47	151	870	롤케이크/카스텔라/쿠키세트
47	182	51	3 / 6
47	190	72	품절임박
47	190	166	잔여 1개
47	248	335	뚜레쥬르 구수동점
47	270	36	초코마카롱도넛
47	298	404	4.8(1,543)
47	324	36	2,500원
47	382	36	초콜릿과 초코마카롱 후레이크를 듬뿍 얹은 달콤한 도넛
47	430	72	품절임박
47	430	166	잔여 2개
47	510	36	딸기마카롱도넛
47	564	36	2,500원
47	622	36	화이트초코에 딸기마카롱 후레이크를 듬뿍 얹은 달콤한 도넛
47	670	72	품절임박
47	670	166	잔여 2개
47	750	36	옛날 꽈배기 도넛
47	804	36	2,100원
47	862	36	부드럽고 폭신한 식감의 달콤한 추억의 꽈배기
47	910	72	품절임박
47	910	166	잔여 2개
47	960	63	리뷰 (4)
47	1064	42	커피/음료
47	1146	36	아샷추 라지 (ICED)
47	1200	36	4,500원
47	1258	36	달콤한 복숭아 아이스티에 진한 에스프레소의 바디감이 더해진 더운 여름 당 충전 음료  총 카페인 함량 182mg, 고카페인여부 O, 어린이, 임산부, 카페인 민감자는 섭취에 주의해주시기 바랍니다.
47	1366	36	그랑드 콜드브루
47	1420	36	4,400원
47	1441	121	지금 와우 가입하면 배달비 0원 + 25,000원 쿠폰
47	1458	781	가입하기
47	1478	36	저온고압추출로 부드러운 콜드브루의 풍미는 살리고 후미는 더 깔끔해진 커피 (총 카페인 함량 R사이즈 186mg, L사이즈 232mg) 고카페인여부 O, 어린이, 임산부, 카페인 민감자는 섭취에 주의해주시기 바랍니다.
47	1556	24	배달비 0원 + 1,000원 즉시할인
47	1556	63	리뷰 (2)
48	0	0	디카페인 콜드브루 라떼
48	0	0	콜드브루 원액과 고소한 우유가 조화롭게 어우러진 라떼 제품 (총 카페인 함량 R사이즈 13mg, L사이즈 17mg) 어린이, 임산부, 카페인 민감자는 섭취에 주의해주시기 바랍니다.
48	66	155	뚜레쥬르 구수동점 내 메뉴를 찾아보세요
48	69	36	옛날 꽈배기 도넛
48	132	36	2,100원
48	151	114	간식빵(단팥/도넛/기타)
48	151	406	커피/음료
48	151	564	우유/병음료
48	151	744	디저트
48	151	870	롤케이크/카스텔라/쿠키세트
48	181	36	부드럽고 폭신한 식감의 달콤한 추억의 꽈배기
48	182	51	4 / 6
48	229	72	품절임박
48	229	166	잔여 2개
48	248	335	뚜레쥬르 구수동점
48	279	63	리뷰 (4)
48	298	404	4.8(1,543)
48	383	42	커피/음료
48	465	36	아샷추 라지 (ICED)
48	519	36	4,500원
48	577	36	달콤한 복숭아 아이스티에 진한 에스프레소의 바디감이 더해진 더운 여름 당 충전 음료  총 카페인 함량 182mg, 고카페인여부 O, 어린이, 임산부, 카페인 민감자는 섭취에 주의해주시기 바랍니다.
48	685	36	그랑드 콜드브루
48	739	36	4,400원
48	797	36	저온고압추출로 부드러운 콜드브루의 풍미는 살리고 후미는 더 깔끔해진 커피 (총 카페인 함량 R사이즈 186mg, L사이즈 232mg) 고카페인여부 O, 어린이, 임산부, 카페인 민감자는 섭취에 주의해주시기 바랍니다.
48	875	63	리뷰 (2)
48	949	36	그랑드 콜드브루라떼
48	1003	36	5,000원
48	1061	36	저온고압추출로 부드러운 콜드브루에 고소한 우유를 더해 부드럽게 즐기는 콜드브루 라떼 (총 카페인 함량 R사이즈 186mg, L사이즈 232mg) 고카페인여부 O, 어린이, 임산부, 카페인 민감자는 섭취에 주의해주시기 바랍니다.
48	1169	36	그랑드 콜드브루 연유라떼
48	1223	36	5,200원
48	1281	36	저온고압추출로 부드러운 콜드브루에 연유와 우유를 더해 달콤하게 즐기는 연유라떼 (총 카페인 함량 R사이즈 139mg, L사이즈186mg) 고카페인여부 O, 어린이, 임산부, 카페인 민감자는 섭취에 주의해주시기 바랍니다.
48	1389	36	디카페인 콜드브루
48	1441	121	지금 와우 가입하면 배달비 0원 + 25,000원 쿠폰
48	1443	36	4,400원
48	1458	781	가입하기
48	1501	36	밸런스가 좋은 콜드브루 베이스를 이용하여 청량하고 깔끔한 풍미가 느껴지는 콜드브루 (총 카페인 함량 R사이즈 13mg, L사이즈 17mg) 어린이, 임산부, 카페인 민감자는 섭취에 주의해주시기 바랍니다.
48	1556	24	배달비 0원 + 1,000원 즉시할인
49	0	0	100% (10개)
49	0	0	ㆍ
49	0	0	그랑드카페 아이스아메리카노
49	0	0	뚜레쥬르만의 스페셜 고급원두를 적절한 비율로 블렌드 하여 커피 본연의 맛과 향을 살린 시원한 아메리카노 음료 *총 카페인 함량 : R사이즈 166mg/ L사이즈 249mg , 고카페인여부: O, 어린이, 임산부, 카페인 민감자는 섭취에 주의해주시기 바랍니다.
49	0	0	리뷰 (4)
49	0	36	그랑드 콜드브루
49	66	155	뚜레쥬르 구수동점 내 메뉴를 찾아보세요
49	106	36	저온고압추출로 부드러운 콜드브루의 풍미는 살리고 후미는 더 깔끔해진 커피 (총 카페인 함량 R사이즈 186mg, L사이즈 232mg) 고카페인여부 O, 어린이, 임산부, 카페인 민감자는 섭취에 주의해주시기 바랍니다.
49	151	114	커피/음료
49	151	271	우유/병음료
49	151	451	디저트
49	151	577	롤케이크/카스텔라/쿠키세트
49	182	51	5 / 6
49	184	63	리뷰 (2)
49	248	335	뚜레쥬르 구수동점
49	258	36	그랑드 콜드브루라떼
49	298	404	4.8(1,543)
49	312	36	5,000원
49	370	36	저온고압추출로 부드러운 콜드브루에 고소한 우유를 더해 부드럽게 즐기는 콜드브루 라떼 (총 카페인 함량 R사이즈 186mg, L사이즈 232mg) 고카페인여부 O, 어린이, 임산부, 카페인 민감자는 섭취에 주의해주시기 바랍니다.
49	478	36	그랑드 콜드브루 연유라떼
49	532	36	5,200원
49	590	36	저온고압추출로 부드러운 콜드브루에 연유와 우유를 더해 달콤하게 즐기는 연유라떼 (총 카페인 함량 R사이즈 139mg, L사이즈186mg) 고카페인여부 O, 어린이, 임산부, 카페인 민감자는 섭취에 주의해주시기 바랍니다.
49	698	36	디카페인 콜드브루
49	752	36	4,400원
49	810	36	밸런스가 좋은 콜드브루 베이스를 이용하여 청량하고 깔끔한 풍미가 느껴지는 콜드브루 (총 카페인 함량 R사이즈 13mg, L사이즈 17mg) 어린이, 임산부, 카페인 민감자는 섭취에 주의해주시기 바랍니다.
49	918	36	디카페인 콜드브루 라떼
49	972	36	5,000원
49	1030	36	콜드브루 원액과 고소한 우유가 조화롭게 어우러진 라떼 제품 (총 카페인 함량 R사이즈 13mg, L사이즈 17mg) 어린이, 임산부, 카페인 민감자는 섭취에 주의해주시기 바랍니다.
49	1138	36	디카페인 콜드브루 연유라떼
49	1192	36	5,200원
49	1250	36	라떼에 연유를 더해 더욱 진한 달콤함이 느껴지는 라떼 제품 (총 카페인 함량 R사이즈 10mg, L사이즈 13mg) 어린이, 임산부, 카페인 민감자는 섭취에 주의해주시기 바랍니다.
49	1358	36	그랑드카페 아메리카노(HOT)
49	1412	36	3,800원
49	1441	121	지금 와우 가입하면 배달비 0원 + 25,000원 쿠폰
49	1458	781	가입하기
49	1470	36	뚜레쥬르만의 스페셜 고급원두를 적절한 비율로 블렌드 하여 커피 본연의 맛과 향을 살린 따뜻한 아메리카노 음료 *총 카페인 함량 166mg, 고카페인여부 O, 어린이, 임산부, 카페인 민감자는 섭취에 주의해주시기 바랍니다.
49	1548	63	리뷰 (2)
49	1556	24	배달비 0원 + 1,000원 즉시할인
50	10	36	디카페인 콜드브루
50	66	155	뚜레쥬르 구수동점 내 메뉴를 찾아보세요
50	122	36	밸런스가 좋은 콜드브루 베이스를 이용하여 청량하고 깔끔한 풍미가 느껴지는 콜드브루 (총 카페인 함량 R사이즈 13mg, L사이즈 17mg) 어린이, 임산부, 카페인 민감자는 섭취에 주의해주시기 바랍니다.
50	151	114	커피/음료
50	151	271	우유/병음료
50	151	451	디저트
50	151	577	롤케이크/카스텔라/쿠키세트
50	182	51	6 / 6
50	230	36	디카페인 콜드브루 라떼
50	248	335	뚜레쥬르 구수동점
50	284	36	5,000원
50	298	404	4.8(1,543)
50	342	36	콜드브루 원액과 고소한 우유가 조화롭게 어우러진 라떼 제품 (총 카페인 함량 R사이즈 13mg, L사이즈 17mg) 어린이, 임산부, 카페인 민감자는 섭취에 주의해주시기 바랍니다.
50	450	36	디카페인 콜드브루 연유라떼
50	504	36	5,200원
50	562	36	라떼에 연유를 더해 더욱 진한 달콤함이 느껴지는 라떼 제품 (총 카페인 함량 R사이즈 10mg, L사이즈 13mg) 어린이, 임산부, 카페인 민감자는 섭취에 주의해주시기 바랍니다.
50	670	36	그랑드카페 아메리카노(HOT)
50	724	36	3,800원
50	782	36	뚜레쥬르만의 스페셜 고급원두를 적절한 비율로 블렌드 하여 커피 본연의 맛과 향을 살린 따뜻한 아메리카노 음료 *총 카페인 함량 166mg, 고카페인여부 O, 어린이, 임산부, 카페인 민감자는 섭취에 주의해주시기 바랍니다.
50	860	63	리뷰 (2)
50	934	36	그랑드카페 아이스아메리카노
50	988	36	3,800원
50	1046	36	뚜레쥬르만의 스페셜 고급원두를 적절한 비율로 블렌드 하여 커피 본연의 맛과 향을 살린 시원한 아메리카노 음료 *총 카페인 함량 : R사이즈 166mg/ L사이즈 249mg , 고카페인여부: O, 어린이, 임산부, 카페인 민감자는 섭취에 주의해주시기 바랍니다.
50	1124	63	100% (10개)
50	1124	159	ㆍ
50	1124	203	리뷰 (4)
50	1198	36	아이스카페라떼
50	1252	36	4,200원
50	1310	36	에스프레소와 우유가 어우러진 시원한 라떼 음료 *총 카페인 함량 : R사이즈 166mg/ L사이즈 249mg , 고카페인여부: O, 어린이, 임산부, 카페인 민감자는 섭취에 주의해주시기 바랍니다.
50	1388	63	리뷰 (1)
50	1441	121	지금 와우 가입하면 배달비 0원 + 25,000원 쿠폰
50	1458	781	가입하기
50	1462	36	아이스카라멜마끼아또
50	1516	36	4,800원
50	1556	24	배달비 0원 + 1,000원 즉시할인
50	1574	36	에스프레소에 우유, 향긋한 바닐라, 그리고 달콤한 카라멜이 어우러진 시원하고 달달한 커피 음료 *총 카페인 함량 : R사이즈 166mg/ L사이즈 249mg , 고카페인여부: O, 어린이, 임산부, 카페인 민감자는 섭취에 주의해주시기 바랍니다.
51	0	0	뚜레쥬르가 만든 우유에 보랏빛 우베의 달콤한 풍미를 더한 오리지널 우베 라떼
51	0	36	그랑드카페 아메리카노(HOT)
51	66	155	뚜레쥬르 구수동점 내 메뉴를 찾아보세요
51	95	36	뚜레쥬르만의 스페셜 고급원두를 적절한 비율로 블렌드 하여 커피 본연의 맛과 향을 살린 따뜻한 아메리카노 음료 *총 카페인 함량 166mg, 고카페인여부 O, 어린이, 임산부, 카페인 민감자는 섭취에 주의해주시기 바랍니다.
51	151	114	커피/음료
51	151	271	우유/병음료
51	151	451	디저트
51	151	577	롤케이크/카스텔라/쿠키세트
51	173	63	리뷰 (2)
51	182	51	1 / 6
51	247	36	그랑드카페 아이스아메리카노
51	248	335	뚜레쥬르 구수동점
51	298	404	4.8(1,543)
51	301	36	3,800원
51	359	36	뚜레쥬르만의 스페셜 고급원두를 적절한 비율로 블렌드 하여 커피 본연의 맛과 향을 살린 시원한 아메리카노 음료 *총 카페인 함량 : R사이즈 166mg/ L사이즈 249mg , 고카페인여부: O, 어린이, 임산부, 카페인 민감자는 섭취에 주의해주시기 바랍니다.
51	437	63	100% (10개)
51	437	159	ㆍ
51	437	203	리뷰 (4)
51	511	36	아이스카페라떼
51	565	36	4,200원
51	623	36	에스프레소와 우유가 어우러진 시원한 라떼 음료 *총 카페인 함량 : R사이즈 166mg/ L사이즈 249mg , 고카페인여부: O, 어린이, 임산부, 카페인 민감자는 섭취에 주의해주시기 바랍니다.
51	701	63	리뷰 (1)
51	775	36	아이스카라멜마끼아또
51	829	36	4,800원
51	887	36	에스프레소에 우유, 향긋한 바닐라, 그리고 달콤한 카라멜이 어우러진 시원하고 달달한 커피 음료 *총 카페인 함량 : R사이즈 166mg/ L사이즈 249mg , 고카페인여부: O, 어린이, 임산부, 카페인 민감자는 섭취에 주의해주시기 바랍니다.
51	995	36	아이스바닐라라떼
51	1049	36	4,800원
51	1107	36	에스프레소와 우유, 그리고 향긋한 바닐라 시럽이 어우러진 시원하고 달달한 음료 *총 카페인 함량 : R사이즈 166mg/ L사이즈 249mg , 고카페인여부: O, 어린이, 임산부, 카페인 민감자는 섭취에 주의해주시기 바랍니다.
51	1185	63	리뷰 (1)
51	1259	36	딸기라떼
51	1313	36	4,300원
51	1371	36	톡톡 씹히는 달콤한 딸기 다이스와 고소한 우유의 조화가 돋보이는 과일라떼
51	1441	121	지금 와우 가입하면 배달비 0원 + 25,000원 쿠폰
51	1449	63	리뷰 (1)
51	1458	781	가입하기
51	1523	36	우베 라떼
51	1556	24	배달비 0원 + 1,000원 즉시할인
51	1577	36	5,300원
52	66	155	뚜레쥬르 구수동점 내 메뉴를 찾아보세요
52	86	36	아이스카라멜마끼아또
52	140	36	4,800원
52	151	114	커피/음료
52	151	271	우유/병음료
52	151	451	디저트
52	151	577	롤케이크/카스텔라/쿠키세트
52	182	51	2 / 6
52	198	36	에스프레소에 우유, 향긋한 바닐라, 그리고 달콤한 카라멜이 어우러진 시원하고 달달한 커피 음료 *총 카페인 함량 : R사이즈 166mg/ L사이즈 249mg , 고카페인여부: O, 어린이, 임산부, 카페인 민감자는 섭취에 주의해주시기 바랍니다.
52	248	335	뚜레쥬르 구수동점
52	298	404	4.8(1,543)
52	306	36	아이스바닐라라떼
52	360	36	4,800원
52	418	36	에스프레소와 우유, 그리고 향긋한 바닐라 시럽이 어우러진 시원하고 달달한 음료 *총 카페인 함량 : R사이즈 166mg/ L사이즈 249mg , 고카페인여부: O, 어린이, 임산부, 카페인 민감자는 섭취에 주의해주시기 바랍니다.
52	496	63	리뷰 (1)
52	570	36	딸기라떼
52	624	36	4,300원
52	682	36	톡톡 씹히는 달콤한 딸기 다이스와 고소한 우유의 조화가 돋보이는 과일라떼
52	760	63	리뷰 (1)
52	834	36	우베 라떼
52	888	36	5,300원
52	946	36	뚜레쥬르가 만든 우유에 보랏빛 우베의 달콤한 풍미를 더한 오리지널 우베 라떼
52	1054	36	사르르 우베 쉐이크
52	1108	36	6,300원
52	1166	36	달콤한 우유 쉐이크에 보랏빛 우베가 더해져 입안에서 사르르~ 녹는 우베 쉐이크
52	1274	36	사르르 딸기 쉐이크
52	1328	36	5,300원
52	1386	36	달콤한 우유맛 쉐이크에 딸기 다이스가 톡톡 씹히는 새콤달콤 딸기 쉐이크
52	1441	121	지금 와우 가입하면 배달비 0원 + 25,000원 쿠폰
52	1458	781	가입하기
52	1487	36	사르르 우유 쉐이크
52	1541	36	5,100원
52	1556	24	배달비 0원 + 1,000원 즉시할인
52	1599	36	빵과 잘 어울리는 부드럽고 고소한 우유쉐이크 , 깔끔한 뒷맛과 부담스럽지 않은 바디감으로 남녀노소 모두 선호하는 제품
53	0	0	여름제철 수박을 아낌없이 사용해 달콤 & 수분 가득하고 시원하게 즐기는 스무디
53	66	155	뚜레쥬르 구수동점 내 메뉴를 찾아보세요
53	151	114	커피/음료
53	151	271	우유/병음료
53	151	451	디저트
53	151	577	롤케이크/카스텔라/쿠키세트
53	153	36	우베 라떼
53	182	51	3 / 6
53	207	36	5,300원
53	248	335	뚜레쥬르 구수동점
53	265	36	뚜레쥬르가 만든 우유에 보랏빛 우베의 달콤한 풍미를 더한 오리지널 우베 라떼
53	298	404	4.8(1,543)
53	373	36	사르르 우베 쉐이크
53	427	36	6,300원
53	485	36	달콤한 우유 쉐이크에 보랏빛 우베가 더해져 입안에서 사르르~ 녹는 우베 쉐이크
53	593	36	사르르 딸기 쉐이크
53	647	36	5,300원
53	705	36	달콤한 우유맛 쉐이크에 딸기 다이스가 톡톡 씹히는 새콤달콤 딸기 쉐이크
53	806	36	사르르 우유 쉐이크
53	860	36	5,100원
53	918	36	빵과 잘 어울리는 부드럽고 고소한 우유쉐이크 , 깔끔한 뒷맛과 부담스럽지 않은 바디감으로 남녀노소 모두 선호하는 제품
53	1026	36	사르르커피쉐이크
53	1080	36	5,500원
53	1138	36	고소하고 달콤한 우유쉐이크와 깊고 진한 에스프레소가 만나, 자꾸 끌리는 시원한 쉐이크 음료, 총 카페인 함량 :83mg, 고카페인여부: O, 어린이, 임산부, 카페인 민감자는 섭취에 주의해주시기 바랍니다.
53	1216	63	리뷰 (1)
53	1290	36	딸기 스무디
53	1344	36	5,300원
53	1402	36	국내산 딸기가 듬뿍 들어간 새콤달콤하고 시원한 스무디 음료
53	1441	121	지금 와우 가입하면 배달비 0원 + 25,000원 쿠폰
53	1458	781	가입하기
53	1503	36	수박 스무디
53	1556	24	배달비 0원 + 1,000원 즉시할인
53	1557	36	5,700원
54	66	155	뚜레쥬르 구수동점 내 메뉴를 찾아보세요
54	118	36	사르르 우유 쉐이크
54	151	114	커피/음료
54	151	271	우유/병음료
54	151	451	디저트
54	151	577	롤케이크/카스텔라/쿠키세트
54	172	36	5,100원
54	182	51	4 / 6
54	230	36	빵과 잘 어울리는 부드럽고 고소한 우유쉐이크 , 깔끔한 뒷맛과 부담스럽지 않은 바디감으로 남녀노소 모두 선호하는 제품
54	248	335	뚜레쥬르 구수동점
54	298	404	4.8(1,543)
54	338	36	사르르커피쉐이크
54	392	36	5,500원
54	450	36	고소하고 달콤한 우유쉐이크와 깊고 진한 에스프레소가 만나, 자꾸 끌리는 시원한 쉐이크 음료, 총 카페인 함량 :83mg, 고카페인여부: O, 어린이, 임산부, 카페인 민감자는 섭취에 주의해주시기 바랍니다.
54	528	63	리뷰 (1)
54	602	36	딸기 스무디
54	656	36	5,300원
54	714	36	국내산 딸기가 듬뿍 들어간 새콤달콤하고 시원한 스무디 음료
54	815	36	수박 스무디
54	869	36	5,700원
54	927	36	여름제철 수박을 아낌없이 사용해 달콤 & 수분 가득하고 시원하게 즐기는 스무디
54	1035	36	자두 스무디
54	1089	36	5,700원
54	1147	36	상큼하고 깔끔한 자두를 사용해 달콤 & 수분 가득하고 시원하게 즐기는 스무디
54	1255	36	레몬에이드 (레귤러)
54	1309	36	4,500원
54	1367	36	진한 레몬농축액으로 만들어, 톡 쏘는 맛이 일품인 여름철 대표 음료 레몬에이드
54	1441	121	지금 와우 가입하면 배달비 0원 + 25,000원 쿠폰
54	1458	781	가입하기
54	1475	36	자몽에이드(레귤러)
54	1529	36	4,500원
54	1556	24	배달비 0원 + 1,000원 즉시할인
54	1587	36	자몽과육이 톡톡터지는 시원한 탄산이 가득한 자몽에이드
55	0	0	뚜레쥬르 그랑드카페 스페셜티 원두를 저온고압 추출하여 더 부드러운 산미와 깔끔한 풍미로 즐기는 콜드브루 원액1회 총 카페인 함량 : 186mg , 고카페인여부: O,어린이, 임산부, 카페인 민감자는 섭취에 주의해주시기 바랍니다.
55	66	155	뚜레쥬르 구수동점 내 메뉴를 찾아보세요
55	124	36	수박 스무디
55	151	114	커피/음료
55	151	271	우유/병음료
55	151	451	디저트
55	151	577	롤케이크/카스텔라/쿠키세트
55	178	36	5,700원
55	182	51	5 / 6
55	236	36	여름제철 수박을 아낌없이 사용해 달콤 & 수분 가득하고 시원하게 즐기는 스무디
55	248	335	뚜레쥬르 구수동점
55	298	404	4.8(1,543)
55	344	36	자두 스무디
55	398	36	5,700원
55	456	36	상큼하고 깔끔한 자두를 사용해 달콤 & 수분 가득하고 시원하게 즐기는 스무디
55	564	36	레몬에이드 (레귤러)
55	618	36	4,500원
55	676	36	진한 레몬농축액으로 만들어, 톡 쏘는 맛이 일품인 여름철 대표 음료 레몬에이드
55	784	36	자몽에이드(레귤러)
55	838	36	4,500원
55	896	36	자몽과육이 톡톡터지는 시원한 탄산이 가득한 자몽에이드
55	997	36	복숭아아이스티(레귤러)
55	1051	36	3,800원
55	1109	36	시원하게 즐기는 복숭아 홍차 (총 카페인 함량 : R사이즈 12mg, L사이즈 17mg) 어린이, 임산부, 카페인 민감자는 섭취에 주의해주시기 바랍니다.
55	1187	63	리뷰 (1)
55	1261	36	제주 한라봉차
55	1315	36	4,800원
55	1373	36	비타민C가 풍부한 제주산 한라봉 베이스로 달콤상큼하게 즐기는 과일차
55	1441	121	지금 와우 가입하면 배달비 0원 + 25,000원 쿠폰
55	1458	781	가입하기
55	1504	42	우유/병음료
55	1556	24	배달비 0원 + 1,000원 즉시할인
55	1586	36	그랑드카페 콜드브루 보틀(원액)
56	66	155	뚜레쥬르 구수동점 내 메뉴를 찾아보세요
56	90	36	자몽에이드(레귤러)
56	144	36	4,500원
56	151	114	커피/음료
56	151	271	우유/병음료
56	151	451	디저트
56	151	577	롤케이크/카스텔라/쿠키세트
56	182	51	6 / 6
56	202	36	자몽과육이 톡톡터지는 시원한 탄산이 가득한 자몽에이드
56	248	335	뚜레쥬르 구수동점
56	298	404	4.8(1,543)
56	303	36	복숭아아이스티(레귤러)
56	357	36	3,800원
56	415	36	시원하게 즐기는 복숭아 홍차 (총 카페인 함량 : R사이즈 12mg, L사이즈 17mg) 어린이, 임산부, 카페인 민감자는 섭취에 주의해주시기 바랍니다.
56	493	63	리뷰 (1)
56	567	36	제주 한라봉차
56	621	36	4,800원
56	679	36	비타민C가 풍부한 제주산 한라봉 베이스로 달콤상큼하게 즐기는 과일차
56	810	42	우유/병음료
56	892	36	그랑드카페 콜드브루 보틀(원액)
56	946	36	15,000원
56	1004	36	뚜레쥬르 그랑드카페 스페셜티 원두를 저온고압 추출하여 더 부드러운 산미와 깔끔한 풍미로 즐기는 콜드브루 원액1회 총 카페인 함량 : 186mg , 고카페인여부: O,어린이, 임산부, 카페인 민감자는 섭취에 주의해주시기 바랍니다.
56	1082	72	품절임박
56	1082	166	잔여 1개
56	1162	36	디카페인 콜드브루보틀(원액)
56	1216	36	15,000원
56	1274	36	디카페인으로 추출해 언제 어디서나 부담없이 즐기는 콜드브루 원액1회 총 카페인 함량 : 99mg , 고카페인여부: O,어린이, 임산부, 카페인 민감자는 섭취에 주의해주시기 바랍니다.
56	1352	72	품절임박
56	1352	166	잔여 1개
56	1432	36	뚜레쥬르 우유 900ml
56	1441	121	지금 와우 가입하면 배달비 0원 + 25,000원 쿠폰
56	1458	781	가입하기
56	1486	36	3,900원
56	1544	36	원유의 영양과 신선함을 그대로 담고 있는 고소한 흰 우유
56	1556	24	배달비 0원 + 1,000원 즉시할인
56	1592	63	리뷰 (8)
57	66	155	뚜레쥬르 구수동점 내 메뉴를 찾아보세요
57	132	42	우유/병음료
57	151	114	우유/병음료
57	151	293	디저트
57	151	419	롤케이크/카스텔라/쿠키세트
57	151	763	초콜릿/캔디
57	182	51	1 / 6
57	212	36	그랑드카페 콜드브루 보틀(원액)
57	248	335	뚜레쥬르 구수동점
57	266	36	15,000원
57	298	404	4.8(1,543)
57	324	36	뚜레쥬르 그랑드카페 스페셜티 원두를 저온고압 추출하여 더 부드러운 산미와 깔끔한 풍미로 즐기는 콜드브루 원액1회 총 카페인 함량 : 186mg , 고카페인여부: O,어린이, 임산부, 카페인 민감자는 섭취에 주의해주시기 바랍니다.
57	402	72	품절임박
57	402	166	잔여 1개
57	482	36	디카페인 콜드브루보틀(원액)
57	536	36	15,000원
57	594	36	디카페인으로 추출해 언제 어디서나 부담없이 즐기는 콜드브루 원액1회 총 카페인 함량 : 99mg , 고카페인여부: O,어린이, 임산부, 카페인 민감자는 섭취에 주의해주시기 바랍니다.
57	672	72	품절임박
57	672	166	잔여 1개
57	752	36	뚜레쥬르 우유 900ml
57	806	36	3,900원
57	864	36	원유의 영양과 신선함을 그대로 담고 있는 고소한 흰 우유
57	912	63	리뷰 (8)
57	986	36	뚜레쥬르가만든오렌지주스(180ml)
57	1040	36	2,700원
57	1098	36	상큼한 오렌지 풍미가 가득한 뚜레쥬르만의 프리미엄 과일주스
57	1199	36	뚜레쥬르가만든사과주스(180ml)
57	1253	36	2,700원
57	1311	36	달콤한 사과 농축액이 들어간 뚜레쥬르만의 프리미엄 과일주스
57	1412	36	분다버그 (핑크레이프푸르트)
57	1441	121	지금 와우 가입하면 배달비 0원 + 25,000원 쿠폰
57	1458	781	가입하기
57	1466	36	5,200원
57	1524	36	자몽과즙과 사탕수수를 넣어 상큼하고 쌉싸름한 자연발효 무알콜 탄산음료
57	1556	24	배달비 0원 + 1,000원 즉시할인
58	0	0	리뷰 (1)
58	0	0	은은한 밤과 우리 쌀을 더해 고소함을 느낄 수 있는 촉촉한 마들렌
58	60	36	뚜레쥬르 우유 900ml
58	66	155	뚜레쥬르 구수동점 내 메뉴를 찾아보세요
58	132	36	3,900원
58	151	114	우유/병음료
58	151	293	디저트
58	151	419	롤케이크/카스텔라/쿠키세트
58	151	763	초콜릿/캔디
58	172	36	원유의 영양과 신선함을 그대로 담고 있는 고소한 흰 우유
58	182	51	2 / 6
58	220	63	리뷰 (8)
58	248	335	뚜레쥬르 구수동점
58	294	36	뚜레쥬르가만든오렌지주스(180ml)
58	298	404	4.8(1,543)
58	348	36	2,700원
58	406	36	상큼한 오렌지 풍미가 가득한 뚜레쥬르만의 프리미엄 과일주스
58	507	36	뚜레쥬르가만든사과주스(180ml)
58	561	36	2,700원
58	619	36	달콤한 사과 농축액이 들어간 뚜레쥬르만의 프리미엄 과일주스
58	720	36	분다버그 (핑크레이프푸르트)
58	774	36	5,200원
58	832	36	자몽과즙과 사탕수수를 넣어 상큼하고 쌉싸름한 자연발효 무알콜 탄산음료
58	933	36	피지워터(500ml)
58	987	36	2,800원
58	1045	36	부드러우면서도 고급스러운 맛이 특징이며, 다양한 미네랄 성분이 조화롭게 함유되어있는 프리미엄 천연암반수
58	1183	42	디저트
58	1265	36	초코청크머핀
58	1319	36	4,500원
58	1377	36	진한 초코청크와 초코 크럼블이 듬뿍 들어간 머핀
58	1425	72	품절임박
58	1425	166	잔여 2개
58	1441	121	지금 와우 가입하면 배달비 0원 + 25,000원 쿠폰
58	1458	781	가입하기
58	1475	63	리뷰 (1)
58	1549	36	밤이통통마들렌
58	1556	24	배달비 0원 + 1,000원 즉시할인
59	26	36	분다버그 (핑크레이프푸르트)
59	66	155	뚜레쥬르 구수동점 내 메뉴를 찾아보세요
59	138	36	자몽과즙과 사탕수수를 넣어 상큼하고 쌉싸름한 자연발효 무알콜 탄산음료
59	151	114	우유/병음료
59	151	293	디저트
59	151	419	롤케이크/카스텔라/쿠키세트
59	151	763	초콜릿/캔디
59	182	51	3 / 6
59	239	36	피지워터(500ml)
59	248	335	뚜레쥬르 구수동점
59	293	36	2,800원
59	298	404	4.8(1,543)
59	351	36	부드러우면서도 고급스러운 맛이 특징이며, 다양한 미네랄 성분이 조화롭게 함유되어있는 프리미엄 천연암반수
59	489	42	디저트
59	571	36	초코청크머핀
59	625	36	4,500원
59	683	36	진한 초코청크와 초코 크럼블이 듬뿍 들어간 머핀
59	731	72	품절임박
59	731	166	잔여 2개
59	781	63	리뷰 (1)
59	855	36	밤이통통마들렌
59	909	36	1,800원
59	967	36	은은한 밤과 우리 쌀을 더해 고소함을 느낄 수 있는 촉촉한 마들렌
59	1015	72	품절임박
59	1015	166	잔여 5개
59	1065	63	리뷰 (1)
59	1139	36	클래식 휘낭시에
59	1193	36	2,600원
59	1251	36	진한 버터향에 겉은 바삭하고 속은 촉촉한 클래식 휘낭시에
59	1299	72	품절임박
59	1299	166	잔여 1개
59	1349	63	리뷰 (2)
59	1423	36	초코 휘낭시에
59	1441	121	지금 와우 가입하면 배달비 0원 + 25,000원 쿠폰
59	1458	781	가입하기
59	1477	36	2,800원
59	1535	36	초콜릿의 달콤함과 버터의 풍미가 어우러진 초코 휘낭시에
59	1556	24	배달비 0원 + 1,000원 즉시할인
59	1583	72	품절임박
59	1583	166	잔여 3개
60	0	0	초코청크머핀
60	0	36	진한 초코청크와 초코 크럼블이 듬뿍 들어간 머핀
60	66	155	뚜레쥬르 구수동점 내 메뉴를 찾아보세요
60	93	63	리뷰 (1)
60	151	114	디저트
60	151	240	롤케이크/카스텔라/쿠키세트
60	151	584	초콜릿/캔디
60	151	764	HMR(가정식/간편식)
60	167	36	밤이통통마들렌
60	182	51	4 / 6
60	221	36	1,800원
60	248	335	뚜레쥬르 구수동점
60	279	36	은은한 밤과 우리 쌀을 더해 고소함을 느낄 수 있는 촉촉한 마들렌
60	298	404	4.8(1,543)
60	327	72	품절임박
60	327	166	잔여 5개
60	377	63	리뷰 (1)
60	451	36	클래식 휘낭시에
60	505	36	2,600원
60	563	36	진한 버터향에 겉은 바삭하고 속은 촉촉한 클래식 휘낭시에
60	611	72	품절임박
60	611	166	잔여 1개
60	661	63	리뷰 (2)
60	735	36	초코 휘낭시에
60	789	36	2,800원
60	847	36	초콜릿의 달콤함과 버터의 풍미가 어우러진 초코 휘낭시에
60	895	72	품절임박
60	895	166	잔여 3개
60	975	36	미니초코콕콕쿠키
60	1029	36	2,200원
60	1087	36	화이트 초콜릿&밀크 초콜릿&다크 청크가 콕콕! 들어간 달콤한 미니 초코 쿠키
60	1165	72	품절임박
60	1165	166	잔여 4개
60	1245	36	미니넛츠콕콕쿠키
60	1299	36	2,200원
60	1357	36	다양한 견과류가 콕콕! 들어간 고소한 미니 넛츠 쿠키
60	1405	72	품절임박
60	1405	166	잔여 4개
60	1441	121	지금 와우 가입하면 배달비 0원 + 25,000원 쿠폰
60	1458	781	가입하기
60	1485	36	새콤달콤 그대로 딸기칩
60	1539	36	4,300원
60	1556	24	배달비 0원 + 1,000원 즉시할인
60	1597	36	국내산 딸기를 사용하여 그대로 동결건조한 과육의 맛과 향을 그대로 살린 새콤달콤 딸기칩
61	0	0	리뷰 (1)
61	0	0	버터 풍미 가득 고소한 스콘에 달콤하고 진한 초콜릿 칩을 가득 넣은 제품
61	48	36	초코 휘낭시에
61	66	155	뚜레쥬르 구수동점 내 메뉴를 찾아보세요
61	132	36	2,800원
61	151	114	디저트
61	151	240	롤케이크/카스텔라/쿠키세트
61	151	584	초콜릿/캔디
61	151	764	HMR(가정식/간편식)
61	160	36	초콜릿의 달콤함과 버터의 풍미가 어우러진 초코 휘낭시에
61	182	51	5 / 6
61	208	72	품절임박
61	208	166	잔여 3개
61	248	335	뚜레쥬르 구수동점
61	288	36	미니초코콕콕쿠키
61	298	404	4.8(1,543)
61	342	36	2,200원
61	400	36	화이트 초콜릿&밀크 초콜릿&다크 청크가 콕콕! 들어간 달콤한 미니 초코 쿠키
61	478	72	품절임박
61	478	166	잔여 4개
61	558	36	미니넛츠콕콕쿠키
61	612	36	2,200원
61	670	36	다양한 견과류가 콕콕! 들어간 고소한 미니 넛츠 쿠키
61	718	72	품절임박
61	718	166	잔여 4개
61	798	36	새콤달콤 그대로 딸기칩
61	852	36	4,300원
61	910	36	국내산 딸기를 사용하여 그대로 동결건조한 과육의 맛과 향을 그대로 살린 새콤달콤 딸기칩
61	988	72	품절임박
61	988	166	잔여 4개
61	1068	36	고소함 그대로 그래놀라 크런치
61	1122	36	2,900원
61	1180	36	고소함은 그대로, 당은 줄인 건강 간식! 귀리, 검은콩, 아몬드의 바삭한 식감으로 간편하게 즐기기 좋은 그래놀라
61	1258	72	품절임박
61	1258	166	잔여 2개
61	1338	36	생크림버터 스콘
61	1392	36	4,700원
61	1441	121	지금 와우 가입하면 배달비 0원 + 25,000원 쿠폰
61	1450	36	생크림을 넣어 부드럽고, 버터의 풍미가 가득한 고소하고 담백한 스콘
61	1458	781	가입하기
61	1498	72	품절임박
61	1498	166	잔여 1개
61	1556	24	배달비 0원 + 1,000원 즉시할인
61	1578	36	초코칩스콘
62	0	0	리뷰 (1)
62	66	155	뚜레쥬르 구수동점 내 메뉴를 찾아보세요
62	115	36	새콤달콤 그대로 딸기칩
62	151	114	디저트
62	151	240	롤케이크/카스텔라/쿠키세트
62	151	584	초콜릿/캔디
62	151	764	HMR(가정식/간편식)
62	169	36	4,300원
62	182	51	6 / 6
62	227	36	국내산 딸기를 사용하여 그대로 동결건조한 과육의 맛과 향을 그대로 살린 새콤달콤 딸기칩
62	248	335	뚜레쥬르 구수동점
62	298	404	4.8(1,543)
62	305	72	품절임박
62	305	166	잔여 4개
62	385	36	고소함 그대로 그래놀라 크런치
62	439	36	2,900원
62	497	36	고소함은 그대로, 당은 줄인 건강 간식! 귀리, 검은콩, 아몬드의 바삭한 식감으로 간편하게 즐기기 좋은 그래놀라
62	575	72	품절임박
62	575	166	잔여 2개
62	655	36	생크림버터 스콘
62	709	36	4,700원
62	767	36	생크림을 넣어 부드럽고, 버터의 풍미가 가득한 고소하고 담백한 스콘
62	815	72	품절임박
62	815	166	잔여 1개
62	895	36	초코칩스콘
62	949	36	4,700원
62	1007	36	버터 풍미 가득 고소한 스콘에 달콤하고 진한 초콜릿 칩을 가득 넣은 제품
62	1055	72	품절임박
62	1055	166	잔여 2개
62	1105	63	리뷰 (1)
62	1179	36	무화과스콘
62	1233	36	5,100원
62	1291	36	상큼한 무화과와 진한 버터 풍미가 조화롭게 어우러진 스콘
62	1339	72	품절임박
62	1339	166	잔여 1개
62	1419	36	THE호두파이(조각)
62	1441	121	지금 와우 가입하면 배달비 0원 + 25,000원 쿠폰
62	1458	781	가입하기
62	1473	36	4,800원
62	1531	36	통밀이 들어간 파이에 로스팅한 호두를 듬뿍 올려 고소함과 깊은 풍미를 살린 조각 호두파이
62	1556	24	배달비 0원 + 1,000원 즉시할인
63	0	0	달콤한 라즈베리 크림에 딸기 다이스와 베리잼이 어우러진 뚱카롱
63	0	36	생크림버터 스콘
63	66	155	뚜레쥬르 구수동점 내 메뉴를 찾아보세요
63	75	36	생크림을 넣어 부드럽고, 버터의 풍미가 가득한 고소하고 담백한 스콘
63	132	72	품절임박
63	132	166	잔여 1개
63	151	114	디저트
63	151	240	롤케이크/카스텔라/쿠키세트
63	151	584	초콜릿/캔디
63	151	764	HMR(가정식/간편식)
63	182	51	1 / 6
63	203	36	초코칩스콘
63	248	335	뚜레쥬르 구수동점
63	257	36	4,700원
63	298	404	4.8(1,543)
63	315	36	버터 풍미 가득 고소한 스콘에 달콤하고 진한 초콜릿 칩을 가득 넣은 제품
63	363	72	품절임박
63	363	166	잔여 2개
63	413	63	리뷰 (1)
63	487	36	무화과스콘
63	541	36	5,100원
63	599	36	상큼한 무화과와 진한 버터 풍미가 조화롭게 어우러진 스콘
63	647	72	품절임박
63	647	166	잔여 1개
63	727	36	THE호두파이(조각)
63	781	36	4,800원
63	839	36	통밀이 들어간 파이에 로스팅한 호두를 듬뿍 올려 고소함과 깊은 풍미를 살린 조각 호두파이
63	917	72	품절임박
63	917	166	잔여 5개
63	967	63	리뷰 (1)
63	1041	36	슈크림슈
63	1095	36	1,700원
63	1153	36	달콤하고 부드러운 커스타드 크림으로 가득 채운 크림슈
63	1201	72	품절임박
63	1201	166	잔여 5개
63	1251	63	리뷰 (1)
63	1325	36	바닐라 뚱카롱
63	1379	36	3,800원
63	1437	36	부드러운 바닐라 크림에 알록달록한 스프링클을 더한 바닐라 뚱카롱
63	1441	121	지금 와우 가입하면 배달비 0원 + 25,000원 쿠폰
63	1458	781	가입하기
63	1538	36	라즈베리 뚱카롱
63	1556	24	배달비 0원 + 1,000원 즉시할인
63	1592	36	3,800원
64	0	0	달콤한 초코와 진한 크림치즈의 맛을 함께 느낄 수 있는 쫀득한 식감의 브라우니
64	0	0	리뷰 (1)
64	0	0	리얼치즈브라우니
64	32	36	THE호두파이(조각)
64	66	155	뚜레쥬르 구수동점 내 메뉴를 찾아보세요
64	144	36	통밀이 들어간 파이에 로스팅한 호두를 듬뿍 올려 고소함과 깊은 풍미를 살린 조각 호두파이
64	151	114	디저트
64	151	240	롤케이크/카스텔라/쿠키세트
64	151	584	초콜릿/캔디
64	151	764	HMR(가정식/간편식)
64	182	51	2 / 6
64	222	72	품절임박
64	222	166	잔여 5개
64	248	335	뚜레쥬르 구수동점
64	272	63	리뷰 (1)
64	298	404	4.8(1,543)
64	346	36	슈크림슈
64	400	36	1,700원
64	458	36	달콤하고 부드러운 커스타드 크림으로 가득 채운 크림슈
64	506	72	품절임박
64	506	166	잔여 5개
64	556	63	리뷰 (1)
64	630	36	바닐라 뚱카롱
64	684	36	3,800원
64	742	36	부드러운 바닐라 크림에 알록달록한 스프링클을 더한 바닐라 뚱카롱
64	843	36	라즈베리 뚱카롱
64	897	36	3,800원
64	955	36	달콤한 라즈베리 크림에 딸기 다이스와 베리잼이 어우러진 뚱카롱
64	1003	72	품절임박
64	1003	166	잔여 2개
64	1083	36	쇼콜라 뚱카롱
64	1137	36	3,800원
64	1195	36	진한 초코 크림에 리얼 초코 가나슈를 더한 쇼콜라 뚱카롱
64	1296	36	리얼브라우니
64	1350	36	3,500원
64	1408	36	다크초콜릿과 밀크초콜릿의 달콤한 맛을 느낄수 있는 쫀득한 식감의 브라우니
64	1441	121	지금 와우 가입하면 배달비 0원 + 25,000원 쿠폰
64	1458	781	가입하기
64	1486	72	품절임박
64	1486	166	잔여 6개
64	1536	63	리뷰 (5)
64	1556	24	배달비 0원 + 1,000원 즉시할인
65	0	0	바닐라 뚱카롱
65	0	0	캐슈넛, 아몬드, 땅콩에 상큼한 크랜베리와 크리스피 볼을 넣은 고소한 넛츠바
65	56	36	부드러운 바닐라 크림에 알록달록한 스프링클을 더한 바닐라 뚱카롱
65	66	155	뚜레쥬르 구수동점 내 메뉴를 찾아보세요
65	151	114	디저트
65	151	240	롤케이크/카스텔라/쿠키세트
65	151	584	초콜릿/캔디
65	151	764	HMR(가정식/간편식)
65	157	36	라즈베리 뚱카롱
65	182	51	3 / 6
65	211	36	3,800원
65	248	335	뚜레쥬르 구수동점
65	269	36	달콤한 라즈베리 크림에 딸기 다이스와 베리잼이 어우러진 뚱카롱
65	298	404	4.8(1,543)
65	317	72	품절임박
65	317	166	잔여 2개
65	397	36	쇼콜라 뚱카롱
65	451	36	3,800원
65	509	36	진한 초코 크림에 리얼 초코 가나슈를 더한 쇼콜라 뚱카롱
65	610	36	리얼브라우니
65	664	36	3,500원
65	722	36	다크초콜릿과 밀크초콜릿의 달콤한 맛을 느낄수 있는 쫀득한 식감의 브라우니
65	800	72	품절임박
65	800	166	잔여 6개
65	850	63	리뷰 (5)
65	924	36	리얼치즈브라우니
65	978	36	3,600원
65	1036	36	달콤한 초코와 진한 크림치즈의 맛을 함께 느낄 수 있는 쫀득한 식감의 브라우니
65	1114	72	품절임박
65	1114	166	잔여 9개
65	1164	63	리뷰 (1)
65	1238	36	더블초코 넛츠바
65	1292	36	2,200원
65	1350	36	캐슈넛, 아몬드, 땅콩에 달콤한 초코칩과 크리스피 볼을 넣은 고소한 초코 넛츠바
65	1428	72	품절임박
65	1428	166	잔여 2개
65	1441	121	지금 와우 가입하면 배달비 0원 + 25,000원 쿠폰
65	1458	781	가입하기
65	1508	36	크랜베리 넛츠바
65	1556	24	배달비 0원 + 1,000원 즉시할인
65	1562	36	2,200원
66	0	0	리얼브라우니
66	0	0	상큼한 딸기크림이 들어가 간식으로 즐기기 좋은 미니사이즈 샌드 빵
66	28	36	다크초콜릿과 밀크초콜릿의 달콤한 맛을 느낄수 있는 쫀득한 식감의 브라우니
66	66	155	뚜레쥬르 구수동점 내 메뉴를 찾아보세요
66	132	72	품절임박
66	132	166	잔여 6개
66	151	114	디저트
66	151	240	롤케이크/카스텔라/쿠키세트
66	151	584	초콜릿/캔디
66	151	764	HMR(가정식/간편식)
66	156	63	리뷰 (5)
66	182	51	4 / 6
66	230	36	리얼치즈브라우니
66	248	335	뚜레쥬르 구수동점
66	284	36	3,600원
66	298	404	4.8(1,543)
66	342	36	달콤한 초코와 진한 크림치즈의 맛을 함께 느낄 수 있는 쫀득한 식감의 브라우니
66	420	72	품절임박
66	420	166	잔여 9개
66	470	63	리뷰 (1)
66	544	36	더블초코 넛츠바
66	598	36	2,200원
66	656	36	캐슈넛, 아몬드, 땅콩에 달콤한 초코칩과 크리스피 볼을 넣은 고소한 초코 넛츠바
66	734	72	품절임박
66	734	166	잔여 2개
66	814	36	크랜베리 넛츠바
66	868	36	2,200원
66	926	36	캐슈넛, 아몬드, 땅콩에 상큼한 크랜베리와 크리스피 볼을 넣은 고소한 넛츠바
66	1034	36	겹겹이 밀크롤인
66	1088	36	3,800원
66	1146	36	부드러운 빵 사이에 우유와 버터를 겹겹이 샌드한 제품
66	1194	72	품절임박
66	1194	166	잔여 1개
66	1274	36	허니카스테라
66	1328	36	6,000원
66	1386	36	국내산 꿀로 은은한 단맛을 살린 부드럽고 쫀득한 식감의 카스테라 (제품 하단의 크리스탈슈가는 정통 카스테라의 특징으로, 안심하고 드셔도 됩니다.)
66	1441	121	지금 와우 가입하면 배달비 0원 + 25,000원 쿠폰
66	1458	781	가입하기
66	1464	72	품절임박
66	1464	166	잔여 3개
66	1514	63	리뷰 (2)
66	1556	24	배달비 0원 + 1,000원 즉시할인
66	1588	36	아름핑이 좋아하는 미니샌드 스트로베리
67	66	155	뚜레쥬르 구수동점 내 메뉴를 찾아보세요
67	132	36	크랜베리 넛츠바
67	151	114	디저트
67	151	240	롤케이크/카스텔라/쿠키세트
67	151	584	초콜릿/캔디
67	151	764	HMR(가정식/간편식)
67	182	51	5 / 6
67	186	36	2,200원
67	244	36	캐슈넛, 아몬드, 땅콩에 상큼한 크랜베리와 크리스피 볼을 넣은 고소한 넛츠바
67	248	335	뚜레쥬르 구수동점
67	298	404	4.8(1,543)
67	352	36	겹겹이 밀크롤인
67	406	36	3,800원
67	464	36	부드러운 빵 사이에 우유와 버터를 겹겹이 샌드한 제품
67	512	72	품절임박
67	512	166	잔여 1개
67	592	36	허니카스테라
67	646	36	6,000원
67	704	36	국내산 꿀로 은은한 단맛을 살린 부드럽고 쫀득한 식감의 카스테라 (제품 하단의 크리스탈슈가는 정통 카스테라의 특징으로, 안심하고 드셔도 됩니다.)
67	782	72	품절임박
67	782	166	잔여 3개
67	832	63	리뷰 (2)
67	906	36	아름핑이 좋아하는 미니샌드 스트로베리
67	960	36	2,500원
67	1018	36	상큼한 딸기크림이 들어가 간식으로 즐기기 좋은 미니사이즈 샌드 빵
67	1066	72	품절임박
67	1066	166	잔여 2개
67	1146	36	헬로카봇 젤리스틱(사파리세이버)
67	1200	36	3,500원
67	1258	36	인기만점 헬로카봇 캐릭터인 사파리세이버 얼굴모양 딸기 젤리스틱
67	1359	36	헬로카봇 젤리스틱(펜타스톰X)
67	1413	36	3,500원
67	1441	121	지금 와우 가입하면 배달비 0원 + 25,000원 쿠폰
67	1458	781	가입하기
67	1471	36	인기만점 헬로카봇 캐릭터인 펜타스톰X 얼굴모양 오렌지 젤리스틱
67	1556	24	배달비 0원 + 1,000원 즉시할인
68	0	0	달콤한 요거트 크림에 복숭아 잼을 더해 상큼하게 즐길 수 있는 롤케이크
68	0	0	허니카스테라
68	19	36	국내산 꿀로 은은한 단맛을 살린 부드럽고 쫀득한 식감의 카스테라 (제품 하단의 크리스탈슈가는 정통 카스테라의 특징으로, 안심하고 드셔도 됩니다.)
68	66	155	뚜레쥬르 구수동점 내 메뉴를 찾아보세요
68	147	63	리뷰 (2)
68	151	114	디저트
68	151	240	롤케이크/카스텔라/쿠키세트
68	151	584	초콜릿/캔디
68	151	764	HMR(가정식/간편식)
68	182	51	6 / 6
68	221	36	아름핑이 좋아하는 미니샌드 스트로베리
68	248	335	뚜레쥬르 구수동점
68	275	36	2,500원
68	298	404	4.8(1,543)
68	333	36	상큼한 딸기크림이 들어가 간식으로 즐기기 좋은 미니사이즈 샌드 빵
68	381	72	품절임박
68	381	166	잔여 2개
68	461	36	헬로카봇 젤리스틱(사파리세이버)
68	515	36	3,500원
68	573	36	인기만점 헬로카봇 캐릭터인 사파리세이버 얼굴모양 딸기 젤리스틱
68	674	36	헬로카봇 젤리스틱(펜타스톰X)
68	728	36	3,500원
68	786	36	인기만점 헬로카봇 캐릭터인 펜타스톰X 얼굴모양 오렌지 젤리스틱
68	917	42	롤케이크/카스텔라/쿠키세트
68	999	36	클래식롤케이크
68	1053	36	16,000원
68	1111	36	부드러운 시트에 버터 풍미가 가득한 크림과 달콤한 건포드를 더해 식감을 살린 촉촉한 롤케이크
68	1189	72	품절임박
68	1189	166	잔여 4개
68	1269	36	클래식딸기잼롤케이크
68	1323	36	16,000원
68	1381	36	부드러운 시트에 상큼한 딸기잼으로 달콤함을 더한 촉촉한 롤케이크
68	1429	72	품절임박
68	1429	166	잔여 7개
68	1441	121	지금 와우 가입하면 배달비 0원 + 25,000원 쿠폰
68	1458	781	가입하기
68	1479	63	리뷰 (1)
68	1553	36	피치 요거 롤케이크
68	1556	24	배달비 0원 + 1,000원 즉시할인
69	0	36	헬로카봇 젤리스틱(펜타스톰X)
69	66	155	뚜레쥬르 구수동점 내 메뉴를 찾아보세요
69	99	36	인기만점 헬로카봇 캐릭터인 펜타스톰X 얼굴모양 오렌지 젤리스틱
69	151	114	디저트
69	151	240	롤케이크/카스텔라/쿠키세트
69	151	584	초콜릿/캔디
69	151	764	HMR(가정식/간편식)
69	182	51	1 / 6
69	230	42	롤케이크/카스텔라/쿠키세트
69	248	335	뚜레쥬르 구수동점
69	298	404	4.8(1,543)
69	312	36	클래식롤케이크
69	366	36	16,000원
69	424	36	부드러운 시트에 버터 풍미가 가득한 크림과 달콤한 건포드를 더해 식감을 살린 촉촉한 롤케이크
69	502	72	품절임박
69	502	166	잔여 4개
69	582	36	클래식딸기잼롤케이크
69	636	36	16,000원
69	694	36	부드러운 시트에 상큼한 딸기잼으로 달콤함을 더한 촉촉한 롤케이크
69	742	72	품절임박
69	742	166	잔여 7개
69	792	63	리뷰 (1)
69	866	36	피치 요거 롤케이크
69	920	36	18,000원
69	978	36	달콤한 요거트 크림에 복숭아 잼을 더해 상큼하게 즐길 수 있는 롤케이크
69	1026	72	품절임박
69	1026	166	잔여 1개
69	1106	36	벌꿀 카스테라
69	1160	36	16,000원
69	1218	36	사양벌꿀을 더해 부드러운 달콤함을 느낄 수 있는 촉촉한 벌꿀 카스텔라
69	1266	72	품절임박
69	1266	166	잔여 7개
69	1316	63	리뷰 (1)
69	1390	36	THE 파운드
69	1441	121	지금 와우 가입하면 배달비 0원 + 25,000원 쿠폰
69	1444	36	17,000원
69	1458	781	가입하기
69	1502	36	고소한 견과류와 7가지 향긋한 건과일을 더해 다채로운 식감과 깊은 풍미를 한 층 더 담은 파운드
69	1556	24	배달비 0원 + 1,000원 즉시할인
69	1580	72	품절임박
69	1580	166	잔여 2개
70	0	0	감칠맛의 김, 고소한 땅콩, 담백한 검은깨 맛으로 구성된 우리쌀 전병 세트
70	0	0	클래식딸기잼롤케이크
70	5	36	부드러운 시트에 상큼한 딸기잼으로 달콤함을 더한 촉촉한 롤케이크
70	66	155	뚜레쥬르 구수동점 내 메뉴를 찾아보세요
70	103	63	리뷰 (1)
70	151	114	롤케이크/카스텔라/쿠키세트
70	151	456	초콜릿/캔디
70	151	636	HMR(가정식/간편식)
70	177	36	피치 요거 롤케이크
70	182	51	2 / 6
70	231	36	18,000원
70	248	335	뚜레쥬르 구수동점
70	289	36	달콤한 요거트 크림에 복숭아 잼을 더해 상큼하게 즐길 수 있는 롤케이크
70	298	404	4.8(1,543)
70	337	72	품절임박
70	337	166	잔여 1개
70	417	36	벌꿀 카스테라
70	471	36	16,000원
70	529	36	사양벌꿀을 더해 부드러운 달콤함을 느낄 수 있는 촉촉한 벌꿀 카스텔라
70	577	72	품절임박
70	577	166	잔여 7개
70	627	63	리뷰 (1)
70	701	36	THE 파운드
70	755	36	17,000원
70	813	36	고소한 견과류와 7가지 향긋한 건과일을 더해 다채로운 식감과 깊은 풍미를 한 층 더 담은 파운드
70	891	72	품절임박
70	891	166	잔여 2개
70	971	36	고소한 호두 파운드
70	1025	36	17,000원
70	1083	36	한 입 가득 퍼지는 호두의 고소함을 더해 견과의 풍부한 풍미를 가득 끌어올린 호두 파운드
70	1161	72	품절임박
70	1161	166	잔여 4개
70	1241	36	THE호두파이(홀)
70	1295	36	27,000원
70	1353	36	통밀이 들어간 파이에 로스팅한 호두를 듬뿍 올려 고소함과 깊은 풍미를 살린 호두파이
70	1431	72	품절임박
70	1431	166	잔여 4개
70	1441	121	지금 와우 가입하면 배달비 0원 + 25,000원 쿠폰
70	1458	781	가입하기
70	1511	36	우리쌀 전병 세트
70	1556	24	배달비 0원 + 1,000원 즉시할인
70	1565	36	33,000원
71	16	36	THE 파운드
71	66	155	뚜레쥬르 구수동점 내 메뉴를 찾아보세요
71	128	36	고소한 견과류와 7가지 향긋한 건과일을 더해 다채로운 식감과 깊은 풍미를 한 층 더 담은 파운드
71	151	114	롤케이크/카스텔라/쿠키세트
71	151	456	초콜릿/캔디
71	151	636	HMR(가정식/간편식)
71	182	51	3 / 6
71	206	72	품절임박
71	206	166	잔여 2개
71	248	335	뚜레쥬르 구수동점
71	286	36	고소한 호두 파운드
71	298	404	4.8(1,543)
71	340	36	17,000원
71	398	36	한 입 가득 퍼지는 호두의 고소함을 더해 견과의 풍부한 풍미를 가득 끌어올린 호두 파운드
71	476	72	품절임박
71	476	166	잔여 4개
71	556	36	THE호두파이(홀)
71	610	36	27,000원
71	668	36	통밀이 들어간 파이에 로스팅한 호두를 듬뿍 올려 고소함과 깊은 풍미를 살린 호두파이
71	746	72	품절임박
71	746	166	잔여 4개
71	826	36	우리쌀 전병 세트
71	880	36	33,000원
71	938	36	감칠맛의 김, 고소한 땅콩, 담백한 검은깨 맛으로 구성된 우리쌀 전병 세트
71	986	72	품절임박
71	986	166	잔여 2개
71	1066	36	요거트 웨이퍼 샌드(디즈니)
71	1120	36	18,900원
71	1178	36	바삭바삭 얇게 구운 과자에 맛있는 요거트 크림이 샌드된 웨이퍼 샌드
71	1226	72	품절임박
71	1226	166	잔여 3개
71	1306	36	라즈베리 웨이퍼 샌드(디즈니)
71	1360	36	18,900원
71	1418	36	바삭바삭 얇게 구운 과자에 맛있는 라즈베리 크림이 샌드된 웨이퍼 샌드
71	1441	121	지금 와우 가입하면 배달비 0원 + 25,000원 쿠폰
71	1458	781	가입하기
71	1466	72	품절임박
71	1466	166	잔여 2개
71	1556	24	배달비 0원 + 1,000원 즉시할인
71	1576	42	초콜릿/캔디
72	0	0	벨기에 정통 초콜릿을 하트 모양으로 즐길 수 있는 초콜릿
72	0	0	벨지안 초콜릿(하트)_65g
72	66	155	뚜레쥬르 구수동점 내 메뉴를 찾아보세요
72	141	36	우리쌀 전병 세트
72	151	114	롤케이크/카스텔라/쿠키세트
72	151	456	초콜릿/캔디
72	151	636	HMR(가정식/간편식)
72	182	51	4 / 6
72	195	36	33,000원
72	248	335	뚜레쥬르 구수동점
72	253	36	감칠맛의 김, 고소한 땅콩, 담백한 검은깨 맛으로 구성된 우리쌀 전병 세트
72	298	404	4.8(1,543)
72	301	72	품절임박
72	301	166	잔여 2개
72	381	36	요거트 웨이퍼 샌드(디즈니)
72	435	36	18,900원
72	493	36	바삭바삭 얇게 구운 과자에 맛있는 요거트 크림이 샌드된 웨이퍼 샌드
72	541	72	품절임박
72	541	166	잔여 3개
72	621	36	라즈베리 웨이퍼 샌드(디즈니)
72	675	36	18,900원
72	733	36	바삭바삭 얇게 구운 과자에 맛있는 라즈베리 크림이 샌드된 웨이퍼 샌드
72	781	72	품절임박
72	781	166	잔여 2개
72	891	42	초콜릿/캔디
72	973	36	밀레니엄 베리페리 솔티드 카라멜
72	1027	36	12,000원
72	1085	36	땅콩과 시리얼 플레이크가 어우러진 단짠 단짠 매력의 솔티드 카라멜 초콜릿
72	1193	36	벨지안 초콜릿(크리미 바닐라 씨쉘)_65g
72	1247	36	6,700원
72	1305	36	크리미한 바닐라 맛으로 선물하기 좋은 벨지안 초콜릿
72	1406	36	벨지안 초콜릿(씨쉘)_65g
72	1441	121	지금 와우 가입하면 배달비 0원 + 25,000원 쿠폰
72	1458	781	가입하기
72	1460	36	6,700원
72	1518	36	벨기에 정통 초콜릿을 간편하게 즐길 수 있는 초콜릿
72	1556	24	배달비 0원 + 1,000원 즉시할인
73	0	0	라즈베리 웨이퍼 샌드(디즈니)
73	46	36	바삭바삭 얇게 구운 과자에 맛있는 라즈베리 크림이 샌드된 웨이퍼 샌드
73	66	155	뚜레쥬르 구수동점 내 메뉴를 찾아보세요
73	151	114	롤케이크/카스텔라/쿠키세트
73	151	456	초콜릿/캔디
73	151	636	HMR(가정식/간편식)
73	182	51	5 / 6
73	204	42	초콜릿/캔디
73	248	335	뚜레쥬르 구수동점
73	286	36	밀레니엄 베리페리 솔티드 카라멜
73	298	404	4.8(1,543)
73	340	36	12,000원
73	398	36	땅콩과 시리얼 플레이크가 어우러진 단짠 단짠 매력의 솔티드 카라멜 초콜릿
73	506	36	벨지안 초콜릿(크리미 바닐라 씨쉘)_65g
73	560	36	6,700원
73	618	36	크리미한 바닐라 맛으로 선물하기 좋은 벨지안 초콜릿
73	719	36	벨지안 초콜릿(씨쉘)_65g
73	773	36	6,700원
73	831	36	벨기에 정통 초콜릿을 간편하게 즐길 수 있는 초콜릿
73	932	36	벨지안 초콜릿(하트)_65g
73	986	36	6,700원
73	1044	36	벨기에 정통 초콜릿을 하트 모양으로 즐길 수 있는 초콜릿
73	1145	36	벨지안 초콜릿(씨쉘)_250g
73	1199	36	16,600원
73	1257	36	달콤하고 부드러운 필링이 가득 들어있는 벨지안 초콜릿 세트
73	1305	72	품절임박
73	1305	166	잔여 3개
73	1385	36	햄렛(이메이지 레드)
73	1439	36	14,000원
73	1441	121	지금 와우 가입하면 배달비 0원 + 25,000원 쿠폰
73	1458	781	가입하기
73	1497	36	고급스러운 레드 리본이 포인트! 3가지 다른 모양과 맛이 매력적인 초콜릿 세트
73	1556	24	배달비 0원 + 1,000원 즉시할인
73	1575	72	품절임박
73	1575	166	잔여 3개
74	0	0	부드러운 필링 속에 견과류가 들어있어 고소하고 달콤한 넛츠 초콜릿
74	34	36	벨지안 초콜릿(씨쉘)_65g
74	66	155	뚜레쥬르 구수동점 내 메뉴를 찾아보세요
74	146	36	벨기에 정통 초콜릿을 간편하게 즐길 수 있는 초콜릿
74	151	78	롤케이크/카스텔라/쿠키세트
74	151	313	초콜릿/캔디
74	151	492	HMR(가정식/간편식)
74	151	763	빕스 RMR
74	182	51	6 / 6
74	247	36	벨지안 초콜릿(하트)_65g
74	248	335	뚜레쥬르 구수동점
74	298	404	4.8(1,543)
74	301	36	6,700원
74	359	36	벨기에 정통 초콜릿을 하트 모양으로 즐길 수 있는 초콜릿
74	460	36	벨지안 초콜릿(씨쉘)_250g
74	514	36	16,600원
74	572	36	달콤하고 부드러운 필링이 가득 들어있는 벨지안 초콜릿 세트
74	620	72	품절임박
74	620	166	잔여 3개
74	700	36	햄렛(이메이지 레드)
74	754	36	14,000원
74	812	36	고급스러운 레드 리본이 포인트! 3가지 다른 모양과 맛이 매력적인 초콜릿 세트
74	890	72	품절임박
74	890	166	잔여 3개
74	970	36	햄렛(이메이지 브라운)
74	1024	36	14,000원
74	1082	36	고급스러운 골드 리본이 포인트! 3가지 다른 모양과 맛이 매력적인 초콜릿 세트
74	1160	72	품절임박
74	1160	166	잔여 1개
74	1240	36	햄렛(프랄린 컬렉션)
74	1294	36	27,000원
74	1352	36	부드러운 초콜릿 쉘 안에 크림, 견과류, 과일 등 다양한 필링이 들어간 햄렛 프랄린 컬렉션
74	1430	72	품절임박
74	1430	166	잔여 1개
74	1441	121	지금 와우 가입하면 배달비 0원 + 25,000원 쿠폰
74	1458	781	가입하기
74	1510	36	미에슈코 아모레따(피코 넛츠)_155g
74	1556	24	배달비 0원 + 1,000원 즉시할인
74	1564	36	7,900원
75	0	0	부드러운 식감과 고소한 견과류의 풍미를 동시에 느낄 수 있어 인기있는 헤이즐넛 21구 초콜릿
75	21	36	햄렛(이메이지 레드)
75	66	155	뚜레쥬르 구수동점 내 메뉴를 찾아보세요
75	133	36	고급스러운 레드 리본이 포인트! 3가지 다른 모양과 맛이 매력적인 초콜릿 세트
75	151	78	롤케이크/카스텔라/쿠키세트
75	151	313	초콜릿/캔디
75	151	492	HMR(가정식/간편식)
75	151	763	빕스 RMR
75	182	51	1 / 6
75	211	72	품절임박
75	211	166	잔여 3개
75	248	335	뚜레쥬르 구수동점
75	291	36	햄렛(이메이지 브라운)
75	298	404	4.8(1,543)
75	345	36	14,000원
75	403	36	고급스러운 골드 리본이 포인트! 3가지 다른 모양과 맛이 매력적인 초콜릿 세트
75	481	72	품절임박
75	481	166	잔여 1개
75	561	36	햄렛(프랄린 컬렉션)
75	615	36	27,000원
75	673	36	부드러운 초콜릿 쉘 안에 크림, 견과류, 과일 등 다양한 필링이 들어간 햄렛 프랄린 컬렉션
75	751	72	품절임박
75	751	166	잔여 1개
75	831	36	미에슈코 아모레따(피코 넛츠)_155g
75	885	36	7,900원
75	943	36	부드러운 필링 속에 견과류가 들어있어 고소하고 달콤한 넛츠 초콜릿
75	991	72	품절임박
75	991	166	잔여 6개
75	1071	36	하와이안 호스트 마우이 카라막스
75	1125	36	17,000원
75	1183	36	부드러운 밀크 초콜릿 코팅 안에 크리미한 카라멜과 마카다미아가 들어있는 초콜릿
75	1261	72	품절임박
75	1261	166	잔여 1개
75	1341	36	벨라르도 헤이즐넛&초콜릿볼(16구)
75	1395	36	20,500원
75	1441	121	지금 와우 가입하면 배달비 0원 + 25,000원 쿠폰
75	1453	36	부드러운 식감과 고소한 견과류의 풍미를 동시에 느낄 수 있어 인기있는 헤이즐넛 16구 초콜릿
75	1458	781	가입하기
75	1556	24	배달비 0원 + 1,000원 즉시할인
75	1561	36	벨라르도 헤이즐넛&초콜릿볼(21구)
76	66	155	뚜레쥬르 구수동점 내 메뉴를 찾아보세요
76	151	36	미에슈코 아모레따(피코 넛츠)_155g
76	151	78	롤케이크/카스텔라/쿠키세트
76	151	313	초콜릿/캔디
76	151	492	HMR(가정식/간편식)
76	151	763	빕스 RMR
76	182	51	2 / 6
76	205	36	7,900원
76	248	335	뚜레쥬르 구수동점
76	263	36	부드러운 필링 속에 견과류가 들어있어 고소하고 달콤한 넛츠 초콜릿
76	298	404	4.8(1,543)
76	311	72	품절임박
76	311	166	잔여 6개
76	391	36	하와이안 호스트 마우이 카라막스
76	445	36	17,000원
76	503	36	부드러운 밀크 초콜릿 코팅 안에 크리미한 카라멜과 마카다미아가 들어있는 초콜릿
76	581	72	품절임박
76	581	166	잔여 1개
76	661	36	벨라르도 헤이즐넛&초콜릿볼(16구)
76	715	36	20,500원
76	773	36	부드러운 식감과 고소한 견과류의 풍미를 동시에 느낄 수 있어 인기있는 헤이즐넛 16구 초콜릿
76	881	36	벨라르도 헤이즐넛&초콜릿볼(21구)
76	935	36	23,000원
76	993	36	부드러운 식감과 고소한 견과류의 풍미를 동시에 느낄 수 있어 인기있는 헤이즐넛 21구 초콜릿
76	1071	72	품절임박
76	1071	166	잔여 5개
76	1151	36	댄케이크 초코 버터 쿠키_200g
76	1205	36	7,900원
76	1263	36	선물용으로 알맞은 부피감 있는 사이즈에 합리적인 가격의 초코 버터 쿠키
76	1311	72	품절임박
76	1311	166	잔여 2개
76	1391	36	스누피 가방 틴케이스 젤리
76	1441	121	지금 와우 가입하면 배달비 0원 + 25,000원 쿠폰
76	1445	36	9,600원
76	1458	781	가입하기
76	1503	36	새콤한 사우어 젤리와 달콤 말랑한 스누피 모양의 젤리가 들어있어 소장하고 싶은 가방 모양의 틴 케이스 제품
76	1556	24	배달비 0원 + 1,000원 즉시할인
76	1581	72	품절임박
76	1581	166	잔여 2개
77	0	36	벨라르도 헤이즐넛&초콜릿볼(16구)
77	66	155	뚜레쥬르 구수동점 내 메뉴를 찾아보세요
77	85	36	부드러운 식감과 고소한 견과류의 풍미를 동시에 느낄 수 있어 인기있는 헤이즐넛 16구 초콜릿
77	151	78	롤케이크/카스텔라/쿠키세트
77	151	313	초콜릿/캔디
77	151	492	HMR(가정식/간편식)
77	151	763	빕스 RMR
77	182	51	3 / 6
77	193	36	벨라르도 헤이즐넛&초콜릿볼(21구)
77	247	36	23,000원
77	248	335	뚜레쥬르 구수동점
77	298	404	4.8(1,543)
77	305	36	부드러운 식감과 고소한 견과류의 풍미를 동시에 느낄 수 있어 인기있는 헤이즐넛 21구 초콜릿
77	383	72	품절임박
77	383	166	잔여 5개
77	463	36	댄케이크 초코 버터 쿠키_200g
77	517	36	7,900원
77	575	36	선물용으로 알맞은 부피감 있는 사이즈에 합리적인 가격의 초코 버터 쿠키
77	623	72	품절임박
77	623	166	잔여 2개
77	703	36	스누피 가방 틴케이스 젤리
77	757	36	9,600원
77	815	36	새콤한 사우어 젤리와 달콤 말랑한 스누피 모양의 젤리가 들어있어 소장하고 싶은 가방 모양의 틴 케이스 제품
77	893	72	품절임박
77	893	166	잔여 2개
77	1003	42	HMR(가정식/간편식)
77	1094	36	보양삼계죽
77	1142	36	4,500원
77	1200	36	향긋한 인삼, 잘 찢어낸 닭가슴살을 진한 닭육수에 정성으로 끓여낸 보양 삼계죽
77	1289	36	통단팥죽
77	1337	36	4,500원
77	1395	36	통 단팥을 그대로 끓여내 자연 단맛과 식감을 담아낸 통 단팥죽
77	1441	121	지금 와우 가입하면 배달비 0원 + 25,000원 쿠폰
77	1458	781	가입하기
77	1473	36	양송이크림스프
77	1527	36	4,300원
77	1556	24	배달비 0원 + 1,000원 즉시할인
77	1585	36	향긋한 양송이를 듬뿍 넣어 끓어낸 깊은 풍미의 크림 스프
78	12	36	스누피 가방 틴케이스 젤리
78	66	155	뚜레쥬르 구수동점 내 메뉴를 찾아보세요
78	124	36	새콤한 사우어 젤리와 달콤 말랑한 스누피 모양의 젤리가 들어있어 소장하고 싶은 가방 모양의 틴 케이스 제품
78	151	78	롤케이크/카스텔라/쿠키세트
78	151	313	초콜릿/캔디
78	151	492	HMR(가정식/간편식)
78	151	763	빕스 RMR
78	182	51	4 / 6
78	202	72	품절임박
78	202	166	잔여 2개
78	248	335	뚜레쥬르 구수동점
78	298	404	4.8(1,543)
78	312	42	HMR(가정식/간편식)
78	403	36	보양삼계죽
78	451	36	4,500원
78	509	36	향긋한 인삼, 잘 찢어낸 닭가슴살을 진한 닭육수에 정성으로 끓여낸 보양 삼계죽
78	598	36	통단팥죽
78	646	36	4,500원
78	704	36	통 단팥을 그대로 끓여내 자연 단맛과 식감을 담아낸 통 단팥죽
78	782	36	양송이크림스프
78	836	36	4,300원
78	894	36	향긋한 양송이를 듬뿍 넣어 끓어낸 깊은 풍미의 크림 스프
78	942	72	품절임박
78	942	166	잔여 4개
78	1052	42	빕스 RMR
78	1134	36	바비큐 포크 라이스
78	1188	36	4,500원
78	1246	36	뚜레쥬르에서 만나는 빕스 대표 볶음밥 : 고슬고슬하게 지은 밥에 빕스 오리지널 바비큐 소스로 감칠맛을 더하고 폴드포크와 다양한 채소 토핑으로 풍성히 즐길 수 있는 라이스  (냉동제품으로 조리 후 취식가능한 제품입니다.)
78	1324	72	품절임박
78	1324	166	잔여 1개
78	1404	36	미트라자냐
78	1441	121	지금 와우 가입하면 배달비 0원 + 25,000원 쿠폰
78	1458	36	12,900원
78	1458	781	가입하기
78	1516	36	얇고 쫄깃한 라자냐면에 진한 볼로네제 소스와 모짜렐라 치즈를 듬뿍 올린 라자냐
78	1556	24	배달비 0원 + 1,000원 즉시할인
78	1594	72	품절임박
78	1594	166	잔여 2개
79	37	36	보양삼계죽
79	66	155	뚜레쥬르 구수동점 내 메뉴를 찾아보세요
79	143	36	향긋한 인삼, 잘 찢어낸 닭가슴살을 진한 닭육수에 정성으로 끓여낸 보양 삼계죽
79	151	78	롤케이크/카스텔라/쿠키세트
79	151	313	초콜릿/캔디
79	151	493	HMR(가정식/간편식)
79	151	763	빕스 RMR
79	182	51	5 / 6
79	232	36	통단팥죽
79	248	335	뚜레쥬르 구수동점
79	280	36	4,500원
79	298	404	4.8(1,543)
79	338	36	통 단팥을 그대로 끓여내 자연 단맛과 식감을 담아낸 통 단팥죽
79	416	36	양송이크림스프
79	470	36	4,300원
79	528	36	향긋한 양송이를 듬뿍 넣어 끓어낸 깊은 풍미의 크림 스프
79	576	72	품절임박
79	576	166	잔여 4개
79	686	42	빕스 RMR
79	768	36	바비큐 포크 라이스
79	822	36	4,500원
79	880	36	뚜레쥬르에서 만나는 빕스 대표 볶음밥 : 고슬고슬하게 지은 밥에 빕스 오리지널 바비큐 소스로 감칠맛을 더하고 폴드포크와 다양한 채소 토핑으로 풍성히 즐길 수 있는 라이스  (냉동제품으로 조리 후 취식가능한 제품입니다.)
79	958	72	품절임박
79	958	166	잔여 1개
79	1038	36	미트라자냐
79	1092	36	12,900원
79	1150	36	얇고 쫄깃한 라자냐면에 진한 볼로네제 소스와 모짜렐라 치즈를 듬뿍 올린 라자냐
79	1228	72	품절임박
79	1228	166	잔여 2개
79	1320	36	비슷한 간식 맛집 추천해요
79	1326	810	광고
79	1384	171	뚜레쥬르 마포홍대점
79	1396	560	홍콩다방 홍대입구역점
79	1419	220	(471)ㆍ
79	1420	195	4.9
79	1420	279	0.2km
79	1431	609	(963)ㆍ
79	1432	584	4.9
79	1432	668	0.1km
79	1441	121	지금 와우 가입하면 배달비 0원 + 25,000원 쿠폰
79	1456	198	3,000원 쿠폰
79	1458	781	가입하기
79	1464	560	배달비 0원
79	1485	171	배달비 0원
79	1556	24	배달비 0원 + 1,000원 즉시할인
