0	0	0	90% (52개)
0	0	0	ㆍ
0	0	0	리뷰 (39)
0	446	51	3 / 3
0	512	349	얌샘김밥 삼성점
0	562	412	4.7(334)
0	679	674	매장∙원산지정보
0	690	69	31분
0	751	36	최소주문
0	751	153	12,000원
0	806	36	일반회원
0	807	153	700-4,300원 0원
0	808	318	자세히
0	848	36	와우회원
0	848	153	와우회원은 매 주문 배달비 0원
0	920	127	지금 와우 가입하면 배달비 0원 + 25,000원 쿠폰
0	937	766	가입하기
0	1028	54	1,000원 즉시할인 자동 적용
0	1118	168	리뷰 잘 안쓰는데.. 얌샘 김밥 좋아하는 1인인데.. 대치.선릉점 비해서 삼성점이 월등히 맛이 있고 김밥에 경우 재료도 튼실합니다. 삼성점 강추해요
0	1118	606	너무 맛있어서 연속으로 먹고 있습니다 정말 맛있게 잘먹었습니다 감사합니다
0	1287	114	검색한 메뉴
0	1287	290	&#128293; 인기메뉴
0	1287	474	김밥
0	1287	578	스페셜
0	1287	704	분식
0	1287	808	식사
0	1388	42	검색한 메뉴
0	1434	36	양샘김밥 검색 결과
0	1508	36	얌샘김밥
0	1562	36	4,200원
1	66	155	얌샘김밥 삼성점 내 메뉴를 찾아보세요
1	150	674	매장∙원산지정보
1	161	69	31분
1	182	51	1 / 3
1	222	36	최소주문
1	222	153	12,000원
1	248	349	얌샘김밥 삼성점
1	277	36	일반회원
1	278	153	700-4,300원 0원
1	279	318	자세히
1	298	412	4.7(334)
1	319	36	와우회원
1	319	153	와우회원은 매 주문 배달비 0원
1	391	127	지금 와우 가입하면 배달비 0원 + 25,000원 쿠폰
1	408	766	가입하기
1	499	54	1,000원 즉시할인 자동 적용
1	589	168	리뷰 잘 안쓰는데.. 얌샘 김밥 좋아하는 1인인데.. 대치.선릉점 비해서 삼성점이 월등히 맛이 있고 김밥에 경우 재료도 튼실합니다. 삼성점 강추해요
1	589	606	너무 맛있어서 연속으로 먹고 있습니다 정말 맛있게 잘먹었습니다 감사합니다
1	758	114	검색한 메뉴
1	758	290	&#128293; 인기메뉴
1	758	474	김밥
1	758	578	스페셜
1	758	704	분식
1	758	808	식사
1	859	42	검색한 메뉴
1	905	36	양샘김밥 검색 결과
1	979	36	얌샘김밥
1	1033	36	4,200원
1	1091	63	90% (52개)
1	1091	149	ㆍ
1	1091	193	리뷰 (39)
1	1222	42	인기메뉴
1	1300	88	1위
1	1300	304	2위
1	1300	520	3위
1	1300	708	4위
1	1499	36	참치샐러드김밥
1	1499	252	진미오징어채김밥
1	1499	468	라볶이
1	1499	684	더블치즈김밥
1	1540	36	5,300원
1	1540	252	5,300원
1	1540	468	7,000원
1	1540	684	5,300원
1	1556	24	배달비 0원 + 1,000원 즉시할인
2	66	155	얌샘김밥 삼성점 내 메뉴를 찾아보세요
2	132	168	리뷰 잘 안쓰는데.. 얌샘 김밥 좋아하는 1인인데.. 대치.선릉점 비해서 삼성점이 월등히 맛이 있고 김밥에 경우 재료도 튼실합니다. 삼성점 강추해요
2	132	606	너무 맛있어서 연속으로 먹고 있습니다 정말 맛있게 잘먹었습니다 감사합니다
2	182	51	2 / 3
2	248	349	얌샘김밥 삼성점
2	263	114	검색한 메뉴
2	263	290	&#128293; 인기메뉴
2	263	474	김밥
2	263	578	스페셜
2	263	704	분식
2	263	808	식사
2	298	412	4.7(334)
2	364	42	검색한 메뉴
2	410	36	양샘김밥 검색 결과
2	484	36	얌샘김밥
2	538	36	4,200원
2	596	63	90% (52개)
2	596	149	ㆍ
2	596	193	리뷰 (39)
2	727	42	인기메뉴
2	805	88	1위
2	805	304	2위
2	805	520	3위
2	805	708	4위
2	1004	36	참치샐러드김밥
2	1004	252	진미오징어채김밥
2	1004	468	라볶이
2	1004	684	더블치즈김밥
2	1045	36	5,300원
2	1045	252	5,300원
2	1045	468	7,000원
2	1045	684	5,300원
2	1163	42	김밥
2	1245	36	얌샘김밥
2	1299	36	4,200원
2	1357	63	90% (52개)
2	1357	149	ㆍ
2	1357	193	리뷰 (39)
2	1441	121	지금 와우 가입하면 배달비 0원 + 25,000원 쿠폰
2	1458	36	왕소세지김밥
2	1458	781	가입하기
2	1512	36	4,800원
2	1556	24	배달비 0원 + 1,000원 즉시할인
2	1570	63	94% (16개)
2	1570	149	ㆍ
2	1570	193	리뷰 (13)
3	0	0	95% (39개)
3	0	0	ㆍ
3	0	0	리뷰 (28)
3	0	0	진미오징어채김밥
3	0	36	얌샘김밥
3	66	155	얌샘김밥 삼성점 내 메뉴를 찾아보세요
3	102	63	90% (52개)
3	102	149	ㆍ
3	102	193	리뷰 (39)
3	151	114	검색한 메뉴
3	151	290	&#128293; 인기메뉴
3	151	474	김밥
3	151	578	스페셜
3	151	704	분식
3	151	808	식사
3	182	51	3 / 3
3	233	42	인기메뉴
3	248	349	얌샘김밥 삼성점
3	298	412	4.7(334)
3	311	88	1위
3	311	304	2위
3	311	520	3위
3	311	708	4위
3	510	36	참치샐러드김밥
3	510	252	진미오징어채김밥
3	510	468	라볶이
3	510	684	더블치즈김밥
3	551	36	5,300원
3	551	252	5,300원
3	551	468	7,000원
3	551	684	5,300원
3	669	42	김밥
3	751	36	얌샘김밥
3	805	36	4,200원
3	863	63	90% (52개)
3	863	149	ㆍ
3	863	193	리뷰 (39)
3	964	36	왕소세지김밥
3	1018	36	4,800원
3	1076	63	94% (16개)
3	1076	149	ㆍ
3	1076	193	리뷰 (13)
3	1177	36	더블치즈김밥
3	1231	36	5,300원
3	1289	63	100% (7개)
3	1289	149	ㆍ
3	1289	193	리뷰 (2)
3	1391	45	주문많음
3	1391	133	리뷰최고
3	1417	36	참치샐러드김밥
3	1441	121	지금 와우 가입하면 배달비 0원 + 25,000원 쿠폰
3	1458	781	가입하기
3	1471	36	5,300원
3	1529	63	92% (49개)
3	1529	149	ㆍ
3	1529	193	리뷰 (33)
3	1556	24	배달비 0원 + 1,000원 즉시할인
4	0	0	86% (14개)
4	0	0	ㆍ
4	0	0	리뷰 (12)
4	66	155	얌샘김밥 삼성점 내 메뉴를 찾아보세요
4	151	78	&#128293; 인기메뉴
4	151	212	김밥
4	151	316	스페셜
4	151	442	분식
4	151	546	식사
4	151	650	계절메뉴
4	151	798	사이드
4	173	42	김밥
4	182	51	1 / 3
4	248	349	얌샘김밥 삼성점
4	255	36	얌샘김밥
4	298	412	4.7(334)
4	309	36	4,200원
4	367	63	90% (52개)
4	367	149	ㆍ
4	367	193	리뷰 (39)
4	468	36	왕소세지김밥
4	522	36	4,800원
4	580	63	94% (16개)
4	580	149	ㆍ
4	580	193	리뷰 (13)
4	681	36	더블치즈김밥
4	735	36	5,300원
4	793	63	100% (7개)
4	793	149	ㆍ
4	793	193	리뷰 (2)
4	895	45	주문많음
4	895	133	리뷰최고
4	921	36	참치샐러드김밥
4	975	36	5,300원
4	1033	63	92% (49개)
4	1033	149	ㆍ
4	1033	193	리뷰 (33)
4	1107	36	진미오징어채김밥
4	1161	36	5,300원
4	1219	63	95% (39개)
4	1219	149	ㆍ
4	1219	193	리뷰 (28)
4	1320	36	돈까스김밥
4	1374	36	5,800원
4	1432	63	86% (7개)
4	1432	139	ㆍ
4	1432	183	리뷰 (7)
4	1441	121	지금 와우 가입하면 배달비 0원 + 25,000원 쿠폰
4	1458	781	가입하기
4	1533	36	날치알톡톡김밥
4	1556	24	배달비 0원 + 1,000원 즉시할인
4	1587	36	6,000원
5	0	36	왕소세지김밥
5	66	155	얌샘김밥 삼성점 내 메뉴를 찾아보세요
5	92	63	94% (16개)
5	92	149	ㆍ
5	92	193	리뷰 (13)
5	151	78	&#128293; 인기메뉴
5	151	212	김밥
5	151	316	스페셜
5	151	442	분식
5	151	546	식사
5	151	650	계절메뉴
5	151	798	사이드
5	182	51	2 / 3
5	193	36	더블치즈김밥
5	247	36	5,300원
5	248	349	얌샘김밥 삼성점
5	298	412	4.7(334)
5	305	63	100% (7개)
5	305	149	ㆍ
5	305	193	리뷰 (2)
5	407	45	주문많음
5	407	133	리뷰최고
5	433	36	참치샐러드김밥
5	487	36	5,300원
5	545	63	92% (49개)
5	545	149	ㆍ
5	545	193	리뷰 (33)
5	619	36	진미오징어채김밥
5	673	36	5,300원
5	731	63	95% (39개)
5	731	149	ㆍ
5	731	193	리뷰 (28)
5	832	36	돈까스김밥
5	886	36	5,800원
5	944	63	86% (7개)
5	944	139	ㆍ
5	944	183	리뷰 (7)
5	1045	36	날치알톡톡김밥
5	1099	36	6,000원
5	1157	63	86% (14개)
5	1157	149	ㆍ
5	1157	193	리뷰 (12)
5	1258	36	통새우김밥
5	1312	36	5,800원
5	1370	63	100% (8개)
5	1370	149	ㆍ
5	1370	193	리뷰 (7)
5	1441	121	지금 와우 가입하면 배달비 0원 + 25,000원 쿠폰
5	1458	781	가입하기
5	1471	36	메가김밥
5	1525	36	12,000원
5	1556	24	배달비 0원 + 1,000원 즉시할인
5	1583	63	100% (16개)
5	1583	159	ㆍ
5	1583	203	리뷰 (5)
6	0	0	100% (7개)
6	0	0	ㆍ
6	0	0	리뷰 (5)
6	0	0	소불고기김밥
6	66	155	얌샘김밥 삼성점 내 메뉴를 찾아보세요
6	131	36	진미오징어채김밥
6	151	78	&#128293; 인기메뉴
6	151	212	김밥
6	151	316	스페셜
6	151	442	분식
6	151	546	식사
6	151	650	계절메뉴
6	151	798	사이드
6	182	51	3 / 3
6	185	36	5,300원
6	243	63	95% (39개)
6	243	149	ㆍ
6	243	193	리뷰 (28)
6	248	349	얌샘김밥 삼성점
6	298	412	4.7(334)
6	344	36	돈까스김밥
6	398	36	5,800원
6	456	63	86% (7개)
6	456	139	ㆍ
6	456	183	리뷰 (7)
6	557	36	날치알톡톡김밥
6	611	36	6,000원
6	669	63	86% (14개)
6	669	149	ㆍ
6	669	193	리뷰 (12)
6	770	36	통새우김밥
6	824	36	5,800원
6	882	63	100% (8개)
6	882	149	ㆍ
6	882	193	리뷰 (7)
6	983	36	메가김밥
6	1037	36	12,000원
6	1095	63	100% (16개)
6	1095	159	ㆍ
6	1095	203	리뷰 (5)
6	1196	36	땡초멸치김밥
6	1250	36	5,800원
6	1308	63	88% (17개)
6	1308	149	ㆍ
6	1308	193	리뷰 (7)
6	1409	36	제육김밥
6	1441	121	지금 와우 가입하면 배달비 0원 + 25,000원 쿠폰
6	1458	781	가입하기
6	1463	36	5,800원
6	1521	63	89% (9개)
6	1521	139	ㆍ
6	1521	183	리뷰 (4)
6	1556	24	배달비 0원 + 1,000원 즉시할인
7	0	0	90% (10개)
7	0	0	ㆍ
7	0	0	리뷰 (7)
7	66	155	얌샘김밥 삼성점 내 메뉴를 찾아보세요
7	69	36	날치알톡톡김밥
7	132	36	6,000원
7	151	78	&#128293; 인기메뉴
7	151	212	김밥
7	151	316	스페셜
7	151	442	분식
7	151	546	식사
7	151	650	계절메뉴
7	151	798	사이드
7	181	63	86% (14개)
7	181	149	ㆍ
7	181	193	리뷰 (12)
7	182	51	1 / 3
7	248	349	얌샘김밥 삼성점
7	282	36	통새우김밥
7	298	412	4.7(334)
7	336	36	5,800원
7	394	63	100% (8개)
7	394	149	ㆍ
7	394	193	리뷰 (7)
7	495	36	메가김밥
7	549	36	12,000원
7	607	63	100% (16개)
7	607	159	ㆍ
7	607	203	리뷰 (5)
7	708	36	땡초멸치김밥
7	762	36	5,800원
7	820	63	88% (17개)
7	820	149	ㆍ
7	820	193	리뷰 (7)
7	921	36	제육김밥
7	975	36	5,800원
7	1033	63	89% (9개)
7	1033	139	ㆍ
7	1033	183	리뷰 (4)
7	1134	36	소불고기김밥
7	1188	36	6,500원
7	1246	63	100% (7개)
7	1246	149	ㆍ
7	1246	193	리뷰 (5)
7	1356	36	묵은지김밥
7	1404	36	4,800원
7	1441	121	지금 와우 가입하면 배달비 0원 + 25,000원 쿠폰
7	1458	781	가입하기
7	1504	63	100% (2개)
7	1504	149	ㆍ
7	1504	193	리뷰 (1)
7	1556	24	배달비 0원 + 1,000원 즉시할인
7	1589	36	묵은지참치김밥
8	6	36	메가김밥
8	66	155	얌샘김밥 삼성점 내 메뉴를 찾아보세요
8	118	63	100% (16개)
8	118	159	ㆍ
8	118	203	리뷰 (5)
8	151	78	&#128293; 인기메뉴
8	151	212	김밥
8	151	316	스페셜
8	151	442	분식
8	151	546	식사
8	151	650	계절메뉴
8	151	798	사이드
8	182	51	2 / 3
8	219	36	땡초멸치김밥
8	248	349	얌샘김밥 삼성점
8	273	36	5,800원
8	298	412	4.7(334)
8	331	63	88% (17개)
8	331	149	ㆍ
8	331	193	리뷰 (7)
8	432	36	제육김밥
8	486	36	5,800원
8	544	63	89% (9개)
8	544	139	ㆍ
8	544	183	리뷰 (4)
8	645	36	소불고기김밥
8	699	36	6,500원
8	757	63	100% (7개)
8	757	149	ㆍ
8	757	193	리뷰 (5)
8	867	36	묵은지김밥
8	915	36	4,800원
8	1015	63	100% (2개)
8	1015	149	ㆍ
8	1015	193	리뷰 (1)
8	1100	36	묵은지참치김밥
8	1148	36	5,800원
8	1248	63	90% (10개)
8	1248	149	ㆍ
8	1248	193	리뷰 (7)
8	1352	42	스페셜
8	1434	36	모다기
8	1441	121	지금 와우 가입하면 배달비 0원 + 25,000원 쿠폰
8	1458	781	가입하기
8	1488	36	9,800원
8	1546	63	100% (6개)
8	1546	149	ㆍ
8	1546	193	리뷰 (2)
8	1556	24	배달비 0원 + 1,000원 즉시할인
9	0	0	제육김밥
9	59	63	89% (9개)
9	59	139	ㆍ
9	59	183	리뷰 (4)
9	66	155	얌샘김밥 삼성점 내 메뉴를 찾아보세요
9	151	78	&#128293; 인기메뉴
9	151	212	김밥
9	151	316	스페셜
9	151	442	분식
9	151	546	식사
9	151	650	계절메뉴
9	151	798	사이드
9	160	36	소불고기김밥
9	182	51	3 / 3
9	214	36	6,500원
9	248	349	얌샘김밥 삼성점
9	272	63	100% (7개)
9	272	149	ㆍ
9	272	193	리뷰 (5)
9	298	412	4.7(334)
9	382	36	묵은지김밥
9	430	36	4,800원
9	530	63	100% (2개)
9	530	149	ㆍ
9	530	193	리뷰 (1)
9	615	36	묵은지참치김밥
9	663	36	5,800원
9	763	63	90% (10개)
9	763	149	ㆍ
9	763	193	리뷰 (7)
9	867	42	스페셜
9	949	36	모다기
9	1003	36	9,800원
9	1061	63	100% (6개)
9	1061	149	ㆍ
9	1061	193	리뷰 (2)
9	1162	36	라돈모다기
9	1216	36	11,000원
9	1274	63	100% (12개)
9	1274	159	ㆍ
9	1274	203	리뷰 (3)
9	1375	36	비빔모다기
9	1429	36	9,800원
9	1441	121	지금 와우 가입하면 배달비 0원 + 25,000원 쿠폰
9	1458	781	가입하기
9	1487	63	100% (1개)
9	1487	149	ㆍ
9	1487	193	리뷰 (2)
9	1556	24	배달비 0원 + 1,000원 즉시할인
10	66	155	얌샘김밥 삼성점 내 메뉴를 찾아보세요
10	120	36	묵은지참치김밥
10	151	78	&#128293; 인기메뉴
10	151	212	김밥
10	151	316	스페셜
10	151	442	분식
10	151	546	식사
10	151	650	계절메뉴
10	151	798	사이드
10	168	36	5,800원
10	182	51	1 / 3
10	248	349	얌샘김밥 삼성점
10	268	63	90% (10개)
10	268	149	ㆍ
10	268	193	리뷰 (7)
10	298	412	4.7(334)
10	372	42	스페셜
10	454	36	모다기
10	508	36	9,800원
10	566	63	100% (6개)
10	566	149	ㆍ
10	566	193	리뷰 (2)
10	667	36	라돈모다기
10	721	36	11,000원
10	779	63	100% (12개)
10	779	159	ㆍ
10	779	203	리뷰 (3)
10	880	36	비빔모다기
10	934	36	9,800원
10	992	63	100% (1개)
10	992	149	ㆍ
10	992	193	리뷰 (2)
10	1123	42	분식
10	1205	36	떡볶이
10	1259	36	6,000원
10	1317	63	92% (12개)
10	1317	149	ㆍ
10	1317	193	리뷰 (9)
10	1418	36	라볶이
10	1441	121	지금 와우 가입하면 배달비 0원 + 25,000원 쿠폰
10	1458	781	가입하기
10	1472	36	7,000원
10	1530	63	85% (13개)
10	1530	149	ㆍ
10	1530	193	리뷰 (17)
10	1556	24	배달비 0원 + 1,000원 즉시할인
11	0	0	100% (10개)
11	0	0	ㆍ
11	0	0	리뷰 (10)
11	0	36	모다기
11	66	155	얌샘김밥 삼성점 내 메뉴를 찾아보세요
11	78	63	100% (6개)
11	78	149	ㆍ
11	78	193	리뷰 (2)
11	151	78	&#128293; 인기메뉴
11	151	212	김밥
11	151	316	스페셜
11	151	442	분식
11	151	546	식사
11	151	650	계절메뉴
11	151	798	사이드
11	179	36	라돈모다기
11	182	51	2 / 3
11	233	36	11,000원
11	248	349	얌샘김밥 삼성점
11	291	63	100% (12개)
11	291	159	ㆍ
11	291	203	리뷰 (3)
11	298	412	4.7(334)
11	392	36	비빔모다기
11	446	36	9,800원
11	504	63	100% (1개)
11	504	149	ㆍ
11	504	193	리뷰 (2)
11	635	42	분식
11	717	36	떡볶이
11	771	36	6,000원
11	829	63	92% (12개)
11	829	149	ㆍ
11	829	193	리뷰 (9)
11	930	36	라볶이
11	984	36	7,000원
11	1042	63	85% (13개)
11	1042	149	ㆍ
11	1042	193	리뷰 (17)
11	1143	36	유부우동
11	1197	36	6,000원
11	1255	63	100% (4개)
11	1255	149	ㆍ
11	1255	193	리뷰 (5)
11	1356	36	비빔쫄면
11	1410	36	7,500원
11	1441	121	지금 와우 가입하면 배달비 0원 + 25,000원 쿠폰
11	1458	781	가입하기
11	1468	63	100% (12개)
11	1468	159	ㆍ
11	1468	203	리뷰 (10)
11	1556	24	배달비 0원 + 1,000원 즉시할인
11	1569	36	물쫄면
12	0	0	100% (2개)
12	0	0	ㆍ
12	0	0	리뷰 (1)
12	0	0	치즈돈까스
12	66	155	얌샘김밥 삼성점 내 메뉴를 찾아보세요
12	146	42	분식
12	151	78	&#128293; 인기메뉴
12	151	212	김밥
12	151	316	스페셜
12	151	442	분식
12	151	546	식사
12	151	650	계절메뉴
12	151	798	사이드
12	182	51	3 / 3
12	228	36	떡볶이
12	248	349	얌샘김밥 삼성점
12	282	36	6,000원
12	298	412	4.7(334)
12	340	63	92% (12개)
12	340	149	ㆍ
12	340	193	리뷰 (9)
12	441	36	라볶이
12	495	36	7,000원
12	553	63	85% (13개)
12	553	149	ㆍ
12	553	193	리뷰 (17)
12	654	36	유부우동
12	708	36	6,000원
12	766	63	100% (4개)
12	766	149	ㆍ
12	766	193	리뷰 (5)
12	867	36	비빔쫄면
12	921	36	7,500원
12	979	63	100% (12개)
12	979	159	ㆍ
12	979	203	리뷰 (10)
12	1080	36	물쫄면
12	1134	36	7,800원
12	1192	63	100% (10개)
12	1192	159	ㆍ
12	1192	203	리뷰 (10)
12	1323	42	식사
12	1405	36	생등심돈까스
12	1441	121	지금 와우 가입하면 배달비 0원 + 25,000원 쿠폰
12	1458	781	가입하기
12	1459	36	9,800원
12	1517	63	100% (6개)
12	1517	149	ㆍ
12	1517	193	리뷰 (3)
12	1556	24	배달비 0원 + 1,000원 즉시할인
13	0	0	100% (6개)
13	0	0	ㆍ
13	0	0	라볶이
13	0	0	리뷰 (4)
13	57	63	85% (13개)
13	57	149	ㆍ
13	57	193	리뷰 (17)
13	66	155	얌샘김밥 삼성점 내 메뉴를 찾아보세요
13	151	78	&#128293; 인기메뉴
13	151	212	김밥
13	151	316	스페셜
13	151	442	분식
13	151	546	식사
13	151	650	계절메뉴
13	151	798	사이드
13	158	36	유부우동
13	182	51	1 / 3
13	212	36	6,000원
13	248	349	얌샘김밥 삼성점
13	270	63	100% (4개)
13	270	149	ㆍ
13	270	193	리뷰 (5)
13	298	412	4.7(334)
13	371	36	비빔쫄면
13	425	36	7,500원
13	483	63	100% (12개)
13	483	159	ㆍ
13	483	203	리뷰 (10)
13	584	36	물쫄면
13	638	36	7,800원
13	696	63	100% (10개)
13	696	159	ㆍ
13	696	203	리뷰 (10)
13	827	42	식사
13	909	36	생등심돈까스
13	963	36	9,800원
13	1021	63	100% (6개)
13	1021	149	ㆍ
13	1021	193	리뷰 (3)
13	1122	36	치즈돈까스
13	1176	36	11,500원
13	1234	63	100% (2개)
13	1234	149	ㆍ
13	1234	193	리뷰 (1)
13	1335	36	오므라이스
13	1389	36	8,800원
13	1441	121	지금 와우 가입하면 배달비 0원 + 25,000원 쿠폰
13	1447	63	리뷰 (2)
13	1458	781	가입하기
13	1548	36	돈까스김치오므라이스
13	1556	24	배달비 0원 + 1,000원 즉시할인
14	66	155	얌샘김밥 삼성점 내 메뉴를 찾아보세요
14	96	36	물쫄면
14	150	36	7,800원
14	151	78	&#128293; 인기메뉴
14	151	212	김밥
14	151	316	스페셜
14	151	442	분식
14	151	546	식사
14	151	650	계절메뉴
14	151	798	사이드
14	182	51	2 / 3
14	208	63	100% (10개)
14	208	159	ㆍ
14	208	203	리뷰 (10)
14	248	349	얌샘김밥 삼성점
14	298	412	4.7(334)
14	339	42	식사
14	421	36	생등심돈까스
14	475	36	9,800원
14	533	63	100% (6개)
14	533	149	ㆍ
14	533	193	리뷰 (3)
14	634	36	치즈돈까스
14	688	36	11,500원
14	746	63	100% (2개)
14	746	149	ㆍ
14	746	193	리뷰 (1)
14	847	36	오므라이스
14	901	36	8,800원
14	959	63	리뷰 (2)
14	1060	36	돈까스김치오므라이스
14	1114	36	11,000원
14	1172	63	100% (6개)
14	1172	149	ㆍ
14	1172	193	리뷰 (4)
14	1273	36	제육덮밥
14	1327	36	8,800원
14	1385	63	100% (9개)
14	1385	149	ㆍ
14	1385	193	리뷰 (4)
14	1441	121	지금 와우 가입하면 배달비 0원 + 25,000원 쿠폰
14	1458	781	가입하기
14	1486	36	스팸계란덮밥
14	1540	36	8,500원
14	1556	24	배달비 0원 + 1,000원 즉시할인
14	1598	63	100% (2개)
14	1598	149	ㆍ
14	1598	193	리뷰 (1)
15	66	155	얌샘김밥 삼성점 내 메뉴를 찾아보세요
15	148	36	치즈돈까스
15	151	78	&#128293; 인기메뉴
15	151	212	김밥
15	151	316	스페셜
15	151	442	분식
15	151	546	식사
15	151	650	계절메뉴
15	151	798	사이드
15	182	51	3 / 3
15	202	36	11,500원
15	248	349	얌샘김밥 삼성점
15	260	63	100% (2개)
15	260	149	ㆍ
15	260	193	리뷰 (1)
15	298	412	4.7(334)
15	361	36	오므라이스
15	415	36	8,800원
15	473	63	리뷰 (2)
15	574	36	돈까스김치오므라이스
15	628	36	11,000원
15	686	63	100% (6개)
15	686	149	ㆍ
15	686	193	리뷰 (4)
15	787	36	제육덮밥
15	841	36	8,800원
15	899	63	100% (9개)
15	899	149	ㆍ
15	899	193	리뷰 (4)
15	1000	36	스팸계란덮밥
15	1054	36	8,500원
15	1112	63	100% (2개)
15	1112	149	ㆍ
15	1112	193	리뷰 (1)
15	1213	36	김치찌개 & 비빔
15	1267	36	9,000원
15	1325	63	100% (3개)
15	1325	149	ㆍ
15	1325	193	리뷰 (1)
15	1426	36	순두부찌개 & 비빔
15	1441	121	지금 와우 가입하면 배달비 0원 + 25,000원 쿠폰
15	1458	781	가입하기
15	1480	36	8,500원
15	1538	63	100% (8개)
15	1538	149	ㆍ
15	1538	193	리뷰 (6)
15	1556	24	배달비 0원 + 1,000원 즉시할인
16	0	0	100% (6개)
16	0	0	ㆍ
16	0	0	리뷰 (3)
16	66	155	얌샘김밥 삼성점 내 메뉴를 찾아보세요
16	85	36	돈까스김치오므라이스
16	139	36	11,000원
16	151	78	&#128293; 인기메뉴
16	151	212	김밥
16	151	316	스페셜
16	151	442	분식
16	151	546	식사
16	151	650	계절메뉴
16	151	798	사이드
16	182	51	1 / 3
16	197	63	100% (6개)
16	197	149	ㆍ
16	197	193	리뷰 (4)
16	248	349	얌샘김밥 삼성점
16	298	36	제육덮밥
16	298	412	4.7(334)
16	352	36	8,800원
16	410	63	100% (9개)
16	410	149	ㆍ
16	410	193	리뷰 (4)
16	511	36	스팸계란덮밥
16	565	36	8,500원
16	623	63	100% (2개)
16	623	149	ㆍ
16	623	193	리뷰 (1)
16	724	36	김치찌개 & 비빔
16	778	36	9,000원
16	836	63	100% (3개)
16	836	149	ㆍ
16	836	193	리뷰 (1)
16	937	36	순두부찌개 & 비빔
16	991	36	8,500원
16	1049	63	100% (8개)
16	1049	149	ㆍ
16	1049	193	리뷰 (6)
16	1150	36	차돌된장찌개 & 비빔
16	1204	36	9,500원
16	1262	63	100% (4개)
16	1262	149	ㆍ
16	1262	193	리뷰 (3)
16	1363	36	돈까스 김치찌개
16	1417	36	9,800원
16	1441	121	지금 와우 가입하면 배달비 0원 + 25,000원 쿠폰
16	1458	781	가입하기
16	1556	24	배달비 0원 + 1,000원 즉시할인
16	1576	36	스팸김치볶음밥
17	0	0	100% (2개)
17	24	36	스팸계란덮밥
17	66	155	얌샘김밥 삼성점 내 메뉴를 찾아보세요
17	136	63	100% (2개)
17	136	149	ㆍ
17	136	193	리뷰 (1)
17	151	78	&#128293; 인기메뉴
17	151	212	김밥
17	151	316	스페셜
17	151	442	분식
17	151	546	식사
17	151	650	계절메뉴
17	151	798	사이드
17	182	51	2 / 3
17	237	36	김치찌개 & 비빔
17	248	349	얌샘김밥 삼성점
17	291	36	9,000원
17	298	412	4.7(334)
17	349	63	100% (3개)
17	349	149	ㆍ
17	349	193	리뷰 (1)
17	450	36	순두부찌개 & 비빔
17	504	36	8,500원
17	562	63	100% (8개)
17	562	149	ㆍ
17	562	193	리뷰 (6)
17	663	36	차돌된장찌개 & 비빔
17	717	36	9,500원
17	775	63	100% (4개)
17	775	149	ㆍ
17	775	193	리뷰 (3)
17	876	36	돈까스 김치찌개
17	930	36	9,800원
17	1089	36	스팸김치볶음밥
17	1143	36	8,800원
17	1201	63	100% (6개)
17	1201	149	ㆍ
17	1201	193	리뷰 (3)
17	1302	36	낙지듬뿍덮밥
17	1356	36	11,000원
17	1414	63	100% (1개)
17	1414	149	ㆍ
17	1414	193	리뷰 (2)
17	1441	121	지금 와우 가입하면 배달비 0원 + 25,000원 쿠폰
17	1458	781	가입하기
17	1515	36	소불고기덮밥
17	1556	24	배달비 0원 + 1,000원 즉시할인
17	1569	36	9,800원
18	0	0	순두부찌개 & 비빔
18	66	155	얌샘김밥 삼성점 내 메뉴를 찾아보세요
18	73	63	100% (8개)
18	73	149	ㆍ
18	73	193	리뷰 (6)
18	151	78	&#128293; 인기메뉴
18	151	212	김밥
18	151	316	스페셜
18	151	442	분식
18	151	546	식사
18	151	650	계절메뉴
18	151	798	사이드
18	174	36	차돌된장찌개 & 비빔
18	182	51	3 / 3
18	228	36	9,500원
18	248	349	얌샘김밥 삼성점
18	286	63	100% (4개)
18	286	149	ㆍ
18	286	193	리뷰 (3)
18	298	412	4.7(334)
18	387	36	돈까스 김치찌개
18	441	36	9,800원
18	600	36	스팸김치볶음밥
18	654	36	8,800원
18	712	63	100% (6개)
18	712	149	ㆍ
18	712	193	리뷰 (3)
18	813	36	낙지듬뿍덮밥
18	867	36	11,000원
18	925	63	100% (1개)
18	925	149	ㆍ
18	925	193	리뷰 (2)
18	1026	36	소불고기덮밥
18	1080	36	9,800원
18	1138	63	100% (2개)
18	1269	42	계절메뉴
18	1360	36	사골떡만둣국
18	1408	36	9,000원
18	1441	121	지금 와우 가입하면 배달비 0원 + 25,000원 쿠폰
18	1458	781	가입하기
18	1508	63	100% (9개)
18	1508	149	ㆍ
18	1508	193	리뷰 (1)
18	1556	24	배달비 0원 + 1,000원 즉시할인
19	66	155	얌샘김밥 삼성점 내 메뉴를 찾아보세요
19	113	36	스팸김치볶음밥
19	151	78	&#128293; 인기메뉴
19	151	212	김밥
19	151	316	스페셜
19	151	442	분식
19	151	546	식사
19	151	650	계절메뉴
19	151	798	사이드
19	167	36	8,800원
19	182	51	1 / 3
19	225	63	100% (6개)
19	225	149	ㆍ
19	225	193	리뷰 (3)
19	248	349	얌샘김밥 삼성점
19	298	412	4.7(334)
19	326	36	낙지듬뿍덮밥
19	380	36	11,000원
19	438	63	100% (1개)
19	438	149	ㆍ
19	438	193	리뷰 (2)
19	539	36	소불고기덮밥
19	593	36	9,800원
19	651	63	100% (2개)
19	782	42	계절메뉴
19	873	36	사골떡만둣국
19	921	36	9,000원
19	1021	63	100% (9개)
19	1021	149	ㆍ
19	1021	193	리뷰 (1)
19	1125	42	사이드
19	1207	36	어묵탕
19	1261	36	6,000원
19	1319	63	100% (12개)
19	1319	159	ㆍ
19	1319	203	리뷰 (8)
19	1420	36	모둠튀김
19	1441	121	지금 와우 가입하면 배달비 0원 + 25,000원 쿠폰
19	1458	781	가입하기
19	1474	36	6,000원
19	1532	63	100% (5개)
19	1532	149	ㆍ
19	1532	193	리뷰 (4)
19	1556	24	배달비 0원 + 1,000원 즉시할인
20	0	0	100% (2개)
20	0	0	ㆍ
20	0	0	리뷰 (5)
20	52	36	소불고기덮밥
20	66	155	얌샘김밥 삼성점 내 메뉴를 찾아보세요
20	132	36	9,800원
20	151	78	&#128293; 인기메뉴
20	151	212	김밥
20	151	316	스페셜
20	151	442	분식
20	151	546	식사
20	151	650	계절메뉴
20	151	798	사이드
20	164	63	100% (2개)
20	182	51	2 / 3
20	248	349	얌샘김밥 삼성점
20	295	42	계절메뉴
20	298	412	4.7(334)
20	386	36	사골떡만둣국
20	434	36	9,000원
20	534	63	100% (9개)
20	534	149	ㆍ
20	534	193	리뷰 (1)
20	638	42	사이드
20	720	36	어묵탕
20	774	36	6,000원
20	832	63	100% (12개)
20	832	159	ㆍ
20	832	203	리뷰 (8)
20	933	36	모둠튀김
20	987	36	6,000원
20	1045	63	100% (5개)
20	1045	149	ㆍ
20	1045	193	리뷰 (4)
20	1155	36	얌샘감자(소)
20	1203	36	4,000원
20	1303	63	리뷰 (1)
20	1377	36	콜라
20	1431	36	2,000원
20	1441	121	지금 와우 가입하면 배달비 0원 + 25,000원 쿠폰
20	1458	781	가입하기
20	1489	63	100% (3개)
20	1489	149	ㆍ
20	1489	193	리뷰 (6)
20	1556	24	배달비 0원 + 1,000원 즉시할인
20	1590	36	사이다
21	66	155	얌샘김밥 삼성점 내 메뉴를 찾아보세요
21	149	42	사이드
21	151	78	&#128293; 인기메뉴
21	151	212	김밥
21	151	316	스페셜
21	151	442	분식
21	151	546	식사
21	151	650	계절메뉴
21	151	798	사이드
21	182	51	3 / 3
21	231	36	어묵탕
21	248	349	얌샘김밥 삼성점
21	285	36	6,000원
21	298	412	4.7(334)
21	343	63	100% (12개)
21	343	159	ㆍ
21	343	203	리뷰 (8)
21	444	36	모둠튀김
21	498	36	6,000원
21	556	63	100% (5개)
21	556	149	ㆍ
21	556	193	리뷰 (4)
21	666	36	얌샘감자(소)
21	714	36	4,000원
21	814	63	리뷰 (1)
21	888	36	콜라
21	942	36	2,000원
21	1000	63	100% (3개)
21	1000	149	ㆍ
21	1000	193	리뷰 (6)
21	1101	36	사이다
21	1155	36	2,000원
21	1213	63	100% (2개)
21	1213	149	ㆍ
21	1213	193	리뷰 (5)
21	1323	36	미니탕수육
21	1371	36	4,000원
21	1441	121	지금 와우 가입하면 배달비 0원 + 25,000원 쿠폰
21	1458	781	가입하기
21	1471	63	100% (9개)
21	1471	149	ㆍ
21	1471	193	리뷰 (6)
21	1556	24	배달비 0원 + 1,000원 즉시할인
21	1557	36	비슷한 분식 맛집 추천해요
21	1563	810	광고
